date key,full date,day of week,day num in month,day num overall,day name,day abbrev,weekday flag,week num in year,week num overall,week begin date,week begin date key,month,month num overall,month name,month abbrev,quarter,year,yearmo,fiscal month,fiscal quarter,fiscal year,month end flag,same day year ago
20130101,01/01/2013,2,1,1,Tuesday,Tue,Weekday,1,1,31/12/2012,20121231,1,1,January,Jan,1,2013,201301,7,3,2013,Not Month End,01/01/2012
20130102,02/01/2013,3,2,2,Wednesday,Wed,Weekday,1,1,31/12/2012,20121231,1,1,January,Jan,1,2013,201301,7,3,2013,Not Month End,02/01/2012
20130103,03/01/2013,4,3,3,Thursday,Thu,Weekday,1,1,31/12/2012,20121231,1,1,January,Jan,1,2013,201301,7,3,2013,Not Month End,03/01/2012
20130104,04/01/2013,5,4,4,Friday,Fri,Weekday,1,1,31/12/2012,20121231,1,1,January,Jan,1,2013,201301,7,3,2013,Not Month End,04/01/2012
20130105,05/01/2013,6,5,5,Saturday,Sat,Weekend,1,1,31/12/2012,20121231,1,1,January,Jan,1,2013,201301,7,3,2013,Not Month End,05/01/2012
20130106,06/01/2013,7,6,6,Sunday,Sun,Weekend,1,1,31/12/2012,20121231,1,1,January,Jan,1,2013,201301,7,3,2013,Not Month End,06/01/2012
20130107,07/01/2013,1,7,7,Monday,Mon,Weekday,2,2,07/01/2013,20130107,1,1,January,Jan,1,2013,201301,7,3,2013,Not Month End,07/01/2012
20130108,08/01/2013,2,8,8,Tuesday,Tue,Weekday,2,2,07/01/2013,20130107,1,1,January,Jan,1,2013,201301,7,3,2013,Not Month End,08/01/2012
20130109,09/01/2013,3,9,9,Wednesday,Wed,Weekday,2,2,07/01/2013,20130107,1,1,January,Jan,1,2013,201301,7,3,2013,Not Month End,09/01/2012
20130110,10/01/2013,4,10,10,Thursday,Thu,Weekday,2,2,07/01/2013,20130107,1,1,January,Jan,1,2013,201301,7,3,2013,Not Month End,10/01/2012
20130111,11/01/2013,5,11,11,Friday,Fri,Weekday,2,2,07/01/2013,20130107,1,1,January,Jan,1,2013,201301,7,3,2013,Not Month End,11/01/2012
20130112,12/01/2013,6,12,12,Saturday,Sat,Weekend,2,2,07/01/2013,20130107,1,1,January,Jan,1,2013,201301,7,3,2013,Not Month End,12/01/2012
20130113,13/01/2013,7,13,13,Sunday,Sun,Weekend,2,2,07/01/2013,20130107,1,1,January,Jan,1,2013,201301,7,3,2013,Not Month End,13/01/2012
20130114,14/01/2013,1,14,14,Monday,Mon,Weekday,3,3,14/01/2013,20130114,1,1,January,Jan,1,2013,201301,7,3,2013,Not Month End,14/01/2012
20130115,15/01/2013,2,15,15,Tuesday,Tue,Weekday,3,3,14/01/2013,20130114,1,1,January,Jan,1,2013,201301,7,3,2013,Not Month End,15/01/2012
20130116,16/01/2013,3,16,16,Wednesday,Wed,Weekday,3,3,14/01/2013,20130114,1,1,January,Jan,1,2013,201301,7,3,2013,Not Month End,16/01/2012
20130117,17/01/2013,4,17,17,Thursday,Thu,Weekday,3,3,14/01/2013,20130114,1,1,January,Jan,1,2013,201301,7,3,2013,Not Month End,17/01/2012
20130118,18/01/2013,5,18,18,Friday,Fri,Weekday,3,3,14/01/2013,20130114,1,1,January,Jan,1,2013,201301,7,3,2013,Not Month End,18/01/2012
20130119,19/01/2013,6,19,19,Saturday,Sat,Weekend,3,3,14/01/2013,20130114,1,1,January,Jan,1,2013,201301,7,3,2013,Not Month End,19/01/2012
20130120,20/01/2013,7,20,20,Sunday,Sun,Weekend,3,3,14/01/2013,20130114,1,1,January,Jan,1,2013,201301,7,3,2013,Not Month End,20/01/2012
20130121,21/01/2013,1,21,21,Monday,Mon,Weekday,4,4,21/01/2013,20130121,1,1,January,Jan,1,2013,201301,7,3,2013,Not Month End,21/01/2012
20130122,22/01/2013,2,22,22,Tuesday,Tue,Weekday,4,4,21/01/2013,20130121,1,1,January,Jan,1,2013,201301,7,3,2013,Not Month End,22/01/2012
20130123,23/01/2013,3,23,23,Wednesday,Wed,Weekday,4,4,21/01/2013,20130121,1,1,January,Jan,1,2013,201301,7,3,2013,Not Month End,23/01/2012
20130124,24/01/2013,4,24,24,Thursday,Thu,Weekday,4,4,21/01/2013,20130121,1,1,January,Jan,1,2013,201301,7,3,2013,Not Month End,24/01/2012
20130125,25/01/2013,5,25,25,Friday,Fri,Weekday,4,4,21/01/2013,20130121,1,1,January,Jan,1,2013,201301,7,3,2013,Not Month End,25/01/2012
20130126,26/01/2013,6,26,26,Saturday,Sat,Weekend,4,4,21/01/2013,20130121,1,1,January,Jan,1,2013,201301,7,3,2013,Not Month End,26/01/2012
20130127,27/01/2013,7,27,27,Sunday,Sun,Weekend,4,4,21/01/2013,20130121,1,1,January,Jan,1,2013,201301,7,3,2013,Not Month End,27/01/2012
20130128,28/01/2013,1,28,28,Monday,Mon,Weekday,5,5,28/01/2013,20130128,1,1,January,Jan,1,2013,201301,7,3,2013,Not Month End,28/01/2012
20130129,29/01/2013,2,29,29,Tuesday,Tue,Weekday,5,5,28/01/2013,20130128,1,1,January,Jan,1,2013,201301,7,3,2013,Not Month End,29/01/2012
20130130,30/01/2013,3,30,30,Wednesday,Wed,Weekday,5,5,28/01/2013,20130128,1,1,January,Jan,1,2013,201301,7,3,2013,Not Month End,30/01/2012
20130131,31/01/2013,4,31,31,Thursday,Thu,Weekday,5,5,28/01/2013,20130128,1,1,January,Jan,1,2013,201301,7,3,2013,Month End,31/01/2012
20130201,01/02/2013,5,1,32,Friday,Fri,Weekday,5,5,28/01/2013,20130128,2,2,February,Feb,1,2013,201302,8,3,2013,Not Month End,01/02/2012
20130202,02/02/2013,6,2,33,Saturday,Sat,Weekend,5,5,28/01/2013,20130128,2,2,February,Feb,1,2013,201302,8,3,2013,Not Month End,02/02/2012
20130203,03/02/2013,7,3,34,Sunday,Sun,Weekend,5,5,28/01/2013,20130128,2,2,February,Feb,1,2013,201302,8,3,2013,Not Month End,03/02/2012
20130204,04/02/2013,1,4,35,Monday,Mon,Weekday,6,6,04/02/2013,20130204,2,2,February,Feb,1,2013,201302,8,3,2013,Not Month End,04/02/2012
20130205,05/02/2013,2,5,36,Tuesday,Tue,Weekday,6,6,04/02/2013,20130204,2,2,February,Feb,1,2013,201302,8,3,2013,Not Month End,05/02/2012
20130206,06/02/2013,3,6,37,Wednesday,Wed,Weekday,6,6,04/02/2013,20130204,2,2,February,Feb,1,2013,201302,8,3,2013,Not Month End,06/02/2012
20130207,07/02/2013,4,7,38,Thursday,Thu,Weekday,6,6,04/02/2013,20130204,2,2,February,Feb,1,2013,201302,8,3,2013,Not Month End,07/02/2012
20130208,08/02/2013,5,8,39,Friday,Fri,Weekday,6,6,04/02/2013,20130204,2,2,February,Feb,1,2013,201302,8,3,2013,Not Month End,08/02/2012
20130209,09/02/2013,6,9,40,Saturday,Sat,Weekend,6,6,04/02/2013,20130204,2,2,February,Feb,1,2013,201302,8,3,2013,Not Month End,09/02/2012
20130210,10/02/2013,7,10,41,Sunday,Sun,Weekend,6,6,04/02/2013,20130204,2,2,February,Feb,1,2013,201302,8,3,2013,Not Month End,10/02/2012
20130211,11/02/2013,1,11,42,Monday,Mon,Weekday,7,7,11/02/2013,20130211,2,2,February,Feb,1,2013,201302,8,3,2013,Not Month End,11/02/2012
20130212,12/02/2013,2,12,43,Tuesday,Tue,Weekday,7,7,11/02/2013,20130211,2,2,February,Feb,1,2013,201302,8,3,2013,Not Month End,12/02/2012
20130213,13/02/2013,3,13,44,Wednesday,Wed,Weekday,7,7,11/02/2013,20130211,2,2,February,Feb,1,2013,201302,8,3,2013,Not Month End,13/02/2012
20130214,14/02/2013,4,14,45,Thursday,Thu,Weekday,7,7,11/02/2013,20130211,2,2,February,Feb,1,2013,201302,8,3,2013,Not Month End,14/02/2012
20130215,15/02/2013,5,15,46,Friday,Fri,Weekday,7,7,11/02/2013,20130211,2,2,February,Feb,1,2013,201302,8,3,2013,Not Month End,15/02/2012
20130216,16/02/2013,6,16,47,Saturday,Sat,Weekend,7,7,11/02/2013,20130211,2,2,February,Feb,1,2013,201302,8,3,2013,Not Month End,16/02/2012
20130217,17/02/2013,7,17,48,Sunday,Sun,Weekend,7,7,11/02/2013,20130211,2,2,February,Feb,1,2013,201302,8,3,2013,Not Month End,17/02/2012
20130218,18/02/2013,1,18,49,Monday,Mon,Weekday,8,8,18/02/2013,20130218,2,2,February,Feb,1,2013,201302,8,3,2013,Not Month End,18/02/2012
20130219,19/02/2013,2,19,50,Tuesday,Tue,Weekday,8,8,18/02/2013,20130218,2,2,February,Feb,1,2013,201302,8,3,2013,Not Month End,19/02/2012
20130220,20/02/2013,3,20,51,Wednesday,Wed,Weekday,8,8,18/02/2013,20130218,2,2,February,Feb,1,2013,201302,8,3,2013,Not Month End,20/02/2012
20130221,21/02/2013,4,21,52,Thursday,Thu,Weekday,8,8,18/02/2013,20130218,2,2,February,Feb,1,2013,201302,8,3,2013,Not Month End,21/02/2012
20130222,22/02/2013,5,22,53,Friday,Fri,Weekday,8,8,18/02/2013,20130218,2,2,February,Feb,1,2013,201302,8,3,2013,Not Month End,22/02/2012
20130223,23/02/2013,6,23,54,Saturday,Sat,Weekend,8,8,18/02/2013,20130218,2,2,February,Feb,1,2013,201302,8,3,2013,Not Month End,23/02/2012
20130224,24/02/2013,7,24,55,Sunday,Sun,Weekend,8,8,18/02/2013,20130218,2,2,February,Feb,1,2013,201302,8,3,2013,Not Month End,24/02/2012
20130225,25/02/2013,1,25,56,Monday,Mon,Weekday,9,9,25/02/2013,20130225,2,2,February,Feb,1,2013,201302,8,3,2013,Not Month End,25/02/2012
20130226,26/02/2013,2,26,57,Tuesday,Tue,Weekday,9,9,25/02/2013,20130225,2,2,February,Feb,1,2013,201302,8,3,2013,Not Month End,26/02/2012
20130227,27/02/2013,3,27,58,Wednesday,Wed,Weekday,9,9,25/02/2013,20130225,2,2,February,Feb,1,2013,201302,8,3,2013,Not Month End,27/02/2012
20130228,28/02/2013,4,28,59,Thursday,Thu,Weekday,9,9,25/02/2013,20130225,2,2,February,Feb,1,2013,201302,8,3,2013,Month End,28/02/2012
20130301,01/03/2013,5,1,60,Friday,Fri,Weekday,9,9,25/02/2013,20130225,3,3,March,Mar,1,2013,201303,9,3,2013,Not Month End,01/03/2012
20130302,02/03/2013,6,2,61,Saturday,Sat,Weekend,9,9,25/02/2013,20130225,3,3,March,Mar,1,2013,201303,9,3,2013,Not Month End,02/03/2012
20130303,03/03/2013,7,3,62,Sunday,Sun,Weekend,9,9,25/02/2013,20130225,3,3,March,Mar,1,2013,201303,9,3,2013,Not Month End,03/03/2012
20130304,04/03/2013,1,4,63,Monday,Mon,Weekday,10,10,04/03/2013,20130304,3,3,March,Mar,1,2013,201303,9,3,2013,Not Month End,04/03/2012
20130305,05/03/2013,2,5,64,Tuesday,Tue,Weekday,10,10,04/03/2013,20130304,3,3,March,Mar,1,2013,201303,9,3,2013,Not Month End,05/03/2012
20130306,06/03/2013,3,6,65,Wednesday,Wed,Weekday,10,10,04/03/2013,20130304,3,3,March,Mar,1,2013,201303,9,3,2013,Not Month End,06/03/2012
20130307,07/03/2013,4,7,66,Thursday,Thu,Weekday,10,10,04/03/2013,20130304,3,3,March,Mar,1,2013,201303,9,3,2013,Not Month End,07/03/2012
20130308,08/03/2013,5,8,67,Friday,Fri,Weekday,10,10,04/03/2013,20130304,3,3,March,Mar,1,2013,201303,9,3,2013,Not Month End,08/03/2012
20130309,09/03/2013,6,9,68,Saturday,Sat,Weekend,10,10,04/03/2013,20130304,3,3,March,Mar,1,2013,201303,9,3,2013,Not Month End,09/03/2012
20130310,10/03/2013,7,10,69,Sunday,Sun,Weekend,10,10,04/03/2013,20130304,3,3,March,Mar,1,2013,201303,9,3,2013,Not Month End,10/03/2012
20130311,11/03/2013,1,11,70,Monday,Mon,Weekday,11,11,11/03/2013,20130311,3,3,March,Mar,1,2013,201303,9,3,2013,Not Month End,11/03/2012
20130312,12/03/2013,2,12,71,Tuesday,Tue,Weekday,11,11,11/03/2013,20130311,3,3,March,Mar,1,2013,201303,9,3,2013,Not Month End,12/03/2012
20130313,13/03/2013,3,13,72,Wednesday,Wed,Weekday,11,11,11/03/2013,20130311,3,3,March,Mar,1,2013,201303,9,3,2013,Not Month End,13/03/2012
20130314,14/03/2013,4,14,73,Thursday,Thu,Weekday,11,11,11/03/2013,20130311,3,3,March,Mar,1,2013,201303,9,3,2013,Not Month End,14/03/2012
20130315,15/03/2013,5,15,74,Friday,Fri,Weekday,11,11,11/03/2013,20130311,3,3,March,Mar,1,2013,201303,9,3,2013,Not Month End,15/03/2012
20130316,16/03/2013,6,16,75,Saturday,Sat,Weekend,11,11,11/03/2013,20130311,3,3,March,Mar,1,2013,201303,9,3,2013,Not Month End,16/03/2012
20130317,17/03/2013,7,17,76,Sunday,Sun,Weekend,11,11,11/03/2013,20130311,3,3,March,Mar,1,2013,201303,9,3,2013,Not Month End,17/03/2012
20130318,18/03/2013,1,18,77,Monday,Mon,Weekday,12,12,18/03/2013,20130318,3,3,March,Mar,1,2013,201303,9,3,2013,Not Month End,18/03/2012
20130319,19/03/2013,2,19,78,Tuesday,Tue,Weekday,12,12,18/03/2013,20130318,3,3,March,Mar,1,2013,201303,9,3,2013,Not Month End,19/03/2012
20130320,20/03/2013,3,20,79,Wednesday,Wed,Weekday,12,12,18/03/2013,20130318,3,3,March,Mar,1,2013,201303,9,3,2013,Not Month End,20/03/2012
20130321,21/03/2013,4,21,80,Thursday,Thu,Weekday,12,12,18/03/2013,20130318,3,3,March,Mar,1,2013,201303,9,3,2013,Not Month End,21/03/2012
20130322,22/03/2013,5,22,81,Friday,Fri,Weekday,12,12,18/03/2013,20130318,3,3,March,Mar,1,2013,201303,9,3,2013,Not Month End,22/03/2012
20130323,23/03/2013,6,23,82,Saturday,Sat,Weekend,12,12,18/03/2013,20130318,3,3,March,Mar,1,2013,201303,9,3,2013,Not Month End,23/03/2012
20130324,24/03/2013,7,24,83,Sunday,Sun,Weekend,12,12,18/03/2013,20130318,3,3,March,Mar,1,2013,201303,9,3,2013,Not Month End,24/03/2012
20130325,25/03/2013,1,25,84,Monday,Mon,Weekday,13,13,25/03/2013,20130325,3,3,March,Mar,1,2013,201303,9,3,2013,Not Month End,25/03/2012
20130326,26/03/2013,2,26,85,Tuesday,Tue,Weekday,13,13,25/03/2013,20130325,3,3,March,Mar,1,2013,201303,9,3,2013,Not Month End,26/03/2012
20130327,27/03/2013,3,27,86,Wednesday,Wed,Weekday,13,13,25/03/2013,20130325,3,3,March,Mar,1,2013,201303,9,3,2013,Not Month End,27/03/2012
20130328,28/03/2013,4,28,87,Thursday,Thu,Weekday,13,13,25/03/2013,20130325,3,3,March,Mar,1,2013,201303,9,3,2013,Not Month End,28/03/2012
20130329,29/03/2013,5,29,88,Friday,Fri,Weekday,13,13,25/03/2013,20130325,3,3,March,Mar,1,2013,201303,9,3,2013,Not Month End,29/03/2012
20130330,30/03/2013,6,30,89,Saturday,Sat,Weekend,13,13,25/03/2013,20130325,3,3,March,Mar,1,2013,201303,9,3,2013,Not Month End,30/03/2012
20130331,31/03/2013,7,31,90,Sunday,Sun,Weekend,13,13,25/03/2013,20130325,3,3,March,Mar,1,2013,201303,9,3,2013,Month End,31/03/2012
20130401,01/04/2013,1,1,91,Monday,Mon,Weekday,14,14,01/04/2013,20130401,4,4,April,Apr,2,2013,201304,10,4,2013,Not Month End,01/04/2012
20130402,02/04/2013,2,2,92,Tuesday,Tue,Weekday,14,14,01/04/2013,20130401,4,4,April,Apr,2,2013,201304,10,4,2013,Not Month End,02/04/2012
20130403,03/04/2013,3,3,93,Wednesday,Wed,Weekday,14,14,01/04/2013,20130401,4,4,April,Apr,2,2013,201304,10,4,2013,Not Month End,03/04/2012
20130404,04/04/2013,4,4,94,Thursday,Thu,Weekday,14,14,01/04/2013,20130401,4,4,April,Apr,2,2013,201304,10,4,2013,Not Month End,04/04/2012
20130405,05/04/2013,5,5,95,Friday,Fri,Weekday,14,14,01/04/2013,20130401,4,4,April,Apr,2,2013,201304,10,4,2013,Not Month End,05/04/2012
20130406,06/04/2013,6,6,96,Saturday,Sat,Weekend,14,14,01/04/2013,20130401,4,4,April,Apr,2,2013,201304,10,4,2013,Not Month End,06/04/2012
20130407,07/04/2013,7,7,97,Sunday,Sun,Weekend,14,14,01/04/2013,20130401,4,4,April,Apr,2,2013,201304,10,4,2013,Not Month End,07/04/2012
20130408,08/04/2013,1,8,98,Monday,Mon,Weekday,15,15,08/04/2013,20130408,4,4,April,Apr,2,2013,201304,10,4,2013,Not Month End,08/04/2012
20130409,09/04/2013,2,9,99,Tuesday,Tue,Weekday,15,15,08/04/2013,20130408,4,4,April,Apr,2,2013,201304,10,4,2013,Not Month End,09/04/2012
20130410,10/04/2013,3,10,100,Wednesday,Wed,Weekday,15,15,08/04/2013,20130408,4,4,April,Apr,2,2013,201304,10,4,2013,Not Month End,10/04/2012
20130411,11/04/2013,4,11,101,Thursday,Thu,Weekday,15,15,08/04/2013,20130408,4,4,April,Apr,2,2013,201304,10,4,2013,Not Month End,11/04/2012
20130412,12/04/2013,5,12,102,Friday,Fri,Weekday,15,15,08/04/2013,20130408,4,4,April,Apr,2,2013,201304,10,4,2013,Not Month End,12/04/2012
20130413,13/04/2013,6,13,103,Saturday,Sat,Weekend,15,15,08/04/2013,20130408,4,4,April,Apr,2,2013,201304,10,4,2013,Not Month End,13/04/2012
20130414,14/04/2013,7,14,104,Sunday,Sun,Weekend,15,15,08/04/2013,20130408,4,4,April,Apr,2,2013,201304,10,4,2013,Not Month End,14/04/2012
20130415,15/04/2013,1,15,105,Monday,Mon,Weekday,16,16,15/04/2013,20130415,4,4,April,Apr,2,2013,201304,10,4,2013,Not Month End,15/04/2012
20130416,16/04/2013,2,16,106,Tuesday,Tue,Weekday,16,16,15/04/2013,20130415,4,4,April,Apr,2,2013,201304,10,4,2013,Not Month End,16/04/2012
20130417,17/04/2013,3,17,107,Wednesday,Wed,Weekday,16,16,15/04/2013,20130415,4,4,April,Apr,2,2013,201304,10,4,2013,Not Month End,17/04/2012
20130418,18/04/2013,4,18,108,Thursday,Thu,Weekday,16,16,15/04/2013,20130415,4,4,April,Apr,2,2013,201304,10,4,2013,Not Month End,18/04/2012
20130419,19/04/2013,5,19,109,Friday,Fri,Weekday,16,16,15/04/2013,20130415,4,4,April,Apr,2,2013,201304,10,4,2013,Not Month End,19/04/2012
20130420,20/04/2013,6,20,110,Saturday,Sat,Weekend,16,16,15/04/2013,20130415,4,4,April,Apr,2,2013,201304,10,4,2013,Not Month End,20/04/2012
20130421,21/04/2013,7,21,111,Sunday,Sun,Weekend,16,16,15/04/2013,20130415,4,4,April,Apr,2,2013,201304,10,4,2013,Not Month End,21/04/2012
20130422,22/04/2013,1,22,112,Monday,Mon,Weekday,17,17,22/04/2013,20130422,4,4,April,Apr,2,2013,201304,10,4,2013,Not Month End,22/04/2012
20130423,23/04/2013,2,23,113,Tuesday,Tue,Weekday,17,17,22/04/2013,20130422,4,4,April,Apr,2,2013,201304,10,4,2013,Not Month End,23/04/2012
20130424,24/04/2013,3,24,114,Wednesday,Wed,Weekday,17,17,22/04/2013,20130422,4,4,April,Apr,2,2013,201304,10,4,2013,Not Month End,24/04/2012
20130425,25/04/2013,4,25,115,Thursday,Thu,Weekday,17,17,22/04/2013,20130422,4,4,April,Apr,2,2013,201304,10,4,2013,Not Month End,25/04/2012
20130426,26/04/2013,5,26,116,Friday,Fri,Weekday,17,17,22/04/2013,20130422,4,4,April,Apr,2,2013,201304,10,4,2013,Not Month End,26/04/2012
20130427,27/04/2013,6,27,117,Saturday,Sat,Weekend,17,17,22/04/2013,20130422,4,4,April,Apr,2,2013,201304,10,4,2013,Not Month End,27/04/2012
20130428,28/04/2013,7,28,118,Sunday,Sun,Weekend,17,17,22/04/2013,20130422,4,4,April,Apr,2,2013,201304,10,4,2013,Not Month End,28/04/2012
20130429,29/04/2013,1,29,119,Monday,Mon,Weekday,18,18,29/04/2013,20130429,4,4,April,Apr,2,2013,201304,10,4,2013,Not Month End,29/04/2012
20130430,30/04/2013,2,30,120,Tuesday,Tue,Weekday,18,18,29/04/2013,20130429,4,4,April,Apr,2,2013,201304,10,4,2013,Month End,30/04/2012
20130501,01/05/2013,3,1,121,Wednesday,Wed,Weekday,18,18,29/04/2013,20130429,5,5,May,May,2,2013,201305,11,4,2013,Not Month End,01/05/2012
20130502,02/05/2013,4,2,122,Thursday,Thu,Weekday,18,18,29/04/2013,20130429,5,5,May,May,2,2013,201305,11,4,2013,Not Month End,02/05/2012
20130503,03/05/2013,5,3,123,Friday,Fri,Weekday,18,18,29/04/2013,20130429,5,5,May,May,2,2013,201305,11,4,2013,Not Month End,03/05/2012
20130504,04/05/2013,6,4,124,Saturday,Sat,Weekend,18,18,29/04/2013,20130429,5,5,May,May,2,2013,201305,11,4,2013,Not Month End,04/05/2012
20130505,05/05/2013,7,5,125,Sunday,Sun,Weekend,18,18,29/04/2013,20130429,5,5,May,May,2,2013,201305,11,4,2013,Not Month End,05/05/2012
20130506,06/05/2013,1,6,126,Monday,Mon,Weekday,19,19,06/05/2013,20130506,5,5,May,May,2,2013,201305,11,4,2013,Not Month End,06/05/2012
20130507,07/05/2013,2,7,127,Tuesday,Tue,Weekday,19,19,06/05/2013,20130506,5,5,May,May,2,2013,201305,11,4,2013,Not Month End,07/05/2012
20130508,08/05/2013,3,8,128,Wednesday,Wed,Weekday,19,19,06/05/2013,20130506,5,5,May,May,2,2013,201305,11,4,2013,Not Month End,08/05/2012
20130509,09/05/2013,4,9,129,Thursday,Thu,Weekday,19,19,06/05/2013,20130506,5,5,May,May,2,2013,201305,11,4,2013,Not Month End,09/05/2012
20130510,10/05/2013,5,10,130,Friday,Fri,Weekday,19,19,06/05/2013,20130506,5,5,May,May,2,2013,201305,11,4,2013,Not Month End,10/05/2012
20130511,11/05/2013,6,11,131,Saturday,Sat,Weekend,19,19,06/05/2013,20130506,5,5,May,May,2,2013,201305,11,4,2013,Not Month End,11/05/2012
20130512,12/05/2013,7,12,132,Sunday,Sun,Weekend,19,19,06/05/2013,20130506,5,5,May,May,2,2013,201305,11,4,2013,Not Month End,12/05/2012
20130513,13/05/2013,1,13,133,Monday,Mon,Weekday,20,20,13/05/2013,20130513,5,5,May,May,2,2013,201305,11,4,2013,Not Month End,13/05/2012
20130514,14/05/2013,2,14,134,Tuesday,Tue,Weekday,20,20,13/05/2013,20130513,5,5,May,May,2,2013,201305,11,4,2013,Not Month End,14/05/2012
20130515,15/05/2013,3,15,135,Wednesday,Wed,Weekday,20,20,13/05/2013,20130513,5,5,May,May,2,2013,201305,11,4,2013,Not Month End,15/05/2012
20130516,16/05/2013,4,16,136,Thursday,Thu,Weekday,20,20,13/05/2013,20130513,5,5,May,May,2,2013,201305,11,4,2013,Not Month End,16/05/2012
20130517,17/05/2013,5,17,137,Friday,Fri,Weekday,20,20,13/05/2013,20130513,5,5,May,May,2,2013,201305,11,4,2013,Not Month End,17/05/2012
20130518,18/05/2013,6,18,138,Saturday,Sat,Weekend,20,20,13/05/2013,20130513,5,5,May,May,2,2013,201305,11,4,2013,Not Month End,18/05/2012
20130519,19/05/2013,7,19,139,Sunday,Sun,Weekend,20,20,13/05/2013,20130513,5,5,May,May,2,2013,201305,11,4,2013,Not Month End,19/05/2012
20130520,20/05/2013,1,20,140,Monday,Mon,Weekday,21,21,20/05/2013,20130520,5,5,May,May,2,2013,201305,11,4,2013,Not Month End,20/05/2012
20130521,21/05/2013,2,21,141,Tuesday,Tue,Weekday,21,21,20/05/2013,20130520,5,5,May,May,2,2013,201305,11,4,2013,Not Month End,21/05/2012
20130522,22/05/2013,3,22,142,Wednesday,Wed,Weekday,21,21,20/05/2013,20130520,5,5,May,May,2,2013,201305,11,4,2013,Not Month End,22/05/2012
20130523,23/05/2013,4,23,143,Thursday,Thu,Weekday,21,21,20/05/2013,20130520,5,5,May,May,2,2013,201305,11,4,2013,Not Month End,23/05/2012
20130524,24/05/2013,5,24,144,Friday,Fri,Weekday,21,21,20/05/2013,20130520,5,5,May,May,2,2013,201305,11,4,2013,Not Month End,24/05/2012
20130525,25/05/2013,6,25,145,Saturday,Sat,Weekend,21,21,20/05/2013,20130520,5,5,May,May,2,2013,201305,11,4,2013,Not Month End,25/05/2012
20130526,26/05/2013,7,26,146,Sunday,Sun,Weekend,21,21,20/05/2013,20130520,5,5,May,May,2,2013,201305,11,4,2013,Not Month End,26/05/2012
20130527,27/05/2013,1,27,147,Monday,Mon,Weekday,22,22,27/05/2013,20130527,5,5,May,May,2,2013,201305,11,4,2013,Not Month End,27/05/2012
20130528,28/05/2013,2,28,148,Tuesday,Tue,Weekday,22,22,27/05/2013,20130527,5,5,May,May,2,2013,201305,11,4,2013,Not Month End,28/05/2012
20130529,29/05/2013,3,29,149,Wednesday,Wed,Weekday,22,22,27/05/2013,20130527,5,5,May,May,2,2013,201305,11,4,2013,Not Month End,29/05/2012
20130530,30/05/2013,4,30,150,Thursday,Thu,Weekday,22,22,27/05/2013,20130527,5,5,May,May,2,2013,201305,11,4,2013,Not Month End,30/05/2012
20130531,31/05/2013,5,31,151,Friday,Fri,Weekday,22,22,27/05/2013,20130527,5,5,May,May,2,2013,201305,11,4,2013,Month End,31/05/2012
20130601,01/06/2013,6,1,152,Saturday,Sat,Weekend,22,22,27/05/2013,20130527,6,6,June,Jun,2,2013,201306,12,4,2013,Not Month End,01/06/2012
20130602,02/06/2013,7,2,153,Sunday,Sun,Weekend,22,22,27/05/2013,20130527,6,6,June,Jun,2,2013,201306,12,4,2013,Not Month End,02/06/2012
20130603,03/06/2013,1,3,154,Monday,Mon,Weekday,23,23,03/06/2013,20130603,6,6,June,Jun,2,2013,201306,12,4,2013,Not Month End,03/06/2012
20130604,04/06/2013,2,4,155,Tuesday,Tue,Weekday,23,23,03/06/2013,20130603,6,6,June,Jun,2,2013,201306,12,4,2013,Not Month End,04/06/2012
20130605,05/06/2013,3,5,156,Wednesday,Wed,Weekday,23,23,03/06/2013,20130603,6,6,June,Jun,2,2013,201306,12,4,2013,Not Month End,05/06/2012
20130606,06/06/2013,4,6,157,Thursday,Thu,Weekday,23,23,03/06/2013,20130603,6,6,June,Jun,2,2013,201306,12,4,2013,Not Month End,06/06/2012
20130607,07/06/2013,5,7,158,Friday,Fri,Weekday,23,23,03/06/2013,20130603,6,6,June,Jun,2,2013,201306,12,4,2013,Not Month End,07/06/2012
20130608,08/06/2013,6,8,159,Saturday,Sat,Weekend,23,23,03/06/2013,20130603,6,6,June,Jun,2,2013,201306,12,4,2013,Not Month End,08/06/2012
20130609,09/06/2013,7,9,160,Sunday,Sun,Weekend,23,23,03/06/2013,20130603,6,6,June,Jun,2,2013,201306,12,4,2013,Not Month End,09/06/2012
20130610,10/06/2013,1,10,161,Monday,Mon,Weekday,24,24,10/06/2013,20130610,6,6,June,Jun,2,2013,201306,12,4,2013,Not Month End,10/06/2012
20130611,11/06/2013,2,11,162,Tuesday,Tue,Weekday,24,24,10/06/2013,20130610,6,6,June,Jun,2,2013,201306,12,4,2013,Not Month End,11/06/2012
20130612,12/06/2013,3,12,163,Wednesday,Wed,Weekday,24,24,10/06/2013,20130610,6,6,June,Jun,2,2013,201306,12,4,2013,Not Month End,12/06/2012
20130613,13/06/2013,4,13,164,Thursday,Thu,Weekday,24,24,10/06/2013,20130610,6,6,June,Jun,2,2013,201306,12,4,2013,Not Month End,13/06/2012
20130614,14/06/2013,5,14,165,Friday,Fri,Weekday,24,24,10/06/2013,20130610,6,6,June,Jun,2,2013,201306,12,4,2013,Not Month End,14/06/2012
20130615,15/06/2013,6,15,166,Saturday,Sat,Weekend,24,24,10/06/2013,20130610,6,6,June,Jun,2,2013,201306,12,4,2013,Not Month End,15/06/2012
20130616,16/06/2013,7,16,167,Sunday,Sun,Weekend,24,24,10/06/2013,20130610,6,6,June,Jun,2,2013,201306,12,4,2013,Not Month End,16/06/2012
20130617,17/06/2013,1,17,168,Monday,Mon,Weekday,25,25,17/06/2013,20130617,6,6,June,Jun,2,2013,201306,12,4,2013,Not Month End,17/06/2012
20130618,18/06/2013,2,18,169,Tuesday,Tue,Weekday,25,25,17/06/2013,20130617,6,6,June,Jun,2,2013,201306,12,4,2013,Not Month End,18/06/2012
20130619,19/06/2013,3,19,170,Wednesday,Wed,Weekday,25,25,17/06/2013,20130617,6,6,June,Jun,2,2013,201306,12,4,2013,Not Month End,19/06/2012
20130620,20/06/2013,4,20,171,Thursday,Thu,Weekday,25,25,17/06/2013,20130617,6,6,June,Jun,2,2013,201306,12,4,2013,Not Month End,20/06/2012
20130621,21/06/2013,5,21,172,Friday,Fri,Weekday,25,25,17/06/2013,20130617,6,6,June,Jun,2,2013,201306,12,4,2013,Not Month End,21/06/2012
20130622,22/06/2013,6,22,173,Saturday,Sat,Weekend,25,25,17/06/2013,20130617,6,6,June,Jun,2,2013,201306,12,4,2013,Not Month End,22/06/2012
20130623,23/06/2013,7,23,174,Sunday,Sun,Weekend,25,25,17/06/2013,20130617,6,6,June,Jun,2,2013,201306,12,4,2013,Not Month End,23/06/2012
20130624,24/06/2013,1,24,175,Monday,Mon,Weekday,26,26,24/06/2013,20130624,6,6,June,Jun,2,2013,201306,12,4,2013,Not Month End,24/06/2012
20130625,25/06/2013,2,25,176,Tuesday,Tue,Weekday,26,26,24/06/2013,20130624,6,6,June,Jun,2,2013,201306,12,4,2013,Not Month End,25/06/2012
20130626,26/06/2013,3,26,177,Wednesday,Wed,Weekday,26,26,24/06/2013,20130624,6,6,June,Jun,2,2013,201306,12,4,2013,Not Month End,26/06/2012
20130627,27/06/2013,4,27,178,Thursday,Thu,Weekday,26,26,24/06/2013,20130624,6,6,June,Jun,2,2013,201306,12,4,2013,Not Month End,27/06/2012
20130628,28/06/2013,5,28,179,Friday,Fri,Weekday,26,26,24/06/2013,20130624,6,6,June,Jun,2,2013,201306,12,4,2013,Not Month End,28/06/2012
20130629,29/06/2013,6,29,180,Saturday,Sat,Weekend,26,26,24/06/2013,20130624,6,6,June,Jun,2,2013,201306,12,4,2013,Not Month End,29/06/2012
20130630,30/06/2013,7,30,181,Sunday,Sun,Weekend,26,26,24/06/2013,20130624,6,6,June,Jun,2,2013,201306,12,4,2013,Month End,30/06/2012
20130701,01/07/2013,1,1,182,Monday,Mon,Weekday,27,27,01/07/2013,20130701,7,7,July,Jul,3,2013,201307,1,1,2014,Not Month End,01/07/2012
20130702,02/07/2013,2,2,183,Tuesday,Tue,Weekday,27,27,01/07/2013,20130701,7,7,July,Jul,3,2013,201307,1,1,2014,Not Month End,02/07/2012
20130703,03/07/2013,3,3,184,Wednesday,Wed,Weekday,27,27,01/07/2013,20130701,7,7,July,Jul,3,2013,201307,1,1,2014,Not Month End,03/07/2012
20130704,04/07/2013,4,4,185,Thursday,Thu,Weekday,27,27,01/07/2013,20130701,7,7,July,Jul,3,2013,201307,1,1,2014,Not Month End,04/07/2012
20130705,05/07/2013,5,5,186,Friday,Fri,Weekday,27,27,01/07/2013,20130701,7,7,July,Jul,3,2013,201307,1,1,2014,Not Month End,05/07/2012
20130706,06/07/2013,6,6,187,Saturday,Sat,Weekend,27,27,01/07/2013,20130701,7,7,July,Jul,3,2013,201307,1,1,2014,Not Month End,06/07/2012
20130707,07/07/2013,7,7,188,Sunday,Sun,Weekend,27,27,01/07/2013,20130701,7,7,July,Jul,3,2013,201307,1,1,2014,Not Month End,07/07/2012
20130708,08/07/2013,1,8,189,Monday,Mon,Weekday,28,28,08/07/2013,20130708,7,7,July,Jul,3,2013,201307,1,1,2014,Not Month End,08/07/2012
20130709,09/07/2013,2,9,190,Tuesday,Tue,Weekday,28,28,08/07/2013,20130708,7,7,July,Jul,3,2013,201307,1,1,2014,Not Month End,09/07/2012
20130710,10/07/2013,3,10,191,Wednesday,Wed,Weekday,28,28,08/07/2013,20130708,7,7,July,Jul,3,2013,201307,1,1,2014,Not Month End,10/07/2012
20130711,11/07/2013,4,11,192,Thursday,Thu,Weekday,28,28,08/07/2013,20130708,7,7,July,Jul,3,2013,201307,1,1,2014,Not Month End,11/07/2012
20130712,12/07/2013,5,12,193,Friday,Fri,Weekday,28,28,08/07/2013,20130708,7,7,July,Jul,3,2013,201307,1,1,2014,Not Month End,12/07/2012
20130713,13/07/2013,6,13,194,Saturday,Sat,Weekend,28,28,08/07/2013,20130708,7,7,July,Jul,3,2013,201307,1,1,2014,Not Month End,13/07/2012
20130714,14/07/2013,7,14,195,Sunday,Sun,Weekend,28,28,08/07/2013,20130708,7,7,July,Jul,3,2013,201307,1,1,2014,Not Month End,14/07/2012
20130715,15/07/2013,1,15,196,Monday,Mon,Weekday,29,29,15/07/2013,20130715,7,7,July,Jul,3,2013,201307,1,1,2014,Not Month End,15/07/2012
20130716,16/07/2013,2,16,197,Tuesday,Tue,Weekday,29,29,15/07/2013,20130715,7,7,July,Jul,3,2013,201307,1,1,2014,Not Month End,16/07/2012
20130717,17/07/2013,3,17,198,Wednesday,Wed,Weekday,29,29,15/07/2013,20130715,7,7,July,Jul,3,2013,201307,1,1,2014,Not Month End,17/07/2012
20130718,18/07/2013,4,18,199,Thursday,Thu,Weekday,29,29,15/07/2013,20130715,7,7,July,Jul,3,2013,201307,1,1,2014,Not Month End,18/07/2012
20130719,19/07/2013,5,19,200,Friday,Fri,Weekday,29,29,15/07/2013,20130715,7,7,July,Jul,3,2013,201307,1,1,2014,Not Month End,19/07/2012
20130720,20/07/2013,6,20,201,Saturday,Sat,Weekend,29,29,15/07/2013,20130715,7,7,July,Jul,3,2013,201307,1,1,2014,Not Month End,20/07/2012
20130721,21/07/2013,7,21,202,Sunday,Sun,Weekend,29,29,15/07/2013,20130715,7,7,July,Jul,3,2013,201307,1,1,2014,Not Month End,21/07/2012
20130722,22/07/2013,1,22,203,Monday,Mon,Weekday,30,30,22/07/2013,20130722,7,7,July,Jul,3,2013,201307,1,1,2014,Not Month End,22/07/2012
20130723,23/07/2013,2,23,204,Tuesday,Tue,Weekday,30,30,22/07/2013,20130722,7,7,July,Jul,3,2013,201307,1,1,2014,Not Month End,23/07/2012
20130724,24/07/2013,3,24,205,Wednesday,Wed,Weekday,30,30,22/07/2013,20130722,7,7,July,Jul,3,2013,201307,1,1,2014,Not Month End,24/07/2012
20130725,25/07/2013,4,25,206,Thursday,Thu,Weekday,30,30,22/07/2013,20130722,7,7,July,Jul,3,2013,201307,1,1,2014,Not Month End,25/07/2012
20130726,26/07/2013,5,26,207,Friday,Fri,Weekday,30,30,22/07/2013,20130722,7,7,July,Jul,3,2013,201307,1,1,2014,Not Month End,26/07/2012
20130727,27/07/2013,6,27,208,Saturday,Sat,Weekend,30,30,22/07/2013,20130722,7,7,July,Jul,3,2013,201307,1,1,2014,Not Month End,27/07/2012
20130728,28/07/2013,7,28,209,Sunday,Sun,Weekend,30,30,22/07/2013,20130722,7,7,July,Jul,3,2013,201307,1,1,2014,Not Month End,28/07/2012
20130729,29/07/2013,1,29,210,Monday,Mon,Weekday,31,31,29/07/2013,20130729,7,7,July,Jul,3,2013,201307,1,1,2014,Not Month End,29/07/2012
20130730,30/07/2013,2,30,211,Tuesday,Tue,Weekday,31,31,29/07/2013,20130729,7,7,July,Jul,3,2013,201307,1,1,2014,Not Month End,30/07/2012
20130731,31/07/2013,3,31,212,Wednesday,Wed,Weekday,31,31,29/07/2013,20130729,7,7,July,Jul,3,2013,201307,1,1,2014,Month End,31/07/2012
20130801,01/08/2013,4,1,213,Thursday,Thu,Weekday,31,31,29/07/2013,20130729,8,8,August,Aug,3,2013,201308,2,1,2014,Not Month End,01/08/2012
20130802,02/08/2013,5,2,214,Friday,Fri,Weekday,31,31,29/07/2013,20130729,8,8,August,Aug,3,2013,201308,2,1,2014,Not Month End,02/08/2012
20130803,03/08/2013,6,3,215,Saturday,Sat,Weekend,31,31,29/07/2013,20130729,8,8,August,Aug,3,2013,201308,2,1,2014,Not Month End,03/08/2012
20130804,04/08/2013,7,4,216,Sunday,Sun,Weekend,31,31,29/07/2013,20130729,8,8,August,Aug,3,2013,201308,2,1,2014,Not Month End,04/08/2012
20130805,05/08/2013,1,5,217,Monday,Mon,Weekday,32,32,05/08/2013,20130805,8,8,August,Aug,3,2013,201308,2,1,2014,Not Month End,05/08/2012
20130806,06/08/2013,2,6,218,Tuesday,Tue,Weekday,32,32,05/08/2013,20130805,8,8,August,Aug,3,2013,201308,2,1,2014,Not Month End,06/08/2012
20130807,07/08/2013,3,7,219,Wednesday,Wed,Weekday,32,32,05/08/2013,20130805,8,8,August,Aug,3,2013,201308,2,1,2014,Not Month End,07/08/2012
20130808,08/08/2013,4,8,220,Thursday,Thu,Weekday,32,32,05/08/2013,20130805,8,8,August,Aug,3,2013,201308,2,1,2014,Not Month End,08/08/2012
20130809,09/08/2013,5,9,221,Friday,Fri,Weekday,32,32,05/08/2013,20130805,8,8,August,Aug,3,2013,201308,2,1,2014,Not Month End,09/08/2012
20130810,10/08/2013,6,10,222,Saturday,Sat,Weekend,32,32,05/08/2013,20130805,8,8,August,Aug,3,2013,201308,2,1,2014,Not Month End,10/08/2012
20130811,11/08/2013,7,11,223,Sunday,Sun,Weekend,32,32,05/08/2013,20130805,8,8,August,Aug,3,2013,201308,2,1,2014,Not Month End,11/08/2012
20130812,12/08/2013,1,12,224,Monday,Mon,Weekday,33,33,12/08/2013,20130812,8,8,August,Aug,3,2013,201308,2,1,2014,Not Month End,12/08/2012
20130813,13/08/2013,2,13,225,Tuesday,Tue,Weekday,33,33,12/08/2013,20130812,8,8,August,Aug,3,2013,201308,2,1,2014,Not Month End,13/08/2012
20130814,14/08/2013,3,14,226,Wednesday,Wed,Weekday,33,33,12/08/2013,20130812,8,8,August,Aug,3,2013,201308,2,1,2014,Not Month End,14/08/2012
20130815,15/08/2013,4,15,227,Thursday,Thu,Weekday,33,33,12/08/2013,20130812,8,8,August,Aug,3,2013,201308,2,1,2014,Not Month End,15/08/2012
20130816,16/08/2013,5,16,228,Friday,Fri,Weekday,33,33,12/08/2013,20130812,8,8,August,Aug,3,2013,201308,2,1,2014,Not Month End,16/08/2012
20130817,17/08/2013,6,17,229,Saturday,Sat,Weekend,33,33,12/08/2013,20130812,8,8,August,Aug,3,2013,201308,2,1,2014,Not Month End,17/08/2012
20130818,18/08/2013,7,18,230,Sunday,Sun,Weekend,33,33,12/08/2013,20130812,8,8,August,Aug,3,2013,201308,2,1,2014,Not Month End,18/08/2012
20130819,19/08/2013,1,19,231,Monday,Mon,Weekday,34,34,19/08/2013,20130819,8,8,August,Aug,3,2013,201308,2,1,2014,Not Month End,19/08/2012
20130820,20/08/2013,2,20,232,Tuesday,Tue,Weekday,34,34,19/08/2013,20130819,8,8,August,Aug,3,2013,201308,2,1,2014,Not Month End,20/08/2012
20130821,21/08/2013,3,21,233,Wednesday,Wed,Weekday,34,34,19/08/2013,20130819,8,8,August,Aug,3,2013,201308,2,1,2014,Not Month End,21/08/2012
20130822,22/08/2013,4,22,234,Thursday,Thu,Weekday,34,34,19/08/2013,20130819,8,8,August,Aug,3,2013,201308,2,1,2014,Not Month End,22/08/2012
20130823,23/08/2013,5,23,235,Friday,Fri,Weekday,34,34,19/08/2013,20130819,8,8,August,Aug,3,2013,201308,2,1,2014,Not Month End,23/08/2012
20130824,24/08/2013,6,24,236,Saturday,Sat,Weekend,34,34,19/08/2013,20130819,8,8,August,Aug,3,2013,201308,2,1,2014,Not Month End,24/08/2012
20130825,25/08/2013,7,25,237,Sunday,Sun,Weekend,34,34,19/08/2013,20130819,8,8,August,Aug,3,2013,201308,2,1,2014,Not Month End,25/08/2012
20130826,26/08/2013,1,26,238,Monday,Mon,Weekday,35,35,26/08/2013,20130826,8,8,August,Aug,3,2013,201308,2,1,2014,Not Month End,26/08/2012
20130827,27/08/2013,2,27,239,Tuesday,Tue,Weekday,35,35,26/08/2013,20130826,8,8,August,Aug,3,2013,201308,2,1,2014,Not Month End,27/08/2012
20130828,28/08/2013,3,28,240,Wednesday,Wed,Weekday,35,35,26/08/2013,20130826,8,8,August,Aug,3,2013,201308,2,1,2014,Not Month End,28/08/2012
20130829,29/08/2013,4,29,241,Thursday,Thu,Weekday,35,35,26/08/2013,20130826,8,8,August,Aug,3,2013,201308,2,1,2014,Not Month End,29/08/2012
20130830,30/08/2013,5,30,242,Friday,Fri,Weekday,35,35,26/08/2013,20130826,8,8,August,Aug,3,2013,201308,2,1,2014,Not Month End,30/08/2012
20130831,31/08/2013,6,31,243,Saturday,Sat,Weekend,35,35,26/08/2013,20130826,8,8,August,Aug,3,2013,201308,2,1,2014,Month End,31/08/2012
20130901,01/09/2013,7,1,244,Sunday,Sun,Weekend,35,35,26/08/2013,20130826,9,9,September,Sep,3,2013,201309,3,1,2014,Not Month End,01/09/2012
20130902,02/09/2013,1,2,245,Monday,Mon,Weekday,36,36,02/09/2013,20130902,9,9,September,Sep,3,2013,201309,3,1,2014,Not Month End,02/09/2012
20130903,03/09/2013,2,3,246,Tuesday,Tue,Weekday,36,36,02/09/2013,20130902,9,9,September,Sep,3,2013,201309,3,1,2014,Not Month End,03/09/2012
20130904,04/09/2013,3,4,247,Wednesday,Wed,Weekday,36,36,02/09/2013,20130902,9,9,September,Sep,3,2013,201309,3,1,2014,Not Month End,04/09/2012
20130905,05/09/2013,4,5,248,Thursday,Thu,Weekday,36,36,02/09/2013,20130902,9,9,September,Sep,3,2013,201309,3,1,2014,Not Month End,05/09/2012
20130906,06/09/2013,5,6,249,Friday,Fri,Weekday,36,36,02/09/2013,20130902,9,9,September,Sep,3,2013,201309,3,1,2014,Not Month End,06/09/2012
20130907,07/09/2013,6,7,250,Saturday,Sat,Weekend,36,36,02/09/2013,20130902,9,9,September,Sep,3,2013,201309,3,1,2014,Not Month End,07/09/2012
20130908,08/09/2013,7,8,251,Sunday,Sun,Weekend,36,36,02/09/2013,20130902,9,9,September,Sep,3,2013,201309,3,1,2014,Not Month End,08/09/2012
20130909,09/09/2013,1,9,252,Monday,Mon,Weekday,37,37,09/09/2013,20130909,9,9,September,Sep,3,2013,201309,3,1,2014,Not Month End,09/09/2012
20130910,10/09/2013,2,10,253,Tuesday,Tue,Weekday,37,37,09/09/2013,20130909,9,9,September,Sep,3,2013,201309,3,1,2014,Not Month End,10/09/2012
20130911,11/09/2013,3,11,254,Wednesday,Wed,Weekday,37,37,09/09/2013,20130909,9,9,September,Sep,3,2013,201309,3,1,2014,Not Month End,11/09/2012
20130912,12/09/2013,4,12,255,Thursday,Thu,Weekday,37,37,09/09/2013,20130909,9,9,September,Sep,3,2013,201309,3,1,2014,Not Month End,12/09/2012
20130913,13/09/2013,5,13,256,Friday,Fri,Weekday,37,37,09/09/2013,20130909,9,9,September,Sep,3,2013,201309,3,1,2014,Not Month End,13/09/2012
20130914,14/09/2013,6,14,257,Saturday,Sat,Weekend,37,37,09/09/2013,20130909,9,9,September,Sep,3,2013,201309,3,1,2014,Not Month End,14/09/2012
20130915,15/09/2013,7,15,258,Sunday,Sun,Weekend,37,37,09/09/2013,20130909,9,9,September,Sep,3,2013,201309,3,1,2014,Not Month End,15/09/2012
20130916,16/09/2013,1,16,259,Monday,Mon,Weekday,38,38,16/09/2013,20130916,9,9,September,Sep,3,2013,201309,3,1,2014,Not Month End,16/09/2012
20130917,17/09/2013,2,17,260,Tuesday,Tue,Weekday,38,38,16/09/2013,20130916,9,9,September,Sep,3,2013,201309,3,1,2014,Not Month End,17/09/2012
20130918,18/09/2013,3,18,261,Wednesday,Wed,Weekday,38,38,16/09/2013,20130916,9,9,September,Sep,3,2013,201309,3,1,2014,Not Month End,18/09/2012
20130919,19/09/2013,4,19,262,Thursday,Thu,Weekday,38,38,16/09/2013,20130916,9,9,September,Sep,3,2013,201309,3,1,2014,Not Month End,19/09/2012
20130920,20/09/2013,5,20,263,Friday,Fri,Weekday,38,38,16/09/2013,20130916,9,9,September,Sep,3,2013,201309,3,1,2014,Not Month End,20/09/2012
20130921,21/09/2013,6,21,264,Saturday,Sat,Weekend,38,38,16/09/2013,20130916,9,9,September,Sep,3,2013,201309,3,1,2014,Not Month End,21/09/2012
20130922,22/09/2013,7,22,265,Sunday,Sun,Weekend,38,38,16/09/2013,20130916,9,9,September,Sep,3,2013,201309,3,1,2014,Not Month End,22/09/2012
20130923,23/09/2013,1,23,266,Monday,Mon,Weekday,39,39,23/09/2013,20130923,9,9,September,Sep,3,2013,201309,3,1,2014,Not Month End,23/09/2012
20130924,24/09/2013,2,24,267,Tuesday,Tue,Weekday,39,39,23/09/2013,20130923,9,9,September,Sep,3,2013,201309,3,1,2014,Not Month End,24/09/2012
20130925,25/09/2013,3,25,268,Wednesday,Wed,Weekday,39,39,23/09/2013,20130923,9,9,September,Sep,3,2013,201309,3,1,2014,Not Month End,25/09/2012
20130926,26/09/2013,4,26,269,Thursday,Thu,Weekday,39,39,23/09/2013,20130923,9,9,September,Sep,3,2013,201309,3,1,2014,Not Month End,26/09/2012
20130927,27/09/2013,5,27,270,Friday,Fri,Weekday,39,39,23/09/2013,20130923,9,9,September,Sep,3,2013,201309,3,1,2014,Not Month End,27/09/2012
20130928,28/09/2013,6,28,271,Saturday,Sat,Weekend,39,39,23/09/2013,20130923,9,9,September,Sep,3,2013,201309,3,1,2014,Not Month End,28/09/2012
20130929,29/09/2013,7,29,272,Sunday,Sun,Weekend,39,39,23/09/2013,20130923,9,9,September,Sep,3,2013,201309,3,1,2014,Not Month End,29/09/2012
20130930,30/09/2013,1,30,273,Monday,Mon,Weekday,40,40,30/09/2013,20130930,9,9,September,Sep,3,2013,201309,3,1,2014,Month End,30/09/2012
20131001,01/10/2013,2,1,274,Tuesday,Tue,Weekday,40,40,30/09/2013,20130930,10,10,October,Oct,4,2013,201310,4,2,2014,Not Month End,01/10/2012
20131002,02/10/2013,3,2,275,Wednesday,Wed,Weekday,40,40,30/09/2013,20130930,10,10,October,Oct,4,2013,201310,4,2,2014,Not Month End,02/10/2012
20131003,03/10/2013,4,3,276,Thursday,Thu,Weekday,40,40,30/09/2013,20130930,10,10,October,Oct,4,2013,201310,4,2,2014,Not Month End,03/10/2012
20131004,04/10/2013,5,4,277,Friday,Fri,Weekday,40,40,30/09/2013,20130930,10,10,October,Oct,4,2013,201310,4,2,2014,Not Month End,04/10/2012
20131005,05/10/2013,6,5,278,Saturday,Sat,Weekend,40,40,30/09/2013,20130930,10,10,October,Oct,4,2013,201310,4,2,2014,Not Month End,05/10/2012
20131006,06/10/2013,7,6,279,Sunday,Sun,Weekend,40,40,30/09/2013,20130930,10,10,October,Oct,4,2013,201310,4,2,2014,Not Month End,06/10/2012
20131007,07/10/2013,1,7,280,Monday,Mon,Weekday,41,41,07/10/2013,20131007,10,10,October,Oct,4,2013,201310,4,2,2014,Not Month End,07/10/2012
20131008,08/10/2013,2,8,281,Tuesday,Tue,Weekday,41,41,07/10/2013,20131007,10,10,October,Oct,4,2013,201310,4,2,2014,Not Month End,08/10/2012
20131009,09/10/2013,3,9,282,Wednesday,Wed,Weekday,41,41,07/10/2013,20131007,10,10,October,Oct,4,2013,201310,4,2,2014,Not Month End,09/10/2012
20131010,10/10/2013,4,10,283,Thursday,Thu,Weekday,41,41,07/10/2013,20131007,10,10,October,Oct,4,2013,201310,4,2,2014,Not Month End,10/10/2012
20131011,11/10/2013,5,11,284,Friday,Fri,Weekday,41,41,07/10/2013,20131007,10,10,October,Oct,4,2013,201310,4,2,2014,Not Month End,11/10/2012
20131012,12/10/2013,6,12,285,Saturday,Sat,Weekend,41,41,07/10/2013,20131007,10,10,October,Oct,4,2013,201310,4,2,2014,Not Month End,12/10/2012
20131013,13/10/2013,7,13,286,Sunday,Sun,Weekend,41,41,07/10/2013,20131007,10,10,October,Oct,4,2013,201310,4,2,2014,Not Month End,13/10/2012
20131014,14/10/2013,1,14,287,Monday,Mon,Weekday,42,42,14/10/2013,20131014,10,10,October,Oct,4,2013,201310,4,2,2014,Not Month End,14/10/2012
20131015,15/10/2013,2,15,288,Tuesday,Tue,Weekday,42,42,14/10/2013,20131014,10,10,October,Oct,4,2013,201310,4,2,2014,Not Month End,15/10/2012
20131016,16/10/2013,3,16,289,Wednesday,Wed,Weekday,42,42,14/10/2013,20131014,10,10,October,Oct,4,2013,201310,4,2,2014,Not Month End,16/10/2012
20131017,17/10/2013,4,17,290,Thursday,Thu,Weekday,42,42,14/10/2013,20131014,10,10,October,Oct,4,2013,201310,4,2,2014,Not Month End,17/10/2012
20131018,18/10/2013,5,18,291,Friday,Fri,Weekday,42,42,14/10/2013,20131014,10,10,October,Oct,4,2013,201310,4,2,2014,Not Month End,18/10/2012
20131019,19/10/2013,6,19,292,Saturday,Sat,Weekend,42,42,14/10/2013,20131014,10,10,October,Oct,4,2013,201310,4,2,2014,Not Month End,19/10/2012
20131020,20/10/2013,7,20,293,Sunday,Sun,Weekend,42,42,14/10/2013,20131014,10,10,October,Oct,4,2013,201310,4,2,2014,Not Month End,20/10/2012
20131021,21/10/2013,1,21,294,Monday,Mon,Weekday,43,43,21/10/2013,20131021,10,10,October,Oct,4,2013,201310,4,2,2014,Not Month End,21/10/2012
20131022,22/10/2013,2,22,295,Tuesday,Tue,Weekday,43,43,21/10/2013,20131021,10,10,October,Oct,4,2013,201310,4,2,2014,Not Month End,22/10/2012
20131023,23/10/2013,3,23,296,Wednesday,Wed,Weekday,43,43,21/10/2013,20131021,10,10,October,Oct,4,2013,201310,4,2,2014,Not Month End,23/10/2012
20131024,24/10/2013,4,24,297,Thursday,Thu,Weekday,43,43,21/10/2013,20131021,10,10,October,Oct,4,2013,201310,4,2,2014,Not Month End,24/10/2012
20131025,25/10/2013,5,25,298,Friday,Fri,Weekday,43,43,21/10/2013,20131021,10,10,October,Oct,4,2013,201310,4,2,2014,Not Month End,25/10/2012
20131026,26/10/2013,6,26,299,Saturday,Sat,Weekend,43,43,21/10/2013,20131021,10,10,October,Oct,4,2013,201310,4,2,2014,Not Month End,26/10/2012
20131027,27/10/2013,7,27,300,Sunday,Sun,Weekend,43,43,21/10/2013,20131021,10,10,October,Oct,4,2013,201310,4,2,2014,Not Month End,27/10/2012
20131028,28/10/2013,1,28,301,Monday,Mon,Weekday,44,44,28/10/2013,20131028,10,10,October,Oct,4,2013,201310,4,2,2014,Not Month End,28/10/2012
20131029,29/10/2013,2,29,302,Tuesday,Tue,Weekday,44,44,28/10/2013,20131028,10,10,October,Oct,4,2013,201310,4,2,2014,Not Month End,29/10/2012
20131030,30/10/2013,3,30,303,Wednesday,Wed,Weekday,44,44,28/10/2013,20131028,10,10,October,Oct,4,2013,201310,4,2,2014,Not Month End,30/10/2012
20131031,31/10/2013,4,31,304,Thursday,Thu,Weekday,44,44,28/10/2013,20131028,10,10,October,Oct,4,2013,201310,4,2,2014,Month End,31/10/2012
20131101,01/11/2013,5,1,305,Friday,Fri,Weekday,44,44,28/10/2013,20131028,11,11,November,Nov,4,2013,201311,5,2,2014,Not Month End,01/11/2012
20131102,02/11/2013,6,2,306,Saturday,Sat,Weekend,44,44,28/10/2013,20131028,11,11,November,Nov,4,2013,201311,5,2,2014,Not Month End,02/11/2012
20131103,03/11/2013,7,3,307,Sunday,Sun,Weekend,44,44,28/10/2013,20131028,11,11,November,Nov,4,2013,201311,5,2,2014,Not Month End,03/11/2012
20131104,04/11/2013,1,4,308,Monday,Mon,Weekday,45,45,04/11/2013,20131104,11,11,November,Nov,4,2013,201311,5,2,2014,Not Month End,04/11/2012
20131105,05/11/2013,2,5,309,Tuesday,Tue,Weekday,45,45,04/11/2013,20131104,11,11,November,Nov,4,2013,201311,5,2,2014,Not Month End,05/11/2012
20131106,06/11/2013,3,6,310,Wednesday,Wed,Weekday,45,45,04/11/2013,20131104,11,11,November,Nov,4,2013,201311,5,2,2014,Not Month End,06/11/2012
20131107,07/11/2013,4,7,311,Thursday,Thu,Weekday,45,45,04/11/2013,20131104,11,11,November,Nov,4,2013,201311,5,2,2014,Not Month End,07/11/2012
20131108,08/11/2013,5,8,312,Friday,Fri,Weekday,45,45,04/11/2013,20131104,11,11,November,Nov,4,2013,201311,5,2,2014,Not Month End,08/11/2012
20131109,09/11/2013,6,9,313,Saturday,Sat,Weekend,45,45,04/11/2013,20131104,11,11,November,Nov,4,2013,201311,5,2,2014,Not Month End,09/11/2012
20131110,10/11/2013,7,10,314,Sunday,Sun,Weekend,45,45,04/11/2013,20131104,11,11,November,Nov,4,2013,201311,5,2,2014,Not Month End,10/11/2012
20131111,11/11/2013,1,11,315,Monday,Mon,Weekday,46,46,11/11/2013,20131111,11,11,November,Nov,4,2013,201311,5,2,2014,Not Month End,11/11/2012
20131112,12/11/2013,2,12,316,Tuesday,Tue,Weekday,46,46,11/11/2013,20131111,11,11,November,Nov,4,2013,201311,5,2,2014,Not Month End,12/11/2012
20131113,13/11/2013,3,13,317,Wednesday,Wed,Weekday,46,46,11/11/2013,20131111,11,11,November,Nov,4,2013,201311,5,2,2014,Not Month End,13/11/2012
20131114,14/11/2013,4,14,318,Thursday,Thu,Weekday,46,46,11/11/2013,20131111,11,11,November,Nov,4,2013,201311,5,2,2014,Not Month End,14/11/2012
20131115,15/11/2013,5,15,319,Friday,Fri,Weekday,46,46,11/11/2013,20131111,11,11,November,Nov,4,2013,201311,5,2,2014,Not Month End,15/11/2012
20131116,16/11/2013,6,16,320,Saturday,Sat,Weekend,46,46,11/11/2013,20131111,11,11,November,Nov,4,2013,201311,5,2,2014,Not Month End,16/11/2012
20131117,17/11/2013,7,17,321,Sunday,Sun,Weekend,46,46,11/11/2013,20131111,11,11,November,Nov,4,2013,201311,5,2,2014,Not Month End,17/11/2012
20131118,18/11/2013,1,18,322,Monday,Mon,Weekday,47,47,18/11/2013,20131118,11,11,November,Nov,4,2013,201311,5,2,2014,Not Month End,18/11/2012
20131119,19/11/2013,2,19,323,Tuesday,Tue,Weekday,47,47,18/11/2013,20131118,11,11,November,Nov,4,2013,201311,5,2,2014,Not Month End,19/11/2012
20131120,20/11/2013,3,20,324,Wednesday,Wed,Weekday,47,47,18/11/2013,20131118,11,11,November,Nov,4,2013,201311,5,2,2014,Not Month End,20/11/2012
20131121,21/11/2013,4,21,325,Thursday,Thu,Weekday,47,47,18/11/2013,20131118,11,11,November,Nov,4,2013,201311,5,2,2014,Not Month End,21/11/2012
20131122,22/11/2013,5,22,326,Friday,Fri,Weekday,47,47,18/11/2013,20131118,11,11,November,Nov,4,2013,201311,5,2,2014,Not Month End,22/11/2012
20131123,23/11/2013,6,23,327,Saturday,Sat,Weekend,47,47,18/11/2013,20131118,11,11,November,Nov,4,2013,201311,5,2,2014,Not Month End,23/11/2012
20131124,24/11/2013,7,24,328,Sunday,Sun,Weekend,47,47,18/11/2013,20131118,11,11,November,Nov,4,2013,201311,5,2,2014,Not Month End,24/11/2012
20131125,25/11/2013,1,25,329,Monday,Mon,Weekday,48,48,25/11/2013,20131125,11,11,November,Nov,4,2013,201311,5,2,2014,Not Month End,25/11/2012
20131126,26/11/2013,2,26,330,Tuesday,Tue,Weekday,48,48,25/11/2013,20131125,11,11,November,Nov,4,2013,201311,5,2,2014,Not Month End,26/11/2012
20131127,27/11/2013,3,27,331,Wednesday,Wed,Weekday,48,48,25/11/2013,20131125,11,11,November,Nov,4,2013,201311,5,2,2014,Not Month End,27/11/2012
20131128,28/11/2013,4,28,332,Thursday,Thu,Weekday,48,48,25/11/2013,20131125,11,11,November,Nov,4,2013,201311,5,2,2014,Not Month End,28/11/2012
20131129,29/11/2013,5,29,333,Friday,Fri,Weekday,48,48,25/11/2013,20131125,11,11,November,Nov,4,2013,201311,5,2,2014,Not Month End,29/11/2012
20131130,30/11/2013,6,30,334,Saturday,Sat,Weekend,48,48,25/11/2013,20131125,11,11,November,Nov,4,2013,201311,5,2,2014,Month End,30/11/2012
20131201,01/12/2013,7,1,335,Sunday,Sun,Weekend,48,48,25/11/2013,20131125,12,12,December,Dec,4,2013,201312,6,2,2014,Not Month End,01/12/2012
20131202,02/12/2013,1,2,336,Monday,Mon,Weekday,49,49,02/12/2013,20131202,12,12,December,Dec,4,2013,201312,6,2,2014,Not Month End,02/12/2012
20131203,03/12/2013,2,3,337,Tuesday,Tue,Weekday,49,49,02/12/2013,20131202,12,12,December,Dec,4,2013,201312,6,2,2014,Not Month End,03/12/2012
20131204,04/12/2013,3,4,338,Wednesday,Wed,Weekday,49,49,02/12/2013,20131202,12,12,December,Dec,4,2013,201312,6,2,2014,Not Month End,04/12/2012
20131205,05/12/2013,4,5,339,Thursday,Thu,Weekday,49,49,02/12/2013,20131202,12,12,December,Dec,4,2013,201312,6,2,2014,Not Month End,05/12/2012
20131206,06/12/2013,5,6,340,Friday,Fri,Weekday,49,49,02/12/2013,20131202,12,12,December,Dec,4,2013,201312,6,2,2014,Not Month End,06/12/2012
20131207,07/12/2013,6,7,341,Saturday,Sat,Weekend,49,49,02/12/2013,20131202,12,12,December,Dec,4,2013,201312,6,2,2014,Not Month End,07/12/2012
20131208,08/12/2013,7,8,342,Sunday,Sun,Weekend,49,49,02/12/2013,20131202,12,12,December,Dec,4,2013,201312,6,2,2014,Not Month End,08/12/2012
20131209,09/12/2013,1,9,343,Monday,Mon,Weekday,50,50,09/12/2013,20131209,12,12,December,Dec,4,2013,201312,6,2,2014,Not Month End,09/12/2012
20131210,10/12/2013,2,10,344,Tuesday,Tue,Weekday,50,50,09/12/2013,20131209,12,12,December,Dec,4,2013,201312,6,2,2014,Not Month End,10/12/2012
20131211,11/12/2013,3,11,345,Wednesday,Wed,Weekday,50,50,09/12/2013,20131209,12,12,December,Dec,4,2013,201312,6,2,2014,Not Month End,11/12/2012
20131212,12/12/2013,4,12,346,Thursday,Thu,Weekday,50,50,09/12/2013,20131209,12,12,December,Dec,4,2013,201312,6,2,2014,Not Month End,12/12/2012
20131213,13/12/2013,5,13,347,Friday,Fri,Weekday,50,50,09/12/2013,20131209,12,12,December,Dec,4,2013,201312,6,2,2014,Not Month End,13/12/2012
20131214,14/12/2013,6,14,348,Saturday,Sat,Weekend,50,50,09/12/2013,20131209,12,12,December,Dec,4,2013,201312,6,2,2014,Not Month End,14/12/2012
20131215,15/12/2013,7,15,349,Sunday,Sun,Weekend,50,50,09/12/2013,20131209,12,12,December,Dec,4,2013,201312,6,2,2014,Not Month End,15/12/2012
20131216,16/12/2013,1,16,350,Monday,Mon,Weekday,51,51,16/12/2013,20131216,12,12,December,Dec,4,2013,201312,6,2,2014,Not Month End,16/12/2012
20131217,17/12/2013,2,17,351,Tuesday,Tue,Weekday,51,51,16/12/2013,20131216,12,12,December,Dec,4,2013,201312,6,2,2014,Not Month End,17/12/2012
20131218,18/12/2013,3,18,352,Wednesday,Wed,Weekday,51,51,16/12/2013,20131216,12,12,December,Dec,4,2013,201312,6,2,2014,Not Month End,18/12/2012
20131219,19/12/2013,4,19,353,Thursday,Thu,Weekday,51,51,16/12/2013,20131216,12,12,December,Dec,4,2013,201312,6,2,2014,Not Month End,19/12/2012
20131220,20/12/2013,5,20,354,Friday,Fri,Weekday,51,51,16/12/2013,20131216,12,12,December,Dec,4,2013,201312,6,2,2014,Not Month End,20/12/2012
20131221,21/12/2013,6,21,355,Saturday,Sat,Weekend,51,51,16/12/2013,20131216,12,12,December,Dec,4,2013,201312,6,2,2014,Not Month End,21/12/2012
20131222,22/12/2013,7,22,356,Sunday,Sun,Weekend,51,51,16/12/2013,20131216,12,12,December,Dec,4,2013,201312,6,2,2014,Not Month End,22/12/2012
20131223,23/12/2013,1,23,357,Monday,Mon,Weekday,52,52,23/12/2013,20131223,12,12,December,Dec,4,2013,201312,6,2,2014,Not Month End,23/12/2012
20131224,24/12/2013,2,24,358,Tuesday,Tue,Weekday,52,52,23/12/2013,20131223,12,12,December,Dec,4,2013,201312,6,2,2014,Not Month End,24/12/2012
20131225,25/12/2013,3,25,359,Wednesday,Wed,Weekday,52,52,23/12/2013,20131223,12,12,December,Dec,4,2013,201312,6,2,2014,Not Month End,25/12/2012
20131226,26/12/2013,4,26,360,Thursday,Thu,Weekday,52,52,23/12/2013,20131223,12,12,December,Dec,4,2013,201312,6,2,2014,Not Month End,26/12/2012
20131227,27/12/2013,5,27,361,Friday,Fri,Weekday,52,52,23/12/2013,20131223,12,12,December,Dec,4,2013,201312,6,2,2014,Not Month End,27/12/2012
20131228,28/12/2013,6,28,362,Saturday,Sat,Weekend,52,52,23/12/2013,20131223,12,12,December,Dec,4,2013,201312,6,2,2014,Not Month End,28/12/2012
20131229,29/12/2013,7,29,363,Sunday,Sun,Weekend,52,52,23/12/2013,20131223,12,12,December,Dec,4,2013,201312,6,2,2014,Not Month End,29/12/2012
20131230,30/12/2013,1,30,364,Monday,Mon,Weekday,53,53,30/12/2013,20131230,12,12,December,Dec,4,2013,201312,6,2,2014,Not Month End,30/12/2012
20131231,31/12/2013,2,31,365,Tuesday,Tue,Weekday,53,53,30/12/2013,20131230,12,12,December,Dec,4,2013,201312,6,2,2014,Month End,31/12/2012
20140101,01/01/2014,3,1,366,Wednesday,Wed,Weekday,1,54,30/12/2013,20131230,1,13,January,Jan,1,2014,201401,7,3,2014,Not Month End,01/01/2013
20140102,02/01/2014,4,2,367,Thursday,Thu,Weekday,1,54,30/12/2013,20131230,1,13,January,Jan,1,2014,201401,7,3,2014,Not Month End,02/01/2013
20140103,03/01/2014,5,3,368,Friday,Fri,Weekday,1,54,30/12/2013,20131230,1,13,January,Jan,1,2014,201401,7,3,2014,Not Month End,03/01/2013
20140104,04/01/2014,6,4,369,Saturday,Sat,Weekend,1,54,30/12/2013,20131230,1,13,January,Jan,1,2014,201401,7,3,2014,Not Month End,04/01/2013
20140105,05/01/2014,7,5,370,Sunday,Sun,Weekend,1,54,30/12/2013,20131230,1,13,January,Jan,1,2014,201401,7,3,2014,Not Month End,05/01/2013
20140106,06/01/2014,1,6,371,Monday,Mon,Weekday,2,55,06/01/2014,20140106,1,13,January,Jan,1,2014,201401,7,3,2014,Not Month End,06/01/2013
20140107,07/01/2014,2,7,372,Tuesday,Tue,Weekday,2,55,06/01/2014,20140106,1,13,January,Jan,1,2014,201401,7,3,2014,Not Month End,07/01/2013
20140108,08/01/2014,3,8,373,Wednesday,Wed,Weekday,2,55,06/01/2014,20140106,1,13,January,Jan,1,2014,201401,7,3,2014,Not Month End,08/01/2013
20140109,09/01/2014,4,9,374,Thursday,Thu,Weekday,2,55,06/01/2014,20140106,1,13,January,Jan,1,2014,201401,7,3,2014,Not Month End,09/01/2013
20140110,10/01/2014,5,10,375,Friday,Fri,Weekday,2,55,06/01/2014,20140106,1,13,January,Jan,1,2014,201401,7,3,2014,Not Month End,10/01/2013
20140111,11/01/2014,6,11,376,Saturday,Sat,Weekend,2,55,06/01/2014,20140106,1,13,January,Jan,1,2014,201401,7,3,2014,Not Month End,11/01/2013
20140112,12/01/2014,7,12,377,Sunday,Sun,Weekend,2,55,06/01/2014,20140106,1,13,January,Jan,1,2014,201401,7,3,2014,Not Month End,12/01/2013
20140113,13/01/2014,1,13,378,Monday,Mon,Weekday,3,56,13/01/2014,20140113,1,13,January,Jan,1,2014,201401,7,3,2014,Not Month End,13/01/2013
20140114,14/01/2014,2,14,379,Tuesday,Tue,Weekday,3,56,13/01/2014,20140113,1,13,January,Jan,1,2014,201401,7,3,2014,Not Month End,14/01/2013
20140115,15/01/2014,3,15,380,Wednesday,Wed,Weekday,3,56,13/01/2014,20140113,1,13,January,Jan,1,2014,201401,7,3,2014,Not Month End,15/01/2013
20140116,16/01/2014,4,16,381,Thursday,Thu,Weekday,3,56,13/01/2014,20140113,1,13,January,Jan,1,2014,201401,7,3,2014,Not Month End,16/01/2013
20140117,17/01/2014,5,17,382,Friday,Fri,Weekday,3,56,13/01/2014,20140113,1,13,January,Jan,1,2014,201401,7,3,2014,Not Month End,17/01/2013
20140118,18/01/2014,6,18,383,Saturday,Sat,Weekend,3,56,13/01/2014,20140113,1,13,January,Jan,1,2014,201401,7,3,2014,Not Month End,18/01/2013
20140119,19/01/2014,7,19,384,Sunday,Sun,Weekend,3,56,13/01/2014,20140113,1,13,January,Jan,1,2014,201401,7,3,2014,Not Month End,19/01/2013
20140120,20/01/2014,1,20,385,Monday,Mon,Weekday,4,57,20/01/2014,20140120,1,13,January,Jan,1,2014,201401,7,3,2014,Not Month End,20/01/2013
20140121,21/01/2014,2,21,386,Tuesday,Tue,Weekday,4,57,20/01/2014,20140120,1,13,January,Jan,1,2014,201401,7,3,2014,Not Month End,21/01/2013
20140122,22/01/2014,3,22,387,Wednesday,Wed,Weekday,4,57,20/01/2014,20140120,1,13,January,Jan,1,2014,201401,7,3,2014,Not Month End,22/01/2013
20140123,23/01/2014,4,23,388,Thursday,Thu,Weekday,4,57,20/01/2014,20140120,1,13,January,Jan,1,2014,201401,7,3,2014,Not Month End,23/01/2013
20140124,24/01/2014,5,24,389,Friday,Fri,Weekday,4,57,20/01/2014,20140120,1,13,January,Jan,1,2014,201401,7,3,2014,Not Month End,24/01/2013
20140125,25/01/2014,6,25,390,Saturday,Sat,Weekend,4,57,20/01/2014,20140120,1,13,January,Jan,1,2014,201401,7,3,2014,Not Month End,25/01/2013
20140126,26/01/2014,7,26,391,Sunday,Sun,Weekend,4,57,20/01/2014,20140120,1,13,January,Jan,1,2014,201401,7,3,2014,Not Month End,26/01/2013
20140127,27/01/2014,1,27,392,Monday,Mon,Weekday,5,58,27/01/2014,20140127,1,13,January,Jan,1,2014,201401,7,3,2014,Not Month End,27/01/2013
20140128,28/01/2014,2,28,393,Tuesday,Tue,Weekday,5,58,27/01/2014,20140127,1,13,January,Jan,1,2014,201401,7,3,2014,Not Month End,28/01/2013
20140129,29/01/2014,3,29,394,Wednesday,Wed,Weekday,5,58,27/01/2014,20140127,1,13,January,Jan,1,2014,201401,7,3,2014,Not Month End,29/01/2013
20140130,30/01/2014,4,30,395,Thursday,Thu,Weekday,5,58,27/01/2014,20140127,1,13,January,Jan,1,2014,201401,7,3,2014,Not Month End,30/01/2013
20140131,31/01/2014,5,31,396,Friday,Fri,Weekday,5,58,27/01/2014,20140127,1,13,January,Jan,1,2014,201401,7,3,2014,Month End,31/01/2013
20140201,01/02/2014,6,1,397,Saturday,Sat,Weekend,5,58,27/01/2014,20140127,2,14,February,Feb,1,2014,201402,8,3,2014,Not Month End,01/02/2013
20140202,02/02/2014,7,2,398,Sunday,Sun,Weekend,5,58,27/01/2014,20140127,2,14,February,Feb,1,2014,201402,8,3,2014,Not Month End,02/02/2013
20140203,03/02/2014,1,3,399,Monday,Mon,Weekday,6,59,03/02/2014,20140203,2,14,February,Feb,1,2014,201402,8,3,2014,Not Month End,03/02/2013
20140204,04/02/2014,2,4,400,Tuesday,Tue,Weekday,6,59,03/02/2014,20140203,2,14,February,Feb,1,2014,201402,8,3,2014,Not Month End,04/02/2013
20140205,05/02/2014,3,5,401,Wednesday,Wed,Weekday,6,59,03/02/2014,20140203,2,14,February,Feb,1,2014,201402,8,3,2014,Not Month End,05/02/2013
20140206,06/02/2014,4,6,402,Thursday,Thu,Weekday,6,59,03/02/2014,20140203,2,14,February,Feb,1,2014,201402,8,3,2014,Not Month End,06/02/2013
20140207,07/02/2014,5,7,403,Friday,Fri,Weekday,6,59,03/02/2014,20140203,2,14,February,Feb,1,2014,201402,8,3,2014,Not Month End,07/02/2013
20140208,08/02/2014,6,8,404,Saturday,Sat,Weekend,6,59,03/02/2014,20140203,2,14,February,Feb,1,2014,201402,8,3,2014,Not Month End,08/02/2013
20140209,09/02/2014,7,9,405,Sunday,Sun,Weekend,6,59,03/02/2014,20140203,2,14,February,Feb,1,2014,201402,8,3,2014,Not Month End,09/02/2013
20140210,10/02/2014,1,10,406,Monday,Mon,Weekday,7,60,10/02/2014,20140210,2,14,February,Feb,1,2014,201402,8,3,2014,Not Month End,10/02/2013
20140211,11/02/2014,2,11,407,Tuesday,Tue,Weekday,7,60,10/02/2014,20140210,2,14,February,Feb,1,2014,201402,8,3,2014,Not Month End,11/02/2013
20140212,12/02/2014,3,12,408,Wednesday,Wed,Weekday,7,60,10/02/2014,20140210,2,14,February,Feb,1,2014,201402,8,3,2014,Not Month End,12/02/2013
20140213,13/02/2014,4,13,409,Thursday,Thu,Weekday,7,60,10/02/2014,20140210,2,14,February,Feb,1,2014,201402,8,3,2014,Not Month End,13/02/2013
20140214,14/02/2014,5,14,410,Friday,Fri,Weekday,7,60,10/02/2014,20140210,2,14,February,Feb,1,2014,201402,8,3,2014,Not Month End,14/02/2013
20140215,15/02/2014,6,15,411,Saturday,Sat,Weekend,7,60,10/02/2014,20140210,2,14,February,Feb,1,2014,201402,8,3,2014,Not Month End,15/02/2013
20140216,16/02/2014,7,16,412,Sunday,Sun,Weekend,7,60,10/02/2014,20140210,2,14,February,Feb,1,2014,201402,8,3,2014,Not Month End,16/02/2013
20140217,17/02/2014,1,17,413,Monday,Mon,Weekday,8,61,17/02/2014,20140217,2,14,February,Feb,1,2014,201402,8,3,2014,Not Month End,17/02/2013
20140218,18/02/2014,2,18,414,Tuesday,Tue,Weekday,8,61,17/02/2014,20140217,2,14,February,Feb,1,2014,201402,8,3,2014,Not Month End,18/02/2013
20140219,19/02/2014,3,19,415,Wednesday,Wed,Weekday,8,61,17/02/2014,20140217,2,14,February,Feb,1,2014,201402,8,3,2014,Not Month End,19/02/2013
20140220,20/02/2014,4,20,416,Thursday,Thu,Weekday,8,61,17/02/2014,20140217,2,14,February,Feb,1,2014,201402,8,3,2014,Not Month End,20/02/2013
20140221,21/02/2014,5,21,417,Friday,Fri,Weekday,8,61,17/02/2014,20140217,2,14,February,Feb,1,2014,201402,8,3,2014,Not Month End,21/02/2013
20140222,22/02/2014,6,22,418,Saturday,Sat,Weekend,8,61,17/02/2014,20140217,2,14,February,Feb,1,2014,201402,8,3,2014,Not Month End,22/02/2013
20140223,23/02/2014,7,23,419,Sunday,Sun,Weekend,8,61,17/02/2014,20140217,2,14,February,Feb,1,2014,201402,8,3,2014,Not Month End,23/02/2013
20140224,24/02/2014,1,24,420,Monday,Mon,Weekday,9,62,24/02/2014,20140224,2,14,February,Feb,1,2014,201402,8,3,2014,Not Month End,24/02/2013
20140225,25/02/2014,2,25,421,Tuesday,Tue,Weekday,9,62,24/02/2014,20140224,2,14,February,Feb,1,2014,201402,8,3,2014,Not Month End,25/02/2013
20140226,26/02/2014,3,26,422,Wednesday,Wed,Weekday,9,62,24/02/2014,20140224,2,14,February,Feb,1,2014,201402,8,3,2014,Not Month End,26/02/2013
20140227,27/02/2014,4,27,423,Thursday,Thu,Weekday,9,62,24/02/2014,20140224,2,14,February,Feb,1,2014,201402,8,3,2014,Not Month End,27/02/2013
20140228,28/02/2014,5,28,424,Friday,Fri,Weekday,9,62,24/02/2014,20140224,2,14,February,Feb,1,2014,201402,8,3,2014,Month End,28/02/2013
20140301,01/03/2014,6,1,425,Saturday,Sat,Weekend,9,62,24/02/2014,20140224,3,15,March,Mar,1,2014,201403,9,3,2014,Not Month End,01/03/2013
20140302,02/03/2014,7,2,426,Sunday,Sun,Weekend,9,62,24/02/2014,20140224,3,15,March,Mar,1,2014,201403,9,3,2014,Not Month End,02/03/2013
20140303,03/03/2014,1,3,427,Monday,Mon,Weekday,10,63,03/03/2014,20140303,3,15,March,Mar,1,2014,201403,9,3,2014,Not Month End,03/03/2013
20140304,04/03/2014,2,4,428,Tuesday,Tue,Weekday,10,63,03/03/2014,20140303,3,15,March,Mar,1,2014,201403,9,3,2014,Not Month End,04/03/2013
20140305,05/03/2014,3,5,429,Wednesday,Wed,Weekday,10,63,03/03/2014,20140303,3,15,March,Mar,1,2014,201403,9,3,2014,Not Month End,05/03/2013
20140306,06/03/2014,4,6,430,Thursday,Thu,Weekday,10,63,03/03/2014,20140303,3,15,March,Mar,1,2014,201403,9,3,2014,Not Month End,06/03/2013
20140307,07/03/2014,5,7,431,Friday,Fri,Weekday,10,63,03/03/2014,20140303,3,15,March,Mar,1,2014,201403,9,3,2014,Not Month End,07/03/2013
20140308,08/03/2014,6,8,432,Saturday,Sat,Weekend,10,63,03/03/2014,20140303,3,15,March,Mar,1,2014,201403,9,3,2014,Not Month End,08/03/2013
20140309,09/03/2014,7,9,433,Sunday,Sun,Weekend,10,63,03/03/2014,20140303,3,15,March,Mar,1,2014,201403,9,3,2014,Not Month End,09/03/2013
20140310,10/03/2014,1,10,434,Monday,Mon,Weekday,11,64,10/03/2014,20140310,3,15,March,Mar,1,2014,201403,9,3,2014,Not Month End,10/03/2013
20140311,11/03/2014,2,11,435,Tuesday,Tue,Weekday,11,64,10/03/2014,20140310,3,15,March,Mar,1,2014,201403,9,3,2014,Not Month End,11/03/2013
20140312,12/03/2014,3,12,436,Wednesday,Wed,Weekday,11,64,10/03/2014,20140310,3,15,March,Mar,1,2014,201403,9,3,2014,Not Month End,12/03/2013
20140313,13/03/2014,4,13,437,Thursday,Thu,Weekday,11,64,10/03/2014,20140310,3,15,March,Mar,1,2014,201403,9,3,2014,Not Month End,13/03/2013
20140314,14/03/2014,5,14,438,Friday,Fri,Weekday,11,64,10/03/2014,20140310,3,15,March,Mar,1,2014,201403,9,3,2014,Not Month End,14/03/2013
20140315,15/03/2014,6,15,439,Saturday,Sat,Weekend,11,64,10/03/2014,20140310,3,15,March,Mar,1,2014,201403,9,3,2014,Not Month End,15/03/2013
20140316,16/03/2014,7,16,440,Sunday,Sun,Weekend,11,64,10/03/2014,20140310,3,15,March,Mar,1,2014,201403,9,3,2014,Not Month End,16/03/2013
20140317,17/03/2014,1,17,441,Monday,Mon,Weekday,12,65,17/03/2014,20140317,3,15,March,Mar,1,2014,201403,9,3,2014,Not Month End,17/03/2013
20140318,18/03/2014,2,18,442,Tuesday,Tue,Weekday,12,65,17/03/2014,20140317,3,15,March,Mar,1,2014,201403,9,3,2014,Not Month End,18/03/2013
20140319,19/03/2014,3,19,443,Wednesday,Wed,Weekday,12,65,17/03/2014,20140317,3,15,March,Mar,1,2014,201403,9,3,2014,Not Month End,19/03/2013
20140320,20/03/2014,4,20,444,Thursday,Thu,Weekday,12,65,17/03/2014,20140317,3,15,March,Mar,1,2014,201403,9,3,2014,Not Month End,20/03/2013
20140321,21/03/2014,5,21,445,Friday,Fri,Weekday,12,65,17/03/2014,20140317,3,15,March,Mar,1,2014,201403,9,3,2014,Not Month End,21/03/2013
20140322,22/03/2014,6,22,446,Saturday,Sat,Weekend,12,65,17/03/2014,20140317,3,15,March,Mar,1,2014,201403,9,3,2014,Not Month End,22/03/2013
20140323,23/03/2014,7,23,447,Sunday,Sun,Weekend,12,65,17/03/2014,20140317,3,15,March,Mar,1,2014,201403,9,3,2014,Not Month End,23/03/2013
20140324,24/03/2014,1,24,448,Monday,Mon,Weekday,13,66,24/03/2014,20140324,3,15,March,Mar,1,2014,201403,9,3,2014,Not Month End,24/03/2013
20140325,25/03/2014,2,25,449,Tuesday,Tue,Weekday,13,66,24/03/2014,20140324,3,15,March,Mar,1,2014,201403,9,3,2014,Not Month End,25/03/2013
20140326,26/03/2014,3,26,450,Wednesday,Wed,Weekday,13,66,24/03/2014,20140324,3,15,March,Mar,1,2014,201403,9,3,2014,Not Month End,26/03/2013
20140327,27/03/2014,4,27,451,Thursday,Thu,Weekday,13,66,24/03/2014,20140324,3,15,March,Mar,1,2014,201403,9,3,2014,Not Month End,27/03/2013
20140328,28/03/2014,5,28,452,Friday,Fri,Weekday,13,66,24/03/2014,20140324,3,15,March,Mar,1,2014,201403,9,3,2014,Not Month End,28/03/2013
20140329,29/03/2014,6,29,453,Saturday,Sat,Weekend,13,66,24/03/2014,20140324,3,15,March,Mar,1,2014,201403,9,3,2014,Not Month End,29/03/2013
20140330,30/03/2014,7,30,454,Sunday,Sun,Weekend,13,66,24/03/2014,20140324,3,15,March,Mar,1,2014,201403,9,3,2014,Not Month End,30/03/2013
20140331,31/03/2014,1,31,455,Monday,Mon,Weekday,14,67,31/03/2014,20140331,3,15,March,Mar,1,2014,201403,9,3,2014,Month End,31/03/2013
20140401,01/04/2014,2,1,456,Tuesday,Tue,Weekday,14,67,31/03/2014,20140331,4,16,April,Apr,2,2014,201404,10,4,2014,Not Month End,01/04/2013
20140402,02/04/2014,3,2,457,Wednesday,Wed,Weekday,14,67,31/03/2014,20140331,4,16,April,Apr,2,2014,201404,10,4,2014,Not Month End,02/04/2013
20140403,03/04/2014,4,3,458,Thursday,Thu,Weekday,14,67,31/03/2014,20140331,4,16,April,Apr,2,2014,201404,10,4,2014,Not Month End,03/04/2013
20140404,04/04/2014,5,4,459,Friday,Fri,Weekday,14,67,31/03/2014,20140331,4,16,April,Apr,2,2014,201404,10,4,2014,Not Month End,04/04/2013
20140405,05/04/2014,6,5,460,Saturday,Sat,Weekend,14,67,31/03/2014,20140331,4,16,April,Apr,2,2014,201404,10,4,2014,Not Month End,05/04/2013
20140406,06/04/2014,7,6,461,Sunday,Sun,Weekend,14,67,31/03/2014,20140331,4,16,April,Apr,2,2014,201404,10,4,2014,Not Month End,06/04/2013
20140407,07/04/2014,1,7,462,Monday,Mon,Weekday,15,68,07/04/2014,20140407,4,16,April,Apr,2,2014,201404,10,4,2014,Not Month End,07/04/2013
20140408,08/04/2014,2,8,463,Tuesday,Tue,Weekday,15,68,07/04/2014,20140407,4,16,April,Apr,2,2014,201404,10,4,2014,Not Month End,08/04/2013
20140409,09/04/2014,3,9,464,Wednesday,Wed,Weekday,15,68,07/04/2014,20140407,4,16,April,Apr,2,2014,201404,10,4,2014,Not Month End,09/04/2013
20140410,10/04/2014,4,10,465,Thursday,Thu,Weekday,15,68,07/04/2014,20140407,4,16,April,Apr,2,2014,201404,10,4,2014,Not Month End,10/04/2013
20140411,11/04/2014,5,11,466,Friday,Fri,Weekday,15,68,07/04/2014,20140407,4,16,April,Apr,2,2014,201404,10,4,2014,Not Month End,11/04/2013
20140412,12/04/2014,6,12,467,Saturday,Sat,Weekend,15,68,07/04/2014,20140407,4,16,April,Apr,2,2014,201404,10,4,2014,Not Month End,12/04/2013
20140413,13/04/2014,7,13,468,Sunday,Sun,Weekend,15,68,07/04/2014,20140407,4,16,April,Apr,2,2014,201404,10,4,2014,Not Month End,13/04/2013
20140414,14/04/2014,1,14,469,Monday,Mon,Weekday,16,69,14/04/2014,20140414,4,16,April,Apr,2,2014,201404,10,4,2014,Not Month End,14/04/2013
20140415,15/04/2014,2,15,470,Tuesday,Tue,Weekday,16,69,14/04/2014,20140414,4,16,April,Apr,2,2014,201404,10,4,2014,Not Month End,15/04/2013
20140416,16/04/2014,3,16,471,Wednesday,Wed,Weekday,16,69,14/04/2014,20140414,4,16,April,Apr,2,2014,201404,10,4,2014,Not Month End,16/04/2013
20140417,17/04/2014,4,17,472,Thursday,Thu,Weekday,16,69,14/04/2014,20140414,4,16,April,Apr,2,2014,201404,10,4,2014,Not Month End,17/04/2013
20140418,18/04/2014,5,18,473,Friday,Fri,Weekday,16,69,14/04/2014,20140414,4,16,April,Apr,2,2014,201404,10,4,2014,Not Month End,18/04/2013
20140419,19/04/2014,6,19,474,Saturday,Sat,Weekend,16,69,14/04/2014,20140414,4,16,April,Apr,2,2014,201404,10,4,2014,Not Month End,19/04/2013
20140420,20/04/2014,7,20,475,Sunday,Sun,Weekend,16,69,14/04/2014,20140414,4,16,April,Apr,2,2014,201404,10,4,2014,Not Month End,20/04/2013
20140421,21/04/2014,1,21,476,Monday,Mon,Weekday,17,70,21/04/2014,20140421,4,16,April,Apr,2,2014,201404,10,4,2014,Not Month End,21/04/2013
20140422,22/04/2014,2,22,477,Tuesday,Tue,Weekday,17,70,21/04/2014,20140421,4,16,April,Apr,2,2014,201404,10,4,2014,Not Month End,22/04/2013
20140423,23/04/2014,3,23,478,Wednesday,Wed,Weekday,17,70,21/04/2014,20140421,4,16,April,Apr,2,2014,201404,10,4,2014,Not Month End,23/04/2013
20140424,24/04/2014,4,24,479,Thursday,Thu,Weekday,17,70,21/04/2014,20140421,4,16,April,Apr,2,2014,201404,10,4,2014,Not Month End,24/04/2013
20140425,25/04/2014,5,25,480,Friday,Fri,Weekday,17,70,21/04/2014,20140421,4,16,April,Apr,2,2014,201404,10,4,2014,Not Month End,25/04/2013
20140426,26/04/2014,6,26,481,Saturday,Sat,Weekend,17,70,21/04/2014,20140421,4,16,April,Apr,2,2014,201404,10,4,2014,Not Month End,26/04/2013
20140427,27/04/2014,7,27,482,Sunday,Sun,Weekend,17,70,21/04/2014,20140421,4,16,April,Apr,2,2014,201404,10,4,2014,Not Month End,27/04/2013
20140428,28/04/2014,1,28,483,Monday,Mon,Weekday,18,71,28/04/2014,20140428,4,16,April,Apr,2,2014,201404,10,4,2014,Not Month End,28/04/2013
20140429,29/04/2014,2,29,484,Tuesday,Tue,Weekday,18,71,28/04/2014,20140428,4,16,April,Apr,2,2014,201404,10,4,2014,Not Month End,29/04/2013
20140430,30/04/2014,3,30,485,Wednesday,Wed,Weekday,18,71,28/04/2014,20140428,4,16,April,Apr,2,2014,201404,10,4,2014,Month End,30/04/2013
20140501,01/05/2014,4,1,486,Thursday,Thu,Weekday,18,71,28/04/2014,20140428,5,17,May,May,2,2014,201405,11,4,2014,Not Month End,01/05/2013
20140502,02/05/2014,5,2,487,Friday,Fri,Weekday,18,71,28/04/2014,20140428,5,17,May,May,2,2014,201405,11,4,2014,Not Month End,02/05/2013
20140503,03/05/2014,6,3,488,Saturday,Sat,Weekend,18,71,28/04/2014,20140428,5,17,May,May,2,2014,201405,11,4,2014,Not Month End,03/05/2013
20140504,04/05/2014,7,4,489,Sunday,Sun,Weekend,18,71,28/04/2014,20140428,5,17,May,May,2,2014,201405,11,4,2014,Not Month End,04/05/2013
20140505,05/05/2014,1,5,490,Monday,Mon,Weekday,19,72,05/05/2014,20140505,5,17,May,May,2,2014,201405,11,4,2014,Not Month End,05/05/2013
20140506,06/05/2014,2,6,491,Tuesday,Tue,Weekday,19,72,05/05/2014,20140505,5,17,May,May,2,2014,201405,11,4,2014,Not Month End,06/05/2013
20140507,07/05/2014,3,7,492,Wednesday,Wed,Weekday,19,72,05/05/2014,20140505,5,17,May,May,2,2014,201405,11,4,2014,Not Month End,07/05/2013
20140508,08/05/2014,4,8,493,Thursday,Thu,Weekday,19,72,05/05/2014,20140505,5,17,May,May,2,2014,201405,11,4,2014,Not Month End,08/05/2013
20140509,09/05/2014,5,9,494,Friday,Fri,Weekday,19,72,05/05/2014,20140505,5,17,May,May,2,2014,201405,11,4,2014,Not Month End,09/05/2013
20140510,10/05/2014,6,10,495,Saturday,Sat,Weekend,19,72,05/05/2014,20140505,5,17,May,May,2,2014,201405,11,4,2014,Not Month End,10/05/2013
20140511,11/05/2014,7,11,496,Sunday,Sun,Weekend,19,72,05/05/2014,20140505,5,17,May,May,2,2014,201405,11,4,2014,Not Month End,11/05/2013
20140512,12/05/2014,1,12,497,Monday,Mon,Weekday,20,73,12/05/2014,20140512,5,17,May,May,2,2014,201405,11,4,2014,Not Month End,12/05/2013
20140513,13/05/2014,2,13,498,Tuesday,Tue,Weekday,20,73,12/05/2014,20140512,5,17,May,May,2,2014,201405,11,4,2014,Not Month End,13/05/2013
20140514,14/05/2014,3,14,499,Wednesday,Wed,Weekday,20,73,12/05/2014,20140512,5,17,May,May,2,2014,201405,11,4,2014,Not Month End,14/05/2013
20140515,15/05/2014,4,15,500,Thursday,Thu,Weekday,20,73,12/05/2014,20140512,5,17,May,May,2,2014,201405,11,4,2014,Not Month End,15/05/2013
20140516,16/05/2014,5,16,501,Friday,Fri,Weekday,20,73,12/05/2014,20140512,5,17,May,May,2,2014,201405,11,4,2014,Not Month End,16/05/2013
20140517,17/05/2014,6,17,502,Saturday,Sat,Weekend,20,73,12/05/2014,20140512,5,17,May,May,2,2014,201405,11,4,2014,Not Month End,17/05/2013
20140518,18/05/2014,7,18,503,Sunday,Sun,Weekend,20,73,12/05/2014,20140512,5,17,May,May,2,2014,201405,11,4,2014,Not Month End,18/05/2013
20140519,19/05/2014,1,19,504,Monday,Mon,Weekday,21,74,19/05/2014,20140519,5,17,May,May,2,2014,201405,11,4,2014,Not Month End,19/05/2013
20140520,20/05/2014,2,20,505,Tuesday,Tue,Weekday,21,74,19/05/2014,20140519,5,17,May,May,2,2014,201405,11,4,2014,Not Month End,20/05/2013
20140521,21/05/2014,3,21,506,Wednesday,Wed,Weekday,21,74,19/05/2014,20140519,5,17,May,May,2,2014,201405,11,4,2014,Not Month End,21/05/2013
20140522,22/05/2014,4,22,507,Thursday,Thu,Weekday,21,74,19/05/2014,20140519,5,17,May,May,2,2014,201405,11,4,2014,Not Month End,22/05/2013
20140523,23/05/2014,5,23,508,Friday,Fri,Weekday,21,74,19/05/2014,20140519,5,17,May,May,2,2014,201405,11,4,2014,Not Month End,23/05/2013
20140524,24/05/2014,6,24,509,Saturday,Sat,Weekend,21,74,19/05/2014,20140519,5,17,May,May,2,2014,201405,11,4,2014,Not Month End,24/05/2013
20140525,25/05/2014,7,25,510,Sunday,Sun,Weekend,21,74,19/05/2014,20140519,5,17,May,May,2,2014,201405,11,4,2014,Not Month End,25/05/2013
20140526,26/05/2014,1,26,511,Monday,Mon,Weekday,22,75,26/05/2014,20140526,5,17,May,May,2,2014,201405,11,4,2014,Not Month End,26/05/2013
20140527,27/05/2014,2,27,512,Tuesday,Tue,Weekday,22,75,26/05/2014,20140526,5,17,May,May,2,2014,201405,11,4,2014,Not Month End,27/05/2013
20140528,28/05/2014,3,28,513,Wednesday,Wed,Weekday,22,75,26/05/2014,20140526,5,17,May,May,2,2014,201405,11,4,2014,Not Month End,28/05/2013
20140529,29/05/2014,4,29,514,Thursday,Thu,Weekday,22,75,26/05/2014,20140526,5,17,May,May,2,2014,201405,11,4,2014,Not Month End,29/05/2013
20140530,30/05/2014,5,30,515,Friday,Fri,Weekday,22,75,26/05/2014,20140526,5,17,May,May,2,2014,201405,11,4,2014,Not Month End,30/05/2013
20140531,31/05/2014,6,31,516,Saturday,Sat,Weekend,22,75,26/05/2014,20140526,5,17,May,May,2,2014,201405,11,4,2014,Month End,31/05/2013
20140601,01/06/2014,7,1,517,Sunday,Sun,Weekend,22,75,26/05/2014,20140526,6,18,June,Jun,2,2014,201406,12,4,2014,Not Month End,01/06/2013
20140602,02/06/2014,1,2,518,Monday,Mon,Weekday,23,76,02/06/2014,20140602,6,18,June,Jun,2,2014,201406,12,4,2014,Not Month End,02/06/2013
20140603,03/06/2014,2,3,519,Tuesday,Tue,Weekday,23,76,02/06/2014,20140602,6,18,June,Jun,2,2014,201406,12,4,2014,Not Month End,03/06/2013
20140604,04/06/2014,3,4,520,Wednesday,Wed,Weekday,23,76,02/06/2014,20140602,6,18,June,Jun,2,2014,201406,12,4,2014,Not Month End,04/06/2013
20140605,05/06/2014,4,5,521,Thursday,Thu,Weekday,23,76,02/06/2014,20140602,6,18,June,Jun,2,2014,201406,12,4,2014,Not Month End,05/06/2013
20140606,06/06/2014,5,6,522,Friday,Fri,Weekday,23,76,02/06/2014,20140602,6,18,June,Jun,2,2014,201406,12,4,2014,Not Month End,06/06/2013
20140607,07/06/2014,6,7,523,Saturday,Sat,Weekend,23,76,02/06/2014,20140602,6,18,June,Jun,2,2014,201406,12,4,2014,Not Month End,07/06/2013
20140608,08/06/2014,7,8,524,Sunday,Sun,Weekend,23,76,02/06/2014,20140602,6,18,June,Jun,2,2014,201406,12,4,2014,Not Month End,08/06/2013
20140609,09/06/2014,1,9,525,Monday,Mon,Weekday,24,77,09/06/2014,20140609,6,18,June,Jun,2,2014,201406,12,4,2014,Not Month End,09/06/2013
20140610,10/06/2014,2,10,526,Tuesday,Tue,Weekday,24,77,09/06/2014,20140609,6,18,June,Jun,2,2014,201406,12,4,2014,Not Month End,10/06/2013
20140611,11/06/2014,3,11,527,Wednesday,Wed,Weekday,24,77,09/06/2014,20140609,6,18,June,Jun,2,2014,201406,12,4,2014,Not Month End,11/06/2013
20140612,12/06/2014,4,12,528,Thursday,Thu,Weekday,24,77,09/06/2014,20140609,6,18,June,Jun,2,2014,201406,12,4,2014,Not Month End,12/06/2013
20140613,13/06/2014,5,13,529,Friday,Fri,Weekday,24,77,09/06/2014,20140609,6,18,June,Jun,2,2014,201406,12,4,2014,Not Month End,13/06/2013
20140614,14/06/2014,6,14,530,Saturday,Sat,Weekend,24,77,09/06/2014,20140609,6,18,June,Jun,2,2014,201406,12,4,2014,Not Month End,14/06/2013
20140615,15/06/2014,7,15,531,Sunday,Sun,Weekend,24,77,09/06/2014,20140609,6,18,June,Jun,2,2014,201406,12,4,2014,Not Month End,15/06/2013
20140616,16/06/2014,1,16,532,Monday,Mon,Weekday,25,78,16/06/2014,20140616,6,18,June,Jun,2,2014,201406,12,4,2014,Not Month End,16/06/2013
20140617,17/06/2014,2,17,533,Tuesday,Tue,Weekday,25,78,16/06/2014,20140616,6,18,June,Jun,2,2014,201406,12,4,2014,Not Month End,17/06/2013
20140618,18/06/2014,3,18,534,Wednesday,Wed,Weekday,25,78,16/06/2014,20140616,6,18,June,Jun,2,2014,201406,12,4,2014,Not Month End,18/06/2013
20140619,19/06/2014,4,19,535,Thursday,Thu,Weekday,25,78,16/06/2014,20140616,6,18,June,Jun,2,2014,201406,12,4,2014,Not Month End,19/06/2013
20140620,20/06/2014,5,20,536,Friday,Fri,Weekday,25,78,16/06/2014,20140616,6,18,June,Jun,2,2014,201406,12,4,2014,Not Month End,20/06/2013
20140621,21/06/2014,6,21,537,Saturday,Sat,Weekend,25,78,16/06/2014,20140616,6,18,June,Jun,2,2014,201406,12,4,2014,Not Month End,21/06/2013
20140622,22/06/2014,7,22,538,Sunday,Sun,Weekend,25,78,16/06/2014,20140616,6,18,June,Jun,2,2014,201406,12,4,2014,Not Month End,22/06/2013
20140623,23/06/2014,1,23,539,Monday,Mon,Weekday,26,79,23/06/2014,20140623,6,18,June,Jun,2,2014,201406,12,4,2014,Not Month End,23/06/2013
20140624,24/06/2014,2,24,540,Tuesday,Tue,Weekday,26,79,23/06/2014,20140623,6,18,June,Jun,2,2014,201406,12,4,2014,Not Month End,24/06/2013
20140625,25/06/2014,3,25,541,Wednesday,Wed,Weekday,26,79,23/06/2014,20140623,6,18,June,Jun,2,2014,201406,12,4,2014,Not Month End,25/06/2013
20140626,26/06/2014,4,26,542,Thursday,Thu,Weekday,26,79,23/06/2014,20140623,6,18,June,Jun,2,2014,201406,12,4,2014,Not Month End,26/06/2013
20140627,27/06/2014,5,27,543,Friday,Fri,Weekday,26,79,23/06/2014,20140623,6,18,June,Jun,2,2014,201406,12,4,2014,Not Month End,27/06/2013
20140628,28/06/2014,6,28,544,Saturday,Sat,Weekend,26,79,23/06/2014,20140623,6,18,June,Jun,2,2014,201406,12,4,2014,Not Month End,28/06/2013
20140629,29/06/2014,7,29,545,Sunday,Sun,Weekend,26,79,23/06/2014,20140623,6,18,June,Jun,2,2014,201406,12,4,2014,Not Month End,29/06/2013
20140630,30/06/2014,1,30,546,Monday,Mon,Weekday,27,80,30/06/2014,20140630,6,18,June,Jun,2,2014,201406,12,4,2014,Month End,30/06/2013
20140701,01/07/2014,2,1,547,Tuesday,Tue,Weekday,27,80,30/06/2014,20140630,7,19,July,Jul,3,2014,201407,1,1,2015,Not Month End,01/07/2013
20140702,02/07/2014,3,2,548,Wednesday,Wed,Weekday,27,80,30/06/2014,20140630,7,19,July,Jul,3,2014,201407,1,1,2015,Not Month End,02/07/2013
20140703,03/07/2014,4,3,549,Thursday,Thu,Weekday,27,80,30/06/2014,20140630,7,19,July,Jul,3,2014,201407,1,1,2015,Not Month End,03/07/2013
20140704,04/07/2014,5,4,550,Friday,Fri,Weekday,27,80,30/06/2014,20140630,7,19,July,Jul,3,2014,201407,1,1,2015,Not Month End,04/07/2013
20140705,05/07/2014,6,5,551,Saturday,Sat,Weekend,27,80,30/06/2014,20140630,7,19,July,Jul,3,2014,201407,1,1,2015,Not Month End,05/07/2013
20140706,06/07/2014,7,6,552,Sunday,Sun,Weekend,27,80,30/06/2014,20140630,7,19,July,Jul,3,2014,201407,1,1,2015,Not Month End,06/07/2013
20140707,07/07/2014,1,7,553,Monday,Mon,Weekday,28,81,07/07/2014,20140707,7,19,July,Jul,3,2014,201407,1,1,2015,Not Month End,07/07/2013
20140708,08/07/2014,2,8,554,Tuesday,Tue,Weekday,28,81,07/07/2014,20140707,7,19,July,Jul,3,2014,201407,1,1,2015,Not Month End,08/07/2013
20140709,09/07/2014,3,9,555,Wednesday,Wed,Weekday,28,81,07/07/2014,20140707,7,19,July,Jul,3,2014,201407,1,1,2015,Not Month End,09/07/2013
20140710,10/07/2014,4,10,556,Thursday,Thu,Weekday,28,81,07/07/2014,20140707,7,19,July,Jul,3,2014,201407,1,1,2015,Not Month End,10/07/2013
20140711,11/07/2014,5,11,557,Friday,Fri,Weekday,28,81,07/07/2014,20140707,7,19,July,Jul,3,2014,201407,1,1,2015,Not Month End,11/07/2013
20140712,12/07/2014,6,12,558,Saturday,Sat,Weekend,28,81,07/07/2014,20140707,7,19,July,Jul,3,2014,201407,1,1,2015,Not Month End,12/07/2013
20140713,13/07/2014,7,13,559,Sunday,Sun,Weekend,28,81,07/07/2014,20140707,7,19,July,Jul,3,2014,201407,1,1,2015,Not Month End,13/07/2013
20140714,14/07/2014,1,14,560,Monday,Mon,Weekday,29,82,14/07/2014,20140714,7,19,July,Jul,3,2014,201407,1,1,2015,Not Month End,14/07/2013
20140715,15/07/2014,2,15,561,Tuesday,Tue,Weekday,29,82,14/07/2014,20140714,7,19,July,Jul,3,2014,201407,1,1,2015,Not Month End,15/07/2013
20140716,16/07/2014,3,16,562,Wednesday,Wed,Weekday,29,82,14/07/2014,20140714,7,19,July,Jul,3,2014,201407,1,1,2015,Not Month End,16/07/2013
20140717,17/07/2014,4,17,563,Thursday,Thu,Weekday,29,82,14/07/2014,20140714,7,19,July,Jul,3,2014,201407,1,1,2015,Not Month End,17/07/2013
20140718,18/07/2014,5,18,564,Friday,Fri,Weekday,29,82,14/07/2014,20140714,7,19,July,Jul,3,2014,201407,1,1,2015,Not Month End,18/07/2013
20140719,19/07/2014,6,19,565,Saturday,Sat,Weekend,29,82,14/07/2014,20140714,7,19,July,Jul,3,2014,201407,1,1,2015,Not Month End,19/07/2013
20140720,20/07/2014,7,20,566,Sunday,Sun,Weekend,29,82,14/07/2014,20140714,7,19,July,Jul,3,2014,201407,1,1,2015,Not Month End,20/07/2013
20140721,21/07/2014,1,21,567,Monday,Mon,Weekday,30,83,21/07/2014,20140721,7,19,July,Jul,3,2014,201407,1,1,2015,Not Month End,21/07/2013
20140722,22/07/2014,2,22,568,Tuesday,Tue,Weekday,30,83,21/07/2014,20140721,7,19,July,Jul,3,2014,201407,1,1,2015,Not Month End,22/07/2013
20140723,23/07/2014,3,23,569,Wednesday,Wed,Weekday,30,83,21/07/2014,20140721,7,19,July,Jul,3,2014,201407,1,1,2015,Not Month End,23/07/2013
20140724,24/07/2014,4,24,570,Thursday,Thu,Weekday,30,83,21/07/2014,20140721,7,19,July,Jul,3,2014,201407,1,1,2015,Not Month End,24/07/2013
20140725,25/07/2014,5,25,571,Friday,Fri,Weekday,30,83,21/07/2014,20140721,7,19,July,Jul,3,2014,201407,1,1,2015,Not Month End,25/07/2013
20140726,26/07/2014,6,26,572,Saturday,Sat,Weekend,30,83,21/07/2014,20140721,7,19,July,Jul,3,2014,201407,1,1,2015,Not Month End,26/07/2013
20140727,27/07/2014,7,27,573,Sunday,Sun,Weekend,30,83,21/07/2014,20140721,7,19,July,Jul,3,2014,201407,1,1,2015,Not Month End,27/07/2013
20140728,28/07/2014,1,28,574,Monday,Mon,Weekday,31,84,28/07/2014,20140728,7,19,July,Jul,3,2014,201407,1,1,2015,Not Month End,28/07/2013
20140729,29/07/2014,2,29,575,Tuesday,Tue,Weekday,31,84,28/07/2014,20140728,7,19,July,Jul,3,2014,201407,1,1,2015,Not Month End,29/07/2013
20140730,30/07/2014,3,30,576,Wednesday,Wed,Weekday,31,84,28/07/2014,20140728,7,19,July,Jul,3,2014,201407,1,1,2015,Not Month End,30/07/2013
20140731,31/07/2014,4,31,577,Thursday,Thu,Weekday,31,84,28/07/2014,20140728,7,19,July,Jul,3,2014,201407,1,1,2015,Month End,31/07/2013
20140801,01/08/2014,5,1,578,Friday,Fri,Weekday,31,84,28/07/2014,20140728,8,20,August,Aug,3,2014,201408,2,1,2015,Not Month End,01/08/2013
20140802,02/08/2014,6,2,579,Saturday,Sat,Weekend,31,84,28/07/2014,20140728,8,20,August,Aug,3,2014,201408,2,1,2015,Not Month End,02/08/2013
20140803,03/08/2014,7,3,580,Sunday,Sun,Weekend,31,84,28/07/2014,20140728,8,20,August,Aug,3,2014,201408,2,1,2015,Not Month End,03/08/2013
20140804,04/08/2014,1,4,581,Monday,Mon,Weekday,32,85,04/08/2014,20140804,8,20,August,Aug,3,2014,201408,2,1,2015,Not Month End,04/08/2013
20140805,05/08/2014,2,5,582,Tuesday,Tue,Weekday,32,85,04/08/2014,20140804,8,20,August,Aug,3,2014,201408,2,1,2015,Not Month End,05/08/2013
20140806,06/08/2014,3,6,583,Wednesday,Wed,Weekday,32,85,04/08/2014,20140804,8,20,August,Aug,3,2014,201408,2,1,2015,Not Month End,06/08/2013
20140807,07/08/2014,4,7,584,Thursday,Thu,Weekday,32,85,04/08/2014,20140804,8,20,August,Aug,3,2014,201408,2,1,2015,Not Month End,07/08/2013
20140808,08/08/2014,5,8,585,Friday,Fri,Weekday,32,85,04/08/2014,20140804,8,20,August,Aug,3,2014,201408,2,1,2015,Not Month End,08/08/2013
20140809,09/08/2014,6,9,586,Saturday,Sat,Weekend,32,85,04/08/2014,20140804,8,20,August,Aug,3,2014,201408,2,1,2015,Not Month End,09/08/2013
20140810,10/08/2014,7,10,587,Sunday,Sun,Weekend,32,85,04/08/2014,20140804,8,20,August,Aug,3,2014,201408,2,1,2015,Not Month End,10/08/2013
20140811,11/08/2014,1,11,588,Monday,Mon,Weekday,33,86,11/08/2014,20140811,8,20,August,Aug,3,2014,201408,2,1,2015,Not Month End,11/08/2013
20140812,12/08/2014,2,12,589,Tuesday,Tue,Weekday,33,86,11/08/2014,20140811,8,20,August,Aug,3,2014,201408,2,1,2015,Not Month End,12/08/2013
20140813,13/08/2014,3,13,590,Wednesday,Wed,Weekday,33,86,11/08/2014,20140811,8,20,August,Aug,3,2014,201408,2,1,2015,Not Month End,13/08/2013
20140814,14/08/2014,4,14,591,Thursday,Thu,Weekday,33,86,11/08/2014,20140811,8,20,August,Aug,3,2014,201408,2,1,2015,Not Month End,14/08/2013
20140815,15/08/2014,5,15,592,Friday,Fri,Weekday,33,86,11/08/2014,20140811,8,20,August,Aug,3,2014,201408,2,1,2015,Not Month End,15/08/2013
20140816,16/08/2014,6,16,593,Saturday,Sat,Weekend,33,86,11/08/2014,20140811,8,20,August,Aug,3,2014,201408,2,1,2015,Not Month End,16/08/2013
20140817,17/08/2014,7,17,594,Sunday,Sun,Weekend,33,86,11/08/2014,20140811,8,20,August,Aug,3,2014,201408,2,1,2015,Not Month End,17/08/2013
20140818,18/08/2014,1,18,595,Monday,Mon,Weekday,34,87,18/08/2014,20140818,8,20,August,Aug,3,2014,201408,2,1,2015,Not Month End,18/08/2013
20140819,19/08/2014,2,19,596,Tuesday,Tue,Weekday,34,87,18/08/2014,20140818,8,20,August,Aug,3,2014,201408,2,1,2015,Not Month End,19/08/2013
20140820,20/08/2014,3,20,597,Wednesday,Wed,Weekday,34,87,18/08/2014,20140818,8,20,August,Aug,3,2014,201408,2,1,2015,Not Month End,20/08/2013
20140821,21/08/2014,4,21,598,Thursday,Thu,Weekday,34,87,18/08/2014,20140818,8,20,August,Aug,3,2014,201408,2,1,2015,Not Month End,21/08/2013
20140822,22/08/2014,5,22,599,Friday,Fri,Weekday,34,87,18/08/2014,20140818,8,20,August,Aug,3,2014,201408,2,1,2015,Not Month End,22/08/2013
20140823,23/08/2014,6,23,600,Saturday,Sat,Weekend,34,87,18/08/2014,20140818,8,20,August,Aug,3,2014,201408,2,1,2015,Not Month End,23/08/2013
20140824,24/08/2014,7,24,601,Sunday,Sun,Weekend,34,87,18/08/2014,20140818,8,20,August,Aug,3,2014,201408,2,1,2015,Not Month End,24/08/2013
20140825,25/08/2014,1,25,602,Monday,Mon,Weekday,35,88,25/08/2014,20140825,8,20,August,Aug,3,2014,201408,2,1,2015,Not Month End,25/08/2013
20140826,26/08/2014,2,26,603,Tuesday,Tue,Weekday,35,88,25/08/2014,20140825,8,20,August,Aug,3,2014,201408,2,1,2015,Not Month End,26/08/2013
20140827,27/08/2014,3,27,604,Wednesday,Wed,Weekday,35,88,25/08/2014,20140825,8,20,August,Aug,3,2014,201408,2,1,2015,Not Month End,27/08/2013
20140828,28/08/2014,4,28,605,Thursday,Thu,Weekday,35,88,25/08/2014,20140825,8,20,August,Aug,3,2014,201408,2,1,2015,Not Month End,28/08/2013
20140829,29/08/2014,5,29,606,Friday,Fri,Weekday,35,88,25/08/2014,20140825,8,20,August,Aug,3,2014,201408,2,1,2015,Not Month End,29/08/2013
20140830,30/08/2014,6,30,607,Saturday,Sat,Weekend,35,88,25/08/2014,20140825,8,20,August,Aug,3,2014,201408,2,1,2015,Not Month End,30/08/2013
20140831,31/08/2014,7,31,608,Sunday,Sun,Weekend,35,88,25/08/2014,20140825,8,20,August,Aug,3,2014,201408,2,1,2015,Month End,31/08/2013
20140901,01/09/2014,1,1,609,Monday,Mon,Weekday,36,89,01/09/2014,20140901,9,21,September,Sep,3,2014,201409,3,1,2015,Not Month End,01/09/2013
20140902,02/09/2014,2,2,610,Tuesday,Tue,Weekday,36,89,01/09/2014,20140901,9,21,September,Sep,3,2014,201409,3,1,2015,Not Month End,02/09/2013
20140903,03/09/2014,3,3,611,Wednesday,Wed,Weekday,36,89,01/09/2014,20140901,9,21,September,Sep,3,2014,201409,3,1,2015,Not Month End,03/09/2013
20140904,04/09/2014,4,4,612,Thursday,Thu,Weekday,36,89,01/09/2014,20140901,9,21,September,Sep,3,2014,201409,3,1,2015,Not Month End,04/09/2013
20140905,05/09/2014,5,5,613,Friday,Fri,Weekday,36,89,01/09/2014,20140901,9,21,September,Sep,3,2014,201409,3,1,2015,Not Month End,05/09/2013
20140906,06/09/2014,6,6,614,Saturday,Sat,Weekend,36,89,01/09/2014,20140901,9,21,September,Sep,3,2014,201409,3,1,2015,Not Month End,06/09/2013
20140907,07/09/2014,7,7,615,Sunday,Sun,Weekend,36,89,01/09/2014,20140901,9,21,September,Sep,3,2014,201409,3,1,2015,Not Month End,07/09/2013
20140908,08/09/2014,1,8,616,Monday,Mon,Weekday,37,90,08/09/2014,20140908,9,21,September,Sep,3,2014,201409,3,1,2015,Not Month End,08/09/2013
20140909,09/09/2014,2,9,617,Tuesday,Tue,Weekday,37,90,08/09/2014,20140908,9,21,September,Sep,3,2014,201409,3,1,2015,Not Month End,09/09/2013
20140910,10/09/2014,3,10,618,Wednesday,Wed,Weekday,37,90,08/09/2014,20140908,9,21,September,Sep,3,2014,201409,3,1,2015,Not Month End,10/09/2013
20140911,11/09/2014,4,11,619,Thursday,Thu,Weekday,37,90,08/09/2014,20140908,9,21,September,Sep,3,2014,201409,3,1,2015,Not Month End,11/09/2013
20140912,12/09/2014,5,12,620,Friday,Fri,Weekday,37,90,08/09/2014,20140908,9,21,September,Sep,3,2014,201409,3,1,2015,Not Month End,12/09/2013
20140913,13/09/2014,6,13,621,Saturday,Sat,Weekend,37,90,08/09/2014,20140908,9,21,September,Sep,3,2014,201409,3,1,2015,Not Month End,13/09/2013
20140914,14/09/2014,7,14,622,Sunday,Sun,Weekend,37,90,08/09/2014,20140908,9,21,September,Sep,3,2014,201409,3,1,2015,Not Month End,14/09/2013
20140915,15/09/2014,1,15,623,Monday,Mon,Weekday,38,91,15/09/2014,20140915,9,21,September,Sep,3,2014,201409,3,1,2015,Not Month End,15/09/2013
20140916,16/09/2014,2,16,624,Tuesday,Tue,Weekday,38,91,15/09/2014,20140915,9,21,September,Sep,3,2014,201409,3,1,2015,Not Month End,16/09/2013
20140917,17/09/2014,3,17,625,Wednesday,Wed,Weekday,38,91,15/09/2014,20140915,9,21,September,Sep,3,2014,201409,3,1,2015,Not Month End,17/09/2013
20140918,18/09/2014,4,18,626,Thursday,Thu,Weekday,38,91,15/09/2014,20140915,9,21,September,Sep,3,2014,201409,3,1,2015,Not Month End,18/09/2013
20140919,19/09/2014,5,19,627,Friday,Fri,Weekday,38,91,15/09/2014,20140915,9,21,September,Sep,3,2014,201409,3,1,2015,Not Month End,19/09/2013
20140920,20/09/2014,6,20,628,Saturday,Sat,Weekend,38,91,15/09/2014,20140915,9,21,September,Sep,3,2014,201409,3,1,2015,Not Month End,20/09/2013
20140921,21/09/2014,7,21,629,Sunday,Sun,Weekend,38,91,15/09/2014,20140915,9,21,September,Sep,3,2014,201409,3,1,2015,Not Month End,21/09/2013
20140922,22/09/2014,1,22,630,Monday,Mon,Weekday,39,92,22/09/2014,20140922,9,21,September,Sep,3,2014,201409,3,1,2015,Not Month End,22/09/2013
20140923,23/09/2014,2,23,631,Tuesday,Tue,Weekday,39,92,22/09/2014,20140922,9,21,September,Sep,3,2014,201409,3,1,2015,Not Month End,23/09/2013
20140924,24/09/2014,3,24,632,Wednesday,Wed,Weekday,39,92,22/09/2014,20140922,9,21,September,Sep,3,2014,201409,3,1,2015,Not Month End,24/09/2013
20140925,25/09/2014,4,25,633,Thursday,Thu,Weekday,39,92,22/09/2014,20140922,9,21,September,Sep,3,2014,201409,3,1,2015,Not Month End,25/09/2013
20140926,26/09/2014,5,26,634,Friday,Fri,Weekday,39,92,22/09/2014,20140922,9,21,September,Sep,3,2014,201409,3,1,2015,Not Month End,26/09/2013
20140927,27/09/2014,6,27,635,Saturday,Sat,Weekend,39,92,22/09/2014,20140922,9,21,September,Sep,3,2014,201409,3,1,2015,Not Month End,27/09/2013
20140928,28/09/2014,7,28,636,Sunday,Sun,Weekend,39,92,22/09/2014,20140922,9,21,September,Sep,3,2014,201409,3,1,2015,Not Month End,28/09/2013
20140929,29/09/2014,1,29,637,Monday,Mon,Weekday,40,93,29/09/2014,20140929,9,21,September,Sep,3,2014,201409,3,1,2015,Not Month End,29/09/2013
20140930,30/09/2014,2,30,638,Tuesday,Tue,Weekday,40,93,29/09/2014,20140929,9,21,September,Sep,3,2014,201409,3,1,2015,Month End,30/09/2013
20141001,01/10/2014,3,1,639,Wednesday,Wed,Weekday,40,93,29/09/2014,20140929,10,22,October,Oct,4,2014,201410,4,2,2015,Not Month End,01/10/2013
20141002,02/10/2014,4,2,640,Thursday,Thu,Weekday,40,93,29/09/2014,20140929,10,22,October,Oct,4,2014,201410,4,2,2015,Not Month End,02/10/2013
20141003,03/10/2014,5,3,641,Friday,Fri,Weekday,40,93,29/09/2014,20140929,10,22,October,Oct,4,2014,201410,4,2,2015,Not Month End,03/10/2013
20141004,04/10/2014,6,4,642,Saturday,Sat,Weekend,40,93,29/09/2014,20140929,10,22,October,Oct,4,2014,201410,4,2,2015,Not Month End,04/10/2013
20141005,05/10/2014,7,5,643,Sunday,Sun,Weekend,40,93,29/09/2014,20140929,10,22,October,Oct,4,2014,201410,4,2,2015,Not Month End,05/10/2013
20141006,06/10/2014,1,6,644,Monday,Mon,Weekday,41,94,06/10/2014,20141006,10,22,October,Oct,4,2014,201410,4,2,2015,Not Month End,06/10/2013
20141007,07/10/2014,2,7,645,Tuesday,Tue,Weekday,41,94,06/10/2014,20141006,10,22,October,Oct,4,2014,201410,4,2,2015,Not Month End,07/10/2013
20141008,08/10/2014,3,8,646,Wednesday,Wed,Weekday,41,94,06/10/2014,20141006,10,22,October,Oct,4,2014,201410,4,2,2015,Not Month End,08/10/2013
20141009,09/10/2014,4,9,647,Thursday,Thu,Weekday,41,94,06/10/2014,20141006,10,22,October,Oct,4,2014,201410,4,2,2015,Not Month End,09/10/2013
20141010,10/10/2014,5,10,648,Friday,Fri,Weekday,41,94,06/10/2014,20141006,10,22,October,Oct,4,2014,201410,4,2,2015,Not Month End,10/10/2013
20141011,11/10/2014,6,11,649,Saturday,Sat,Weekend,41,94,06/10/2014,20141006,10,22,October,Oct,4,2014,201410,4,2,2015,Not Month End,11/10/2013
20141012,12/10/2014,7,12,650,Sunday,Sun,Weekend,41,94,06/10/2014,20141006,10,22,October,Oct,4,2014,201410,4,2,2015,Not Month End,12/10/2013
20141013,13/10/2014,1,13,651,Monday,Mon,Weekday,42,95,13/10/2014,20141013,10,22,October,Oct,4,2014,201410,4,2,2015,Not Month End,13/10/2013
20141014,14/10/2014,2,14,652,Tuesday,Tue,Weekday,42,95,13/10/2014,20141013,10,22,October,Oct,4,2014,201410,4,2,2015,Not Month End,14/10/2013
20141015,15/10/2014,3,15,653,Wednesday,Wed,Weekday,42,95,13/10/2014,20141013,10,22,October,Oct,4,2014,201410,4,2,2015,Not Month End,15/10/2013
20141016,16/10/2014,4,16,654,Thursday,Thu,Weekday,42,95,13/10/2014,20141013,10,22,October,Oct,4,2014,201410,4,2,2015,Not Month End,16/10/2013
20141017,17/10/2014,5,17,655,Friday,Fri,Weekday,42,95,13/10/2014,20141013,10,22,October,Oct,4,2014,201410,4,2,2015,Not Month End,17/10/2013
20141018,18/10/2014,6,18,656,Saturday,Sat,Weekend,42,95,13/10/2014,20141013,10,22,October,Oct,4,2014,201410,4,2,2015,Not Month End,18/10/2013
20141019,19/10/2014,7,19,657,Sunday,Sun,Weekend,42,95,13/10/2014,20141013,10,22,October,Oct,4,2014,201410,4,2,2015,Not Month End,19/10/2013
20141020,20/10/2014,1,20,658,Monday,Mon,Weekday,43,96,20/10/2014,20141020,10,22,October,Oct,4,2014,201410,4,2,2015,Not Month End,20/10/2013
20141021,21/10/2014,2,21,659,Tuesday,Tue,Weekday,43,96,20/10/2014,20141020,10,22,October,Oct,4,2014,201410,4,2,2015,Not Month End,21/10/2013
20141022,22/10/2014,3,22,660,Wednesday,Wed,Weekday,43,96,20/10/2014,20141020,10,22,October,Oct,4,2014,201410,4,2,2015,Not Month End,22/10/2013
20141023,23/10/2014,4,23,661,Thursday,Thu,Weekday,43,96,20/10/2014,20141020,10,22,October,Oct,4,2014,201410,4,2,2015,Not Month End,23/10/2013
20141024,24/10/2014,5,24,662,Friday,Fri,Weekday,43,96,20/10/2014,20141020,10,22,October,Oct,4,2014,201410,4,2,2015,Not Month End,24/10/2013
20141025,25/10/2014,6,25,663,Saturday,Sat,Weekend,43,96,20/10/2014,20141020,10,22,October,Oct,4,2014,201410,4,2,2015,Not Month End,25/10/2013
20141026,26/10/2014,7,26,664,Sunday,Sun,Weekend,43,96,20/10/2014,20141020,10,22,October,Oct,4,2014,201410,4,2,2015,Not Month End,26/10/2013
20141027,27/10/2014,1,27,665,Monday,Mon,Weekday,44,97,27/10/2014,20141027,10,22,October,Oct,4,2014,201410,4,2,2015,Not Month End,27/10/2013
20141028,28/10/2014,2,28,666,Tuesday,Tue,Weekday,44,97,27/10/2014,20141027,10,22,October,Oct,4,2014,201410,4,2,2015,Not Month End,28/10/2013
20141029,29/10/2014,3,29,667,Wednesday,Wed,Weekday,44,97,27/10/2014,20141027,10,22,October,Oct,4,2014,201410,4,2,2015,Not Month End,29/10/2013
20141030,30/10/2014,4,30,668,Thursday,Thu,Weekday,44,97,27/10/2014,20141027,10,22,October,Oct,4,2014,201410,4,2,2015,Not Month End,30/10/2013
20141031,31/10/2014,5,31,669,Friday,Fri,Weekday,44,97,27/10/2014,20141027,10,22,October,Oct,4,2014,201410,4,2,2015,Month End,31/10/2013
20141101,01/11/2014,6,1,670,Saturday,Sat,Weekend,44,97,27/10/2014,20141027,11,23,November,Nov,4,2014,201411,5,2,2015,Not Month End,01/11/2013
20141102,02/11/2014,7,2,671,Sunday,Sun,Weekend,44,97,27/10/2014,20141027,11,23,November,Nov,4,2014,201411,5,2,2015,Not Month End,02/11/2013
20141103,03/11/2014,1,3,672,Monday,Mon,Weekday,45,98,03/11/2014,20141103,11,23,November,Nov,4,2014,201411,5,2,2015,Not Month End,03/11/2013
20141104,04/11/2014,2,4,673,Tuesday,Tue,Weekday,45,98,03/11/2014,20141103,11,23,November,Nov,4,2014,201411,5,2,2015,Not Month End,04/11/2013
20141105,05/11/2014,3,5,674,Wednesday,Wed,Weekday,45,98,03/11/2014,20141103,11,23,November,Nov,4,2014,201411,5,2,2015,Not Month End,05/11/2013
20141106,06/11/2014,4,6,675,Thursday,Thu,Weekday,45,98,03/11/2014,20141103,11,23,November,Nov,4,2014,201411,5,2,2015,Not Month End,06/11/2013
20141107,07/11/2014,5,7,676,Friday,Fri,Weekday,45,98,03/11/2014,20141103,11,23,November,Nov,4,2014,201411,5,2,2015,Not Month End,07/11/2013
20141108,08/11/2014,6,8,677,Saturday,Sat,Weekend,45,98,03/11/2014,20141103,11,23,November,Nov,4,2014,201411,5,2,2015,Not Month End,08/11/2013
20141109,09/11/2014,7,9,678,Sunday,Sun,Weekend,45,98,03/11/2014,20141103,11,23,November,Nov,4,2014,201411,5,2,2015,Not Month End,09/11/2013
20141110,10/11/2014,1,10,679,Monday,Mon,Weekday,46,99,10/11/2014,20141110,11,23,November,Nov,4,2014,201411,5,2,2015,Not Month End,10/11/2013
20141111,11/11/2014,2,11,680,Tuesday,Tue,Weekday,46,99,10/11/2014,20141110,11,23,November,Nov,4,2014,201411,5,2,2015,Not Month End,11/11/2013
20141112,12/11/2014,3,12,681,Wednesday,Wed,Weekday,46,99,10/11/2014,20141110,11,23,November,Nov,4,2014,201411,5,2,2015,Not Month End,12/11/2013
20141113,13/11/2014,4,13,682,Thursday,Thu,Weekday,46,99,10/11/2014,20141110,11,23,November,Nov,4,2014,201411,5,2,2015,Not Month End,13/11/2013
20141114,14/11/2014,5,14,683,Friday,Fri,Weekday,46,99,10/11/2014,20141110,11,23,November,Nov,4,2014,201411,5,2,2015,Not Month End,14/11/2013
20141115,15/11/2014,6,15,684,Saturday,Sat,Weekend,46,99,10/11/2014,20141110,11,23,November,Nov,4,2014,201411,5,2,2015,Not Month End,15/11/2013
20141116,16/11/2014,7,16,685,Sunday,Sun,Weekend,46,99,10/11/2014,20141110,11,23,November,Nov,4,2014,201411,5,2,2015,Not Month End,16/11/2013
20141117,17/11/2014,1,17,686,Monday,Mon,Weekday,47,100,17/11/2014,20141117,11,23,November,Nov,4,2014,201411,5,2,2015,Not Month End,17/11/2013
20141118,18/11/2014,2,18,687,Tuesday,Tue,Weekday,47,100,17/11/2014,20141117,11,23,November,Nov,4,2014,201411,5,2,2015,Not Month End,18/11/2013
20141119,19/11/2014,3,19,688,Wednesday,Wed,Weekday,47,100,17/11/2014,20141117,11,23,November,Nov,4,2014,201411,5,2,2015,Not Month End,19/11/2013
20141120,20/11/2014,4,20,689,Thursday,Thu,Weekday,47,100,17/11/2014,20141117,11,23,November,Nov,4,2014,201411,5,2,2015,Not Month End,20/11/2013
20141121,21/11/2014,5,21,690,Friday,Fri,Weekday,47,100,17/11/2014,20141117,11,23,November,Nov,4,2014,201411,5,2,2015,Not Month End,21/11/2013
20141122,22/11/2014,6,22,691,Saturday,Sat,Weekend,47,100,17/11/2014,20141117,11,23,November,Nov,4,2014,201411,5,2,2015,Not Month End,22/11/2013
20141123,23/11/2014,7,23,692,Sunday,Sun,Weekend,47,100,17/11/2014,20141117,11,23,November,Nov,4,2014,201411,5,2,2015,Not Month End,23/11/2013
20141124,24/11/2014,1,24,693,Monday,Mon,Weekday,48,101,24/11/2014,20141124,11,23,November,Nov,4,2014,201411,5,2,2015,Not Month End,24/11/2013
20141125,25/11/2014,2,25,694,Tuesday,Tue,Weekday,48,101,24/11/2014,20141124,11,23,November,Nov,4,2014,201411,5,2,2015,Not Month End,25/11/2013
20141126,26/11/2014,3,26,695,Wednesday,Wed,Weekday,48,101,24/11/2014,20141124,11,23,November,Nov,4,2014,201411,5,2,2015,Not Month End,26/11/2013
20141127,27/11/2014,4,27,696,Thursday,Thu,Weekday,48,101,24/11/2014,20141124,11,23,November,Nov,4,2014,201411,5,2,2015,Not Month End,27/11/2013
20141128,28/11/2014,5,28,697,Friday,Fri,Weekday,48,101,24/11/2014,20141124,11,23,November,Nov,4,2014,201411,5,2,2015,Not Month End,28/11/2013
20141129,29/11/2014,6,29,698,Saturday,Sat,Weekend,48,101,24/11/2014,20141124,11,23,November,Nov,4,2014,201411,5,2,2015,Not Month End,29/11/2013
20141130,30/11/2014,7,30,699,Sunday,Sun,Weekend,48,101,24/11/2014,20141124,11,23,November,Nov,4,2014,201411,5,2,2015,Month End,30/11/2013
20141201,01/12/2014,1,1,700,Monday,Mon,Weekday,49,102,01/12/2014,20141201,12,24,December,Dec,4,2014,201412,6,2,2015,Not Month End,01/12/2013
20141202,02/12/2014,2,2,701,Tuesday,Tue,Weekday,49,102,01/12/2014,20141201,12,24,December,Dec,4,2014,201412,6,2,2015,Not Month End,02/12/2013
20141203,03/12/2014,3,3,702,Wednesday,Wed,Weekday,49,102,01/12/2014,20141201,12,24,December,Dec,4,2014,201412,6,2,2015,Not Month End,03/12/2013
20141204,04/12/2014,4,4,703,Thursday,Thu,Weekday,49,102,01/12/2014,20141201,12,24,December,Dec,4,2014,201412,6,2,2015,Not Month End,04/12/2013
20141205,05/12/2014,5,5,704,Friday,Fri,Weekday,49,102,01/12/2014,20141201,12,24,December,Dec,4,2014,201412,6,2,2015,Not Month End,05/12/2013
20141206,06/12/2014,6,6,705,Saturday,Sat,Weekend,49,102,01/12/2014,20141201,12,24,December,Dec,4,2014,201412,6,2,2015,Not Month End,06/12/2013
20141207,07/12/2014,7,7,706,Sunday,Sun,Weekend,49,102,01/12/2014,20141201,12,24,December,Dec,4,2014,201412,6,2,2015,Not Month End,07/12/2013
20141208,08/12/2014,1,8,707,Monday,Mon,Weekday,50,103,08/12/2014,20141208,12,24,December,Dec,4,2014,201412,6,2,2015,Not Month End,08/12/2013
20141209,09/12/2014,2,9,708,Tuesday,Tue,Weekday,50,103,08/12/2014,20141208,12,24,December,Dec,4,2014,201412,6,2,2015,Not Month End,09/12/2013
20141210,10/12/2014,3,10,709,Wednesday,Wed,Weekday,50,103,08/12/2014,20141208,12,24,December,Dec,4,2014,201412,6,2,2015,Not Month End,10/12/2013
20141211,11/12/2014,4,11,710,Thursday,Thu,Weekday,50,103,08/12/2014,20141208,12,24,December,Dec,4,2014,201412,6,2,2015,Not Month End,11/12/2013
20141212,12/12/2014,5,12,711,Friday,Fri,Weekday,50,103,08/12/2014,20141208,12,24,December,Dec,4,2014,201412,6,2,2015,Not Month End,12/12/2013
20141213,13/12/2014,6,13,712,Saturday,Sat,Weekend,50,103,08/12/2014,20141208,12,24,December,Dec,4,2014,201412,6,2,2015,Not Month End,13/12/2013
20141214,14/12/2014,7,14,713,Sunday,Sun,Weekend,50,103,08/12/2014,20141208,12,24,December,Dec,4,2014,201412,6,2,2015,Not Month End,14/12/2013
20141215,15/12/2014,1,15,714,Monday,Mon,Weekday,51,104,15/12/2014,20141215,12,24,December,Dec,4,2014,201412,6,2,2015,Not Month End,15/12/2013
20141216,16/12/2014,2,16,715,Tuesday,Tue,Weekday,51,104,15/12/2014,20141215,12,24,December,Dec,4,2014,201412,6,2,2015,Not Month End,16/12/2013
20141217,17/12/2014,3,17,716,Wednesday,Wed,Weekday,51,104,15/12/2014,20141215,12,24,December,Dec,4,2014,201412,6,2,2015,Not Month End,17/12/2013
20141218,18/12/2014,4,18,717,Thursday,Thu,Weekday,51,104,15/12/2014,20141215,12,24,December,Dec,4,2014,201412,6,2,2015,Not Month End,18/12/2013
20141219,19/12/2014,5,19,718,Friday,Fri,Weekday,51,104,15/12/2014,20141215,12,24,December,Dec,4,2014,201412,6,2,2015,Not Month End,19/12/2013
20141220,20/12/2014,6,20,719,Saturday,Sat,Weekend,51,104,15/12/2014,20141215,12,24,December,Dec,4,2014,201412,6,2,2015,Not Month End,20/12/2013
20141221,21/12/2014,7,21,720,Sunday,Sun,Weekend,51,104,15/12/2014,20141215,12,24,December,Dec,4,2014,201412,6,2,2015,Not Month End,21/12/2013
20141222,22/12/2014,1,22,721,Monday,Mon,Weekday,52,105,22/12/2014,20141222,12,24,December,Dec,4,2014,201412,6,2,2015,Not Month End,22/12/2013
20141223,23/12/2014,2,23,722,Tuesday,Tue,Weekday,52,105,22/12/2014,20141222,12,24,December,Dec,4,2014,201412,6,2,2015,Not Month End,23/12/2013
20141224,24/12/2014,3,24,723,Wednesday,Wed,Weekday,52,105,22/12/2014,20141222,12,24,December,Dec,4,2014,201412,6,2,2015,Not Month End,24/12/2013
20141225,25/12/2014,4,25,724,Thursday,Thu,Weekday,52,105,22/12/2014,20141222,12,24,December,Dec,4,2014,201412,6,2,2015,Not Month End,25/12/2013
20141226,26/12/2014,5,26,725,Friday,Fri,Weekday,52,105,22/12/2014,20141222,12,24,December,Dec,4,2014,201412,6,2,2015,Not Month End,26/12/2013
20141227,27/12/2014,6,27,726,Saturday,Sat,Weekend,52,105,22/12/2014,20141222,12,24,December,Dec,4,2014,201412,6,2,2015,Not Month End,27/12/2013
20141228,28/12/2014,7,28,727,Sunday,Sun,Weekend,52,105,22/12/2014,20141222,12,24,December,Dec,4,2014,201412,6,2,2015,Not Month End,28/12/2013
20141229,29/12/2014,1,29,728,Monday,Mon,Weekday,53,106,29/12/2014,20141229,12,24,December,Dec,4,2014,201412,6,2,2015,Not Month End,29/12/2013
20141230,30/12/2014,2,30,729,Tuesday,Tue,Weekday,53,106,29/12/2014,20141229,12,24,December,Dec,4,2014,201412,6,2,2015,Not Month End,30/12/2013
20141231,31/12/2014,3,31,730,Wednesday,Wed,Weekday,53,106,29/12/2014,20141229,12,24,December,Dec,4,2014,201412,6,2,2015,Month End,31/12/2013
20150101,01/01/2015,4,1,731,Thursday,Thu,Weekday,1,107,29/12/2014,20141229,1,25,January,Jan,1,2015,201501,7,3,2015,Not Month End,01/01/2014
20150102,02/01/2015,5,2,732,Friday,Fri,Weekday,1,107,29/12/2014,20141229,1,25,January,Jan,1,2015,201501,7,3,2015,Not Month End,02/01/2014
20150103,03/01/2015,6,3,733,Saturday,Sat,Weekend,1,107,29/12/2014,20141229,1,25,January,Jan,1,2015,201501,7,3,2015,Not Month End,03/01/2014
20150104,04/01/2015,7,4,734,Sunday,Sun,Weekend,1,107,29/12/2014,20141229,1,25,January,Jan,1,2015,201501,7,3,2015,Not Month End,04/01/2014
20150105,05/01/2015,1,5,735,Monday,Mon,Weekday,2,108,05/01/2015,20150105,1,25,January,Jan,1,2015,201501,7,3,2015,Not Month End,05/01/2014
20150106,06/01/2015,2,6,736,Tuesday,Tue,Weekday,2,108,05/01/2015,20150105,1,25,January,Jan,1,2015,201501,7,3,2015,Not Month End,06/01/2014
20150107,07/01/2015,3,7,737,Wednesday,Wed,Weekday,2,108,05/01/2015,20150105,1,25,January,Jan,1,2015,201501,7,3,2015,Not Month End,07/01/2014
20150108,08/01/2015,4,8,738,Thursday,Thu,Weekday,2,108,05/01/2015,20150105,1,25,January,Jan,1,2015,201501,7,3,2015,Not Month End,08/01/2014
20150109,09/01/2015,5,9,739,Friday,Fri,Weekday,2,108,05/01/2015,20150105,1,25,January,Jan,1,2015,201501,7,3,2015,Not Month End,09/01/2014
20150110,10/01/2015,6,10,740,Saturday,Sat,Weekend,2,108,05/01/2015,20150105,1,25,January,Jan,1,2015,201501,7,3,2015,Not Month End,10/01/2014
20150111,11/01/2015,7,11,741,Sunday,Sun,Weekend,2,108,05/01/2015,20150105,1,25,January,Jan,1,2015,201501,7,3,2015,Not Month End,11/01/2014
20150112,12/01/2015,1,12,742,Monday,Mon,Weekday,3,109,12/01/2015,20150112,1,25,January,Jan,1,2015,201501,7,3,2015,Not Month End,12/01/2014
20150113,13/01/2015,2,13,743,Tuesday,Tue,Weekday,3,109,12/01/2015,20150112,1,25,January,Jan,1,2015,201501,7,3,2015,Not Month End,13/01/2014
20150114,14/01/2015,3,14,744,Wednesday,Wed,Weekday,3,109,12/01/2015,20150112,1,25,January,Jan,1,2015,201501,7,3,2015,Not Month End,14/01/2014
20150115,15/01/2015,4,15,745,Thursday,Thu,Weekday,3,109,12/01/2015,20150112,1,25,January,Jan,1,2015,201501,7,3,2015,Not Month End,15/01/2014
20150116,16/01/2015,5,16,746,Friday,Fri,Weekday,3,109,12/01/2015,20150112,1,25,January,Jan,1,2015,201501,7,3,2015,Not Month End,16/01/2014
20150117,17/01/2015,6,17,747,Saturday,Sat,Weekend,3,109,12/01/2015,20150112,1,25,January,Jan,1,2015,201501,7,3,2015,Not Month End,17/01/2014
20150118,18/01/2015,7,18,748,Sunday,Sun,Weekend,3,109,12/01/2015,20150112,1,25,January,Jan,1,2015,201501,7,3,2015,Not Month End,18/01/2014
20150119,19/01/2015,1,19,749,Monday,Mon,Weekday,4,110,19/01/2015,20150119,1,25,January,Jan,1,2015,201501,7,3,2015,Not Month End,19/01/2014
20150120,20/01/2015,2,20,750,Tuesday,Tue,Weekday,4,110,19/01/2015,20150119,1,25,January,Jan,1,2015,201501,7,3,2015,Not Month End,20/01/2014
20150121,21/01/2015,3,21,751,Wednesday,Wed,Weekday,4,110,19/01/2015,20150119,1,25,January,Jan,1,2015,201501,7,3,2015,Not Month End,21/01/2014
20150122,22/01/2015,4,22,752,Thursday,Thu,Weekday,4,110,19/01/2015,20150119,1,25,January,Jan,1,2015,201501,7,3,2015,Not Month End,22/01/2014
20150123,23/01/2015,5,23,753,Friday,Fri,Weekday,4,110,19/01/2015,20150119,1,25,January,Jan,1,2015,201501,7,3,2015,Not Month End,23/01/2014
20150124,24/01/2015,6,24,754,Saturday,Sat,Weekend,4,110,19/01/2015,20150119,1,25,January,Jan,1,2015,201501,7,3,2015,Not Month End,24/01/2014
20150125,25/01/2015,7,25,755,Sunday,Sun,Weekend,4,110,19/01/2015,20150119,1,25,January,Jan,1,2015,201501,7,3,2015,Not Month End,25/01/2014
20150126,26/01/2015,1,26,756,Monday,Mon,Weekday,5,111,26/01/2015,20150126,1,25,January,Jan,1,2015,201501,7,3,2015,Not Month End,26/01/2014
20150127,27/01/2015,2,27,757,Tuesday,Tue,Weekday,5,111,26/01/2015,20150126,1,25,January,Jan,1,2015,201501,7,3,2015,Not Month End,27/01/2014
20150128,28/01/2015,3,28,758,Wednesday,Wed,Weekday,5,111,26/01/2015,20150126,1,25,January,Jan,1,2015,201501,7,3,2015,Not Month End,28/01/2014
20150129,29/01/2015,4,29,759,Thursday,Thu,Weekday,5,111,26/01/2015,20150126,1,25,January,Jan,1,2015,201501,7,3,2015,Not Month End,29/01/2014
20150130,30/01/2015,5,30,760,Friday,Fri,Weekday,5,111,26/01/2015,20150126,1,25,January,Jan,1,2015,201501,7,3,2015,Not Month End,30/01/2014
20150131,31/01/2015,6,31,761,Saturday,Sat,Weekend,5,111,26/01/2015,20150126,1,25,January,Jan,1,2015,201501,7,3,2015,Month End,31/01/2014
20150201,01/02/2015,7,1,762,Sunday,Sun,Weekend,5,111,26/01/2015,20150126,2,26,February,Feb,1,2015,201502,8,3,2015,Not Month End,01/02/2014
20150202,02/02/2015,1,2,763,Monday,Mon,Weekday,6,112,02/02/2015,20150202,2,26,February,Feb,1,2015,201502,8,3,2015,Not Month End,02/02/2014
20150203,03/02/2015,2,3,764,Tuesday,Tue,Weekday,6,112,02/02/2015,20150202,2,26,February,Feb,1,2015,201502,8,3,2015,Not Month End,03/02/2014
20150204,04/02/2015,3,4,765,Wednesday,Wed,Weekday,6,112,02/02/2015,20150202,2,26,February,Feb,1,2015,201502,8,3,2015,Not Month End,04/02/2014
20150205,05/02/2015,4,5,766,Thursday,Thu,Weekday,6,112,02/02/2015,20150202,2,26,February,Feb,1,2015,201502,8,3,2015,Not Month End,05/02/2014
20150206,06/02/2015,5,6,767,Friday,Fri,Weekday,6,112,02/02/2015,20150202,2,26,February,Feb,1,2015,201502,8,3,2015,Not Month End,06/02/2014
20150207,07/02/2015,6,7,768,Saturday,Sat,Weekend,6,112,02/02/2015,20150202,2,26,February,Feb,1,2015,201502,8,3,2015,Not Month End,07/02/2014
20150208,08/02/2015,7,8,769,Sunday,Sun,Weekend,6,112,02/02/2015,20150202,2,26,February,Feb,1,2015,201502,8,3,2015,Not Month End,08/02/2014
20150209,09/02/2015,1,9,770,Monday,Mon,Weekday,7,113,09/02/2015,20150209,2,26,February,Feb,1,2015,201502,8,3,2015,Not Month End,09/02/2014
20150210,10/02/2015,2,10,771,Tuesday,Tue,Weekday,7,113,09/02/2015,20150209,2,26,February,Feb,1,2015,201502,8,3,2015,Not Month End,10/02/2014
20150211,11/02/2015,3,11,772,Wednesday,Wed,Weekday,7,113,09/02/2015,20150209,2,26,February,Feb,1,2015,201502,8,3,2015,Not Month End,11/02/2014
20150212,12/02/2015,4,12,773,Thursday,Thu,Weekday,7,113,09/02/2015,20150209,2,26,February,Feb,1,2015,201502,8,3,2015,Not Month End,12/02/2014
20150213,13/02/2015,5,13,774,Friday,Fri,Weekday,7,113,09/02/2015,20150209,2,26,February,Feb,1,2015,201502,8,3,2015,Not Month End,13/02/2014
20150214,14/02/2015,6,14,775,Saturday,Sat,Weekend,7,113,09/02/2015,20150209,2,26,February,Feb,1,2015,201502,8,3,2015,Not Month End,14/02/2014
20150215,15/02/2015,7,15,776,Sunday,Sun,Weekend,7,113,09/02/2015,20150209,2,26,February,Feb,1,2015,201502,8,3,2015,Not Month End,15/02/2014
20150216,16/02/2015,1,16,777,Monday,Mon,Weekday,8,114,16/02/2015,20150216,2,26,February,Feb,1,2015,201502,8,3,2015,Not Month End,16/02/2014
20150217,17/02/2015,2,17,778,Tuesday,Tue,Weekday,8,114,16/02/2015,20150216,2,26,February,Feb,1,2015,201502,8,3,2015,Not Month End,17/02/2014
20150218,18/02/2015,3,18,779,Wednesday,Wed,Weekday,8,114,16/02/2015,20150216,2,26,February,Feb,1,2015,201502,8,3,2015,Not Month End,18/02/2014
20150219,19/02/2015,4,19,780,Thursday,Thu,Weekday,8,114,16/02/2015,20150216,2,26,February,Feb,1,2015,201502,8,3,2015,Not Month End,19/02/2014
20150220,20/02/2015,5,20,781,Friday,Fri,Weekday,8,114,16/02/2015,20150216,2,26,February,Feb,1,2015,201502,8,3,2015,Not Month End,20/02/2014
20150221,21/02/2015,6,21,782,Saturday,Sat,Weekend,8,114,16/02/2015,20150216,2,26,February,Feb,1,2015,201502,8,3,2015,Not Month End,21/02/2014
20150222,22/02/2015,7,22,783,Sunday,Sun,Weekend,8,114,16/02/2015,20150216,2,26,February,Feb,1,2015,201502,8,3,2015,Not Month End,22/02/2014
20150223,23/02/2015,1,23,784,Monday,Mon,Weekday,9,115,23/02/2015,20150223,2,26,February,Feb,1,2015,201502,8,3,2015,Not Month End,23/02/2014
20150224,24/02/2015,2,24,785,Tuesday,Tue,Weekday,9,115,23/02/2015,20150223,2,26,February,Feb,1,2015,201502,8,3,2015,Not Month End,24/02/2014
20150225,25/02/2015,3,25,786,Wednesday,Wed,Weekday,9,115,23/02/2015,20150223,2,26,February,Feb,1,2015,201502,8,3,2015,Not Month End,25/02/2014
20150226,26/02/2015,4,26,787,Thursday,Thu,Weekday,9,115,23/02/2015,20150223,2,26,February,Feb,1,2015,201502,8,3,2015,Not Month End,26/02/2014
20150227,27/02/2015,5,27,788,Friday,Fri,Weekday,9,115,23/02/2015,20150223,2,26,February,Feb,1,2015,201502,8,3,2015,Not Month End,27/02/2014
20150228,28/02/2015,6,28,789,Saturday,Sat,Weekend,9,115,23/02/2015,20150223,2,26,February,Feb,1,2015,201502,8,3,2015,Month End,28/02/2014
20150301,01/03/2015,7,1,790,Sunday,Sun,Weekend,9,115,23/02/2015,20150223,3,27,March,Mar,1,2015,201503,9,3,2015,Not Month End,01/03/2014
20150302,02/03/2015,1,2,791,Monday,Mon,Weekday,10,116,02/03/2015,20150302,3,27,March,Mar,1,2015,201503,9,3,2015,Not Month End,02/03/2014
20150303,03/03/2015,2,3,792,Tuesday,Tue,Weekday,10,116,02/03/2015,20150302,3,27,March,Mar,1,2015,201503,9,3,2015,Not Month End,03/03/2014
20150304,04/03/2015,3,4,793,Wednesday,Wed,Weekday,10,116,02/03/2015,20150302,3,27,March,Mar,1,2015,201503,9,3,2015,Not Month End,04/03/2014
20150305,05/03/2015,4,5,794,Thursday,Thu,Weekday,10,116,02/03/2015,20150302,3,27,March,Mar,1,2015,201503,9,3,2015,Not Month End,05/03/2014
20150306,06/03/2015,5,6,795,Friday,Fri,Weekday,10,116,02/03/2015,20150302,3,27,March,Mar,1,2015,201503,9,3,2015,Not Month End,06/03/2014
20150307,07/03/2015,6,7,796,Saturday,Sat,Weekend,10,116,02/03/2015,20150302,3,27,March,Mar,1,2015,201503,9,3,2015,Not Month End,07/03/2014
20150308,08/03/2015,7,8,797,Sunday,Sun,Weekend,10,116,02/03/2015,20150302,3,27,March,Mar,1,2015,201503,9,3,2015,Not Month End,08/03/2014
20150309,09/03/2015,1,9,798,Monday,Mon,Weekday,11,117,09/03/2015,20150309,3,27,March,Mar,1,2015,201503,9,3,2015,Not Month End,09/03/2014
20150310,10/03/2015,2,10,799,Tuesday,Tue,Weekday,11,117,09/03/2015,20150309,3,27,March,Mar,1,2015,201503,9,3,2015,Not Month End,10/03/2014
20150311,11/03/2015,3,11,800,Wednesday,Wed,Weekday,11,117,09/03/2015,20150309,3,27,March,Mar,1,2015,201503,9,3,2015,Not Month End,11/03/2014
20150312,12/03/2015,4,12,801,Thursday,Thu,Weekday,11,117,09/03/2015,20150309,3,27,March,Mar,1,2015,201503,9,3,2015,Not Month End,12/03/2014
20150313,13/03/2015,5,13,802,Friday,Fri,Weekday,11,117,09/03/2015,20150309,3,27,March,Mar,1,2015,201503,9,3,2015,Not Month End,13/03/2014
20150314,14/03/2015,6,14,803,Saturday,Sat,Weekend,11,117,09/03/2015,20150309,3,27,March,Mar,1,2015,201503,9,3,2015,Not Month End,14/03/2014
20150315,15/03/2015,7,15,804,Sunday,Sun,Weekend,11,117,09/03/2015,20150309,3,27,March,Mar,1,2015,201503,9,3,2015,Not Month End,15/03/2014
20150316,16/03/2015,1,16,805,Monday,Mon,Weekday,12,118,16/03/2015,20150316,3,27,March,Mar,1,2015,201503,9,3,2015,Not Month End,16/03/2014
20150317,17/03/2015,2,17,806,Tuesday,Tue,Weekday,12,118,16/03/2015,20150316,3,27,March,Mar,1,2015,201503,9,3,2015,Not Month End,17/03/2014
20150318,18/03/2015,3,18,807,Wednesday,Wed,Weekday,12,118,16/03/2015,20150316,3,27,March,Mar,1,2015,201503,9,3,2015,Not Month End,18/03/2014
20150319,19/03/2015,4,19,808,Thursday,Thu,Weekday,12,118,16/03/2015,20150316,3,27,March,Mar,1,2015,201503,9,3,2015,Not Month End,19/03/2014
20150320,20/03/2015,5,20,809,Friday,Fri,Weekday,12,118,16/03/2015,20150316,3,27,March,Mar,1,2015,201503,9,3,2015,Not Month End,20/03/2014
20150321,21/03/2015,6,21,810,Saturday,Sat,Weekend,12,118,16/03/2015,20150316,3,27,March,Mar,1,2015,201503,9,3,2015,Not Month End,21/03/2014
20150322,22/03/2015,7,22,811,Sunday,Sun,Weekend,12,118,16/03/2015,20150316,3,27,March,Mar,1,2015,201503,9,3,2015,Not Month End,22/03/2014
20150323,23/03/2015,1,23,812,Monday,Mon,Weekday,13,119,23/03/2015,20150323,3,27,March,Mar,1,2015,201503,9,3,2015,Not Month End,23/03/2014
20150324,24/03/2015,2,24,813,Tuesday,Tue,Weekday,13,119,23/03/2015,20150323,3,27,March,Mar,1,2015,201503,9,3,2015,Not Month End,24/03/2014
20150325,25/03/2015,3,25,814,Wednesday,Wed,Weekday,13,119,23/03/2015,20150323,3,27,March,Mar,1,2015,201503,9,3,2015,Not Month End,25/03/2014
20150326,26/03/2015,4,26,815,Thursday,Thu,Weekday,13,119,23/03/2015,20150323,3,27,March,Mar,1,2015,201503,9,3,2015,Not Month End,26/03/2014
20150327,27/03/2015,5,27,816,Friday,Fri,Weekday,13,119,23/03/2015,20150323,3,27,March,Mar,1,2015,201503,9,3,2015,Not Month End,27/03/2014
20150328,28/03/2015,6,28,817,Saturday,Sat,Weekend,13,119,23/03/2015,20150323,3,27,March,Mar,1,2015,201503,9,3,2015,Not Month End,28/03/2014
20150329,29/03/2015,7,29,818,Sunday,Sun,Weekend,13,119,23/03/2015,20150323,3,27,March,Mar,1,2015,201503,9,3,2015,Not Month End,29/03/2014
20150330,30/03/2015,1,30,819,Monday,Mon,Weekday,14,120,30/03/2015,20150330,3,27,March,Mar,1,2015,201503,9,3,2015,Not Month End,30/03/2014
20150331,31/03/2015,2,31,820,Tuesday,Tue,Weekday,14,120,30/03/2015,20150330,3,27,March,Mar,1,2015,201503,9,3,2015,Month End,31/03/2014
20150401,01/04/2015,3,1,821,Wednesday,Wed,Weekday,14,120,30/03/2015,20150330,4,28,April,Apr,2,2015,201504,10,4,2015,Not Month End,01/04/2014
20150402,02/04/2015,4,2,822,Thursday,Thu,Weekday,14,120,30/03/2015,20150330,4,28,April,Apr,2,2015,201504,10,4,2015,Not Month End,02/04/2014
20150403,03/04/2015,5,3,823,Friday,Fri,Weekday,14,120,30/03/2015,20150330,4,28,April,Apr,2,2015,201504,10,4,2015,Not Month End,03/04/2014
20150404,04/04/2015,6,4,824,Saturday,Sat,Weekend,14,120,30/03/2015,20150330,4,28,April,Apr,2,2015,201504,10,4,2015,Not Month End,04/04/2014
20150405,05/04/2015,7,5,825,Sunday,Sun,Weekend,14,120,30/03/2015,20150330,4,28,April,Apr,2,2015,201504,10,4,2015,Not Month End,05/04/2014
20150406,06/04/2015,1,6,826,Monday,Mon,Weekday,15,121,06/04/2015,20150406,4,28,April,Apr,2,2015,201504,10,4,2015,Not Month End,06/04/2014
20150407,07/04/2015,2,7,827,Tuesday,Tue,Weekday,15,121,06/04/2015,20150406,4,28,April,Apr,2,2015,201504,10,4,2015,Not Month End,07/04/2014
20150408,08/04/2015,3,8,828,Wednesday,Wed,Weekday,15,121,06/04/2015,20150406,4,28,April,Apr,2,2015,201504,10,4,2015,Not Month End,08/04/2014
20150409,09/04/2015,4,9,829,Thursday,Thu,Weekday,15,121,06/04/2015,20150406,4,28,April,Apr,2,2015,201504,10,4,2015,Not Month End,09/04/2014
20150410,10/04/2015,5,10,830,Friday,Fri,Weekday,15,121,06/04/2015,20150406,4,28,April,Apr,2,2015,201504,10,4,2015,Not Month End,10/04/2014
20150411,11/04/2015,6,11,831,Saturday,Sat,Weekend,15,121,06/04/2015,20150406,4,28,April,Apr,2,2015,201504,10,4,2015,Not Month End,11/04/2014
20150412,12/04/2015,7,12,832,Sunday,Sun,Weekend,15,121,06/04/2015,20150406,4,28,April,Apr,2,2015,201504,10,4,2015,Not Month End,12/04/2014
20150413,13/04/2015,1,13,833,Monday,Mon,Weekday,16,122,13/04/2015,20150413,4,28,April,Apr,2,2015,201504,10,4,2015,Not Month End,13/04/2014
20150414,14/04/2015,2,14,834,Tuesday,Tue,Weekday,16,122,13/04/2015,20150413,4,28,April,Apr,2,2015,201504,10,4,2015,Not Month End,14/04/2014
20150415,15/04/2015,3,15,835,Wednesday,Wed,Weekday,16,122,13/04/2015,20150413,4,28,April,Apr,2,2015,201504,10,4,2015,Not Month End,15/04/2014
20150416,16/04/2015,4,16,836,Thursday,Thu,Weekday,16,122,13/04/2015,20150413,4,28,April,Apr,2,2015,201504,10,4,2015,Not Month End,16/04/2014
20150417,17/04/2015,5,17,837,Friday,Fri,Weekday,16,122,13/04/2015,20150413,4,28,April,Apr,2,2015,201504,10,4,2015,Not Month End,17/04/2014
20150418,18/04/2015,6,18,838,Saturday,Sat,Weekend,16,122,13/04/2015,20150413,4,28,April,Apr,2,2015,201504,10,4,2015,Not Month End,18/04/2014
20150419,19/04/2015,7,19,839,Sunday,Sun,Weekend,16,122,13/04/2015,20150413,4,28,April,Apr,2,2015,201504,10,4,2015,Not Month End,19/04/2014
20150420,20/04/2015,1,20,840,Monday,Mon,Weekday,17,123,20/04/2015,20150420,4,28,April,Apr,2,2015,201504,10,4,2015,Not Month End,20/04/2014
20150421,21/04/2015,2,21,841,Tuesday,Tue,Weekday,17,123,20/04/2015,20150420,4,28,April,Apr,2,2015,201504,10,4,2015,Not Month End,21/04/2014
20150422,22/04/2015,3,22,842,Wednesday,Wed,Weekday,17,123,20/04/2015,20150420,4,28,April,Apr,2,2015,201504,10,4,2015,Not Month End,22/04/2014
20150423,23/04/2015,4,23,843,Thursday,Thu,Weekday,17,123,20/04/2015,20150420,4,28,April,Apr,2,2015,201504,10,4,2015,Not Month End,23/04/2014
20150424,24/04/2015,5,24,844,Friday,Fri,Weekday,17,123,20/04/2015,20150420,4,28,April,Apr,2,2015,201504,10,4,2015,Not Month End,24/04/2014
20150425,25/04/2015,6,25,845,Saturday,Sat,Weekend,17,123,20/04/2015,20150420,4,28,April,Apr,2,2015,201504,10,4,2015,Not Month End,25/04/2014
20150426,26/04/2015,7,26,846,Sunday,Sun,Weekend,17,123,20/04/2015,20150420,4,28,April,Apr,2,2015,201504,10,4,2015,Not Month End,26/04/2014
20150427,27/04/2015,1,27,847,Monday,Mon,Weekday,18,124,27/04/2015,20150427,4,28,April,Apr,2,2015,201504,10,4,2015,Not Month End,27/04/2014
20150428,28/04/2015,2,28,848,Tuesday,Tue,Weekday,18,124,27/04/2015,20150427,4,28,April,Apr,2,2015,201504,10,4,2015,Not Month End,28/04/2014
20150429,29/04/2015,3,29,849,Wednesday,Wed,Weekday,18,124,27/04/2015,20150427,4,28,April,Apr,2,2015,201504,10,4,2015,Not Month End,29/04/2014
20150430,30/04/2015,4,30,850,Thursday,Thu,Weekday,18,124,27/04/2015,20150427,4,28,April,Apr,2,2015,201504,10,4,2015,Month End,30/04/2014
20150501,01/05/2015,5,1,851,Friday,Fri,Weekday,18,124,27/04/2015,20150427,5,29,May,May,2,2015,201505,11,4,2015,Not Month End,01/05/2014
20150502,02/05/2015,6,2,852,Saturday,Sat,Weekend,18,124,27/04/2015,20150427,5,29,May,May,2,2015,201505,11,4,2015,Not Month End,02/05/2014
20150503,03/05/2015,7,3,853,Sunday,Sun,Weekend,18,124,27/04/2015,20150427,5,29,May,May,2,2015,201505,11,4,2015,Not Month End,03/05/2014
20150504,04/05/2015,1,4,854,Monday,Mon,Weekday,19,125,04/05/2015,20150504,5,29,May,May,2,2015,201505,11,4,2015,Not Month End,04/05/2014
20150505,05/05/2015,2,5,855,Tuesday,Tue,Weekday,19,125,04/05/2015,20150504,5,29,May,May,2,2015,201505,11,4,2015,Not Month End,05/05/2014
20150506,06/05/2015,3,6,856,Wednesday,Wed,Weekday,19,125,04/05/2015,20150504,5,29,May,May,2,2015,201505,11,4,2015,Not Month End,06/05/2014
20150507,07/05/2015,4,7,857,Thursday,Thu,Weekday,19,125,04/05/2015,20150504,5,29,May,May,2,2015,201505,11,4,2015,Not Month End,07/05/2014
20150508,08/05/2015,5,8,858,Friday,Fri,Weekday,19,125,04/05/2015,20150504,5,29,May,May,2,2015,201505,11,4,2015,Not Month End,08/05/2014
20150509,09/05/2015,6,9,859,Saturday,Sat,Weekend,19,125,04/05/2015,20150504,5,29,May,May,2,2015,201505,11,4,2015,Not Month End,09/05/2014
20150510,10/05/2015,7,10,860,Sunday,Sun,Weekend,19,125,04/05/2015,20150504,5,29,May,May,2,2015,201505,11,4,2015,Not Month End,10/05/2014
20150511,11/05/2015,1,11,861,Monday,Mon,Weekday,20,126,11/05/2015,20150511,5,29,May,May,2,2015,201505,11,4,2015,Not Month End,11/05/2014
20150512,12/05/2015,2,12,862,Tuesday,Tue,Weekday,20,126,11/05/2015,20150511,5,29,May,May,2,2015,201505,11,4,2015,Not Month End,12/05/2014
20150513,13/05/2015,3,13,863,Wednesday,Wed,Weekday,20,126,11/05/2015,20150511,5,29,May,May,2,2015,201505,11,4,2015,Not Month End,13/05/2014
20150514,14/05/2015,4,14,864,Thursday,Thu,Weekday,20,126,11/05/2015,20150511,5,29,May,May,2,2015,201505,11,4,2015,Not Month End,14/05/2014
20150515,15/05/2015,5,15,865,Friday,Fri,Weekday,20,126,11/05/2015,20150511,5,29,May,May,2,2015,201505,11,4,2015,Not Month End,15/05/2014
20150516,16/05/2015,6,16,866,Saturday,Sat,Weekend,20,126,11/05/2015,20150511,5,29,May,May,2,2015,201505,11,4,2015,Not Month End,16/05/2014
20150517,17/05/2015,7,17,867,Sunday,Sun,Weekend,20,126,11/05/2015,20150511,5,29,May,May,2,2015,201505,11,4,2015,Not Month End,17/05/2014
20150518,18/05/2015,1,18,868,Monday,Mon,Weekday,21,127,18/05/2015,20150518,5,29,May,May,2,2015,201505,11,4,2015,Not Month End,18/05/2014
20150519,19/05/2015,2,19,869,Tuesday,Tue,Weekday,21,127,18/05/2015,20150518,5,29,May,May,2,2015,201505,11,4,2015,Not Month End,19/05/2014
20150520,20/05/2015,3,20,870,Wednesday,Wed,Weekday,21,127,18/05/2015,20150518,5,29,May,May,2,2015,201505,11,4,2015,Not Month End,20/05/2014
20150521,21/05/2015,4,21,871,Thursday,Thu,Weekday,21,127,18/05/2015,20150518,5,29,May,May,2,2015,201505,11,4,2015,Not Month End,21/05/2014
20150522,22/05/2015,5,22,872,Friday,Fri,Weekday,21,127,18/05/2015,20150518,5,29,May,May,2,2015,201505,11,4,2015,Not Month End,22/05/2014
20150523,23/05/2015,6,23,873,Saturday,Sat,Weekend,21,127,18/05/2015,20150518,5,29,May,May,2,2015,201505,11,4,2015,Not Month End,23/05/2014
20150524,24/05/2015,7,24,874,Sunday,Sun,Weekend,21,127,18/05/2015,20150518,5,29,May,May,2,2015,201505,11,4,2015,Not Month End,24/05/2014
20150525,25/05/2015,1,25,875,Monday,Mon,Weekday,22,128,25/05/2015,20150525,5,29,May,May,2,2015,201505,11,4,2015,Not Month End,25/05/2014
20150526,26/05/2015,2,26,876,Tuesday,Tue,Weekday,22,128,25/05/2015,20150525,5,29,May,May,2,2015,201505,11,4,2015,Not Month End,26/05/2014
20150527,27/05/2015,3,27,877,Wednesday,Wed,Weekday,22,128,25/05/2015,20150525,5,29,May,May,2,2015,201505,11,4,2015,Not Month End,27/05/2014
20150528,28/05/2015,4,28,878,Thursday,Thu,Weekday,22,128,25/05/2015,20150525,5,29,May,May,2,2015,201505,11,4,2015,Not Month End,28/05/2014
20150529,29/05/2015,5,29,879,Friday,Fri,Weekday,22,128,25/05/2015,20150525,5,29,May,May,2,2015,201505,11,4,2015,Not Month End,29/05/2014
20150530,30/05/2015,6,30,880,Saturday,Sat,Weekend,22,128,25/05/2015,20150525,5,29,May,May,2,2015,201505,11,4,2015,Not Month End,30/05/2014
20150531,31/05/2015,7,31,881,Sunday,Sun,Weekend,22,128,25/05/2015,20150525,5,29,May,May,2,2015,201505,11,4,2015,Month End,31/05/2014
20150601,01/06/2015,1,1,882,Monday,Mon,Weekday,23,129,01/06/2015,20150601,6,30,June,Jun,2,2015,201506,12,4,2015,Not Month End,01/06/2014
20150602,02/06/2015,2,2,883,Tuesday,Tue,Weekday,23,129,01/06/2015,20150601,6,30,June,Jun,2,2015,201506,12,4,2015,Not Month End,02/06/2014
20150603,03/06/2015,3,3,884,Wednesday,Wed,Weekday,23,129,01/06/2015,20150601,6,30,June,Jun,2,2015,201506,12,4,2015,Not Month End,03/06/2014
20150604,04/06/2015,4,4,885,Thursday,Thu,Weekday,23,129,01/06/2015,20150601,6,30,June,Jun,2,2015,201506,12,4,2015,Not Month End,04/06/2014
20150605,05/06/2015,5,5,886,Friday,Fri,Weekday,23,129,01/06/2015,20150601,6,30,June,Jun,2,2015,201506,12,4,2015,Not Month End,05/06/2014
20150606,06/06/2015,6,6,887,Saturday,Sat,Weekend,23,129,01/06/2015,20150601,6,30,June,Jun,2,2015,201506,12,4,2015,Not Month End,06/06/2014
20150607,07/06/2015,7,7,888,Sunday,Sun,Weekend,23,129,01/06/2015,20150601,6,30,June,Jun,2,2015,201506,12,4,2015,Not Month End,07/06/2014
20150608,08/06/2015,1,8,889,Monday,Mon,Weekday,24,130,08/06/2015,20150608,6,30,June,Jun,2,2015,201506,12,4,2015,Not Month End,08/06/2014
20150609,09/06/2015,2,9,890,Tuesday,Tue,Weekday,24,130,08/06/2015,20150608,6,30,June,Jun,2,2015,201506,12,4,2015,Not Month End,09/06/2014
20150610,10/06/2015,3,10,891,Wednesday,Wed,Weekday,24,130,08/06/2015,20150608,6,30,June,Jun,2,2015,201506,12,4,2015,Not Month End,10/06/2014
20150611,11/06/2015,4,11,892,Thursday,Thu,Weekday,24,130,08/06/2015,20150608,6,30,June,Jun,2,2015,201506,12,4,2015,Not Month End,11/06/2014
20150612,12/06/2015,5,12,893,Friday,Fri,Weekday,24,130,08/06/2015,20150608,6,30,June,Jun,2,2015,201506,12,4,2015,Not Month End,12/06/2014
20150613,13/06/2015,6,13,894,Saturday,Sat,Weekend,24,130,08/06/2015,20150608,6,30,June,Jun,2,2015,201506,12,4,2015,Not Month End,13/06/2014
20150614,14/06/2015,7,14,895,Sunday,Sun,Weekend,24,130,08/06/2015,20150608,6,30,June,Jun,2,2015,201506,12,4,2015,Not Month End,14/06/2014
20150615,15/06/2015,1,15,896,Monday,Mon,Weekday,25,131,15/06/2015,20150615,6,30,June,Jun,2,2015,201506,12,4,2015,Not Month End,15/06/2014
20150616,16/06/2015,2,16,897,Tuesday,Tue,Weekday,25,131,15/06/2015,20150615,6,30,June,Jun,2,2015,201506,12,4,2015,Not Month End,16/06/2014
20150617,17/06/2015,3,17,898,Wednesday,Wed,Weekday,25,131,15/06/2015,20150615,6,30,June,Jun,2,2015,201506,12,4,2015,Not Month End,17/06/2014
20150618,18/06/2015,4,18,899,Thursday,Thu,Weekday,25,131,15/06/2015,20150615,6,30,June,Jun,2,2015,201506,12,4,2015,Not Month End,18/06/2014
20150619,19/06/2015,5,19,900,Friday,Fri,Weekday,25,131,15/06/2015,20150615,6,30,June,Jun,2,2015,201506,12,4,2015,Not Month End,19/06/2014
20150620,20/06/2015,6,20,901,Saturday,Sat,Weekend,25,131,15/06/2015,20150615,6,30,June,Jun,2,2015,201506,12,4,2015,Not Month End,20/06/2014
20150621,21/06/2015,7,21,902,Sunday,Sun,Weekend,25,131,15/06/2015,20150615,6,30,June,Jun,2,2015,201506,12,4,2015,Not Month End,21/06/2014
20150622,22/06/2015,1,22,903,Monday,Mon,Weekday,26,132,22/06/2015,20150622,6,30,June,Jun,2,2015,201506,12,4,2015,Not Month End,22/06/2014
20150623,23/06/2015,2,23,904,Tuesday,Tue,Weekday,26,132,22/06/2015,20150622,6,30,June,Jun,2,2015,201506,12,4,2015,Not Month End,23/06/2014
20150624,24/06/2015,3,24,905,Wednesday,Wed,Weekday,26,132,22/06/2015,20150622,6,30,June,Jun,2,2015,201506,12,4,2015,Not Month End,24/06/2014
20150625,25/06/2015,4,25,906,Thursday,Thu,Weekday,26,132,22/06/2015,20150622,6,30,June,Jun,2,2015,201506,12,4,2015,Not Month End,25/06/2014
20150626,26/06/2015,5,26,907,Friday,Fri,Weekday,26,132,22/06/2015,20150622,6,30,June,Jun,2,2015,201506,12,4,2015,Not Month End,26/06/2014
20150627,27/06/2015,6,27,908,Saturday,Sat,Weekend,26,132,22/06/2015,20150622,6,30,June,Jun,2,2015,201506,12,4,2015,Not Month End,27/06/2014
20150628,28/06/2015,7,28,909,Sunday,Sun,Weekend,26,132,22/06/2015,20150622,6,30,June,Jun,2,2015,201506,12,4,2015,Not Month End,28/06/2014
20150629,29/06/2015,1,29,910,Monday,Mon,Weekday,27,133,29/06/2015,20150629,6,30,June,Jun,2,2015,201506,12,4,2015,Not Month End,29/06/2014
20150630,30/06/2015,2,30,911,Tuesday,Tue,Weekday,27,133,29/06/2015,20150629,6,30,June,Jun,2,2015,201506,12,4,2015,Month End,30/06/2014
20150701,01/07/2015,3,1,912,Wednesday,Wed,Weekday,27,133,29/06/2015,20150629,7,31,July,Jul,3,2015,201507,1,1,2016,Not Month End,01/07/2014
20150702,02/07/2015,4,2,913,Thursday,Thu,Weekday,27,133,29/06/2015,20150629,7,31,July,Jul,3,2015,201507,1,1,2016,Not Month End,02/07/2014
20150703,03/07/2015,5,3,914,Friday,Fri,Weekday,27,133,29/06/2015,20150629,7,31,July,Jul,3,2015,201507,1,1,2016,Not Month End,03/07/2014
20150704,04/07/2015,6,4,915,Saturday,Sat,Weekend,27,133,29/06/2015,20150629,7,31,July,Jul,3,2015,201507,1,1,2016,Not Month End,04/07/2014
20150705,05/07/2015,7,5,916,Sunday,Sun,Weekend,27,133,29/06/2015,20150629,7,31,July,Jul,3,2015,201507,1,1,2016,Not Month End,05/07/2014
20150706,06/07/2015,1,6,917,Monday,Mon,Weekday,28,134,06/07/2015,20150706,7,31,July,Jul,3,2015,201507,1,1,2016,Not Month End,06/07/2014
20150707,07/07/2015,2,7,918,Tuesday,Tue,Weekday,28,134,06/07/2015,20150706,7,31,July,Jul,3,2015,201507,1,1,2016,Not Month End,07/07/2014
20150708,08/07/2015,3,8,919,Wednesday,Wed,Weekday,28,134,06/07/2015,20150706,7,31,July,Jul,3,2015,201507,1,1,2016,Not Month End,08/07/2014
20150709,09/07/2015,4,9,920,Thursday,Thu,Weekday,28,134,06/07/2015,20150706,7,31,July,Jul,3,2015,201507,1,1,2016,Not Month End,09/07/2014
20150710,10/07/2015,5,10,921,Friday,Fri,Weekday,28,134,06/07/2015,20150706,7,31,July,Jul,3,2015,201507,1,1,2016,Not Month End,10/07/2014
20150711,11/07/2015,6,11,922,Saturday,Sat,Weekend,28,134,06/07/2015,20150706,7,31,July,Jul,3,2015,201507,1,1,2016,Not Month End,11/07/2014
20150712,12/07/2015,7,12,923,Sunday,Sun,Weekend,28,134,06/07/2015,20150706,7,31,July,Jul,3,2015,201507,1,1,2016,Not Month End,12/07/2014
20150713,13/07/2015,1,13,924,Monday,Mon,Weekday,29,135,13/07/2015,20150713,7,31,July,Jul,3,2015,201507,1,1,2016,Not Month End,13/07/2014
20150714,14/07/2015,2,14,925,Tuesday,Tue,Weekday,29,135,13/07/2015,20150713,7,31,July,Jul,3,2015,201507,1,1,2016,Not Month End,14/07/2014
20150715,15/07/2015,3,15,926,Wednesday,Wed,Weekday,29,135,13/07/2015,20150713,7,31,July,Jul,3,2015,201507,1,1,2016,Not Month End,15/07/2014
20150716,16/07/2015,4,16,927,Thursday,Thu,Weekday,29,135,13/07/2015,20150713,7,31,July,Jul,3,2015,201507,1,1,2016,Not Month End,16/07/2014
20150717,17/07/2015,5,17,928,Friday,Fri,Weekday,29,135,13/07/2015,20150713,7,31,July,Jul,3,2015,201507,1,1,2016,Not Month End,17/07/2014
20150718,18/07/2015,6,18,929,Saturday,Sat,Weekend,29,135,13/07/2015,20150713,7,31,July,Jul,3,2015,201507,1,1,2016,Not Month End,18/07/2014
20150719,19/07/2015,7,19,930,Sunday,Sun,Weekend,29,135,13/07/2015,20150713,7,31,July,Jul,3,2015,201507,1,1,2016,Not Month End,19/07/2014
20150720,20/07/2015,1,20,931,Monday,Mon,Weekday,30,136,20/07/2015,20150720,7,31,July,Jul,3,2015,201507,1,1,2016,Not Month End,20/07/2014
20150721,21/07/2015,2,21,932,Tuesday,Tue,Weekday,30,136,20/07/2015,20150720,7,31,July,Jul,3,2015,201507,1,1,2016,Not Month End,21/07/2014
20150722,22/07/2015,3,22,933,Wednesday,Wed,Weekday,30,136,20/07/2015,20150720,7,31,July,Jul,3,2015,201507,1,1,2016,Not Month End,22/07/2014
20150723,23/07/2015,4,23,934,Thursday,Thu,Weekday,30,136,20/07/2015,20150720,7,31,July,Jul,3,2015,201507,1,1,2016,Not Month End,23/07/2014
20150724,24/07/2015,5,24,935,Friday,Fri,Weekday,30,136,20/07/2015,20150720,7,31,July,Jul,3,2015,201507,1,1,2016,Not Month End,24/07/2014
20150725,25/07/2015,6,25,936,Saturday,Sat,Weekend,30,136,20/07/2015,20150720,7,31,July,Jul,3,2015,201507,1,1,2016,Not Month End,25/07/2014
20150726,26/07/2015,7,26,937,Sunday,Sun,Weekend,30,136,20/07/2015,20150720,7,31,July,Jul,3,2015,201507,1,1,2016,Not Month End,26/07/2014
20150727,27/07/2015,1,27,938,Monday,Mon,Weekday,31,137,27/07/2015,20150727,7,31,July,Jul,3,2015,201507,1,1,2016,Not Month End,27/07/2014
20150728,28/07/2015,2,28,939,Tuesday,Tue,Weekday,31,137,27/07/2015,20150727,7,31,July,Jul,3,2015,201507,1,1,2016,Not Month End,28/07/2014
20150729,29/07/2015,3,29,940,Wednesday,Wed,Weekday,31,137,27/07/2015,20150727,7,31,July,Jul,3,2015,201507,1,1,2016,Not Month End,29/07/2014
20150730,30/07/2015,4,30,941,Thursday,Thu,Weekday,31,137,27/07/2015,20150727,7,31,July,Jul,3,2015,201507,1,1,2016,Not Month End,30/07/2014
20150731,31/07/2015,5,31,942,Friday,Fri,Weekday,31,137,27/07/2015,20150727,7,31,July,Jul,3,2015,201507,1,1,2016,Month End,31/07/2014
20150801,01/08/2015,6,1,943,Saturday,Sat,Weekend,31,137,27/07/2015,20150727,8,32,August,Aug,3,2015,201508,2,1,2016,Not Month End,01/08/2014
20150802,02/08/2015,7,2,944,Sunday,Sun,Weekend,31,137,27/07/2015,20150727,8,32,August,Aug,3,2015,201508,2,1,2016,Not Month End,02/08/2014
20150803,03/08/2015,1,3,945,Monday,Mon,Weekday,32,138,03/08/2015,20150803,8,32,August,Aug,3,2015,201508,2,1,2016,Not Month End,03/08/2014
20150804,04/08/2015,2,4,946,Tuesday,Tue,Weekday,32,138,03/08/2015,20150803,8,32,August,Aug,3,2015,201508,2,1,2016,Not Month End,04/08/2014
20150805,05/08/2015,3,5,947,Wednesday,Wed,Weekday,32,138,03/08/2015,20150803,8,32,August,Aug,3,2015,201508,2,1,2016,Not Month End,05/08/2014
20150806,06/08/2015,4,6,948,Thursday,Thu,Weekday,32,138,03/08/2015,20150803,8,32,August,Aug,3,2015,201508,2,1,2016,Not Month End,06/08/2014
20150807,07/08/2015,5,7,949,Friday,Fri,Weekday,32,138,03/08/2015,20150803,8,32,August,Aug,3,2015,201508,2,1,2016,Not Month End,07/08/2014
20150808,08/08/2015,6,8,950,Saturday,Sat,Weekend,32,138,03/08/2015,20150803,8,32,August,Aug,3,2015,201508,2,1,2016,Not Month End,08/08/2014
20150809,09/08/2015,7,9,951,Sunday,Sun,Weekend,32,138,03/08/2015,20150803,8,32,August,Aug,3,2015,201508,2,1,2016,Not Month End,09/08/2014
20150810,10/08/2015,1,10,952,Monday,Mon,Weekday,33,139,10/08/2015,20150810,8,32,August,Aug,3,2015,201508,2,1,2016,Not Month End,10/08/2014
20150811,11/08/2015,2,11,953,Tuesday,Tue,Weekday,33,139,10/08/2015,20150810,8,32,August,Aug,3,2015,201508,2,1,2016,Not Month End,11/08/2014
20150812,12/08/2015,3,12,954,Wednesday,Wed,Weekday,33,139,10/08/2015,20150810,8,32,August,Aug,3,2015,201508,2,1,2016,Not Month End,12/08/2014
20150813,13/08/2015,4,13,955,Thursday,Thu,Weekday,33,139,10/08/2015,20150810,8,32,August,Aug,3,2015,201508,2,1,2016,Not Month End,13/08/2014
20150814,14/08/2015,5,14,956,Friday,Fri,Weekday,33,139,10/08/2015,20150810,8,32,August,Aug,3,2015,201508,2,1,2016,Not Month End,14/08/2014
20150815,15/08/2015,6,15,957,Saturday,Sat,Weekend,33,139,10/08/2015,20150810,8,32,August,Aug,3,2015,201508,2,1,2016,Not Month End,15/08/2014
20150816,16/08/2015,7,16,958,Sunday,Sun,Weekend,33,139,10/08/2015,20150810,8,32,August,Aug,3,2015,201508,2,1,2016,Not Month End,16/08/2014
20150817,17/08/2015,1,17,959,Monday,Mon,Weekday,34,140,17/08/2015,20150817,8,32,August,Aug,3,2015,201508,2,1,2016,Not Month End,17/08/2014
20150818,18/08/2015,2,18,960,Tuesday,Tue,Weekday,34,140,17/08/2015,20150817,8,32,August,Aug,3,2015,201508,2,1,2016,Not Month End,18/08/2014
20150819,19/08/2015,3,19,961,Wednesday,Wed,Weekday,34,140,17/08/2015,20150817,8,32,August,Aug,3,2015,201508,2,1,2016,Not Month End,19/08/2014
20150820,20/08/2015,4,20,962,Thursday,Thu,Weekday,34,140,17/08/2015,20150817,8,32,August,Aug,3,2015,201508,2,1,2016,Not Month End,20/08/2014
20150821,21/08/2015,5,21,963,Friday,Fri,Weekday,34,140,17/08/2015,20150817,8,32,August,Aug,3,2015,201508,2,1,2016,Not Month End,21/08/2014
20150822,22/08/2015,6,22,964,Saturday,Sat,Weekend,34,140,17/08/2015,20150817,8,32,August,Aug,3,2015,201508,2,1,2016,Not Month End,22/08/2014
20150823,23/08/2015,7,23,965,Sunday,Sun,Weekend,34,140,17/08/2015,20150817,8,32,August,Aug,3,2015,201508,2,1,2016,Not Month End,23/08/2014
20150824,24/08/2015,1,24,966,Monday,Mon,Weekday,35,141,24/08/2015,20150824,8,32,August,Aug,3,2015,201508,2,1,2016,Not Month End,24/08/2014
20150825,25/08/2015,2,25,967,Tuesday,Tue,Weekday,35,141,24/08/2015,20150824,8,32,August,Aug,3,2015,201508,2,1,2016,Not Month End,25/08/2014
20150826,26/08/2015,3,26,968,Wednesday,Wed,Weekday,35,141,24/08/2015,20150824,8,32,August,Aug,3,2015,201508,2,1,2016,Not Month End,26/08/2014
20150827,27/08/2015,4,27,969,Thursday,Thu,Weekday,35,141,24/08/2015,20150824,8,32,August,Aug,3,2015,201508,2,1,2016,Not Month End,27/08/2014
20150828,28/08/2015,5,28,970,Friday,Fri,Weekday,35,141,24/08/2015,20150824,8,32,August,Aug,3,2015,201508,2,1,2016,Not Month End,28/08/2014
20150829,29/08/2015,6,29,971,Saturday,Sat,Weekend,35,141,24/08/2015,20150824,8,32,August,Aug,3,2015,201508,2,1,2016,Not Month End,29/08/2014
20150830,30/08/2015,7,30,972,Sunday,Sun,Weekend,35,141,24/08/2015,20150824,8,32,August,Aug,3,2015,201508,2,1,2016,Not Month End,30/08/2014
20150831,31/08/2015,1,31,973,Monday,Mon,Weekday,36,142,31/08/2015,20150831,8,32,August,Aug,3,2015,201508,2,1,2016,Month End,31/08/2014
20150901,01/09/2015,2,1,974,Tuesday,Tue,Weekday,36,142,31/08/2015,20150831,9,33,September,Sep,3,2015,201509,3,1,2016,Not Month End,01/09/2014
20150902,02/09/2015,3,2,975,Wednesday,Wed,Weekday,36,142,31/08/2015,20150831,9,33,September,Sep,3,2015,201509,3,1,2016,Not Month End,02/09/2014
20150903,03/09/2015,4,3,976,Thursday,Thu,Weekday,36,142,31/08/2015,20150831,9,33,September,Sep,3,2015,201509,3,1,2016,Not Month End,03/09/2014
20150904,04/09/2015,5,4,977,Friday,Fri,Weekday,36,142,31/08/2015,20150831,9,33,September,Sep,3,2015,201509,3,1,2016,Not Month End,04/09/2014
20150905,05/09/2015,6,5,978,Saturday,Sat,Weekend,36,142,31/08/2015,20150831,9,33,September,Sep,3,2015,201509,3,1,2016,Not Month End,05/09/2014
20150906,06/09/2015,7,6,979,Sunday,Sun,Weekend,36,142,31/08/2015,20150831,9,33,September,Sep,3,2015,201509,3,1,2016,Not Month End,06/09/2014
20150907,07/09/2015,1,7,980,Monday,Mon,Weekday,37,143,07/09/2015,20150907,9,33,September,Sep,3,2015,201509,3,1,2016,Not Month End,07/09/2014
20150908,08/09/2015,2,8,981,Tuesday,Tue,Weekday,37,143,07/09/2015,20150907,9,33,September,Sep,3,2015,201509,3,1,2016,Not Month End,08/09/2014
20150909,09/09/2015,3,9,982,Wednesday,Wed,Weekday,37,143,07/09/2015,20150907,9,33,September,Sep,3,2015,201509,3,1,2016,Not Month End,09/09/2014
20150910,10/09/2015,4,10,983,Thursday,Thu,Weekday,37,143,07/09/2015,20150907,9,33,September,Sep,3,2015,201509,3,1,2016,Not Month End,10/09/2014
20150911,11/09/2015,5,11,984,Friday,Fri,Weekday,37,143,07/09/2015,20150907,9,33,September,Sep,3,2015,201509,3,1,2016,Not Month End,11/09/2014
20150912,12/09/2015,6,12,985,Saturday,Sat,Weekend,37,143,07/09/2015,20150907,9,33,September,Sep,3,2015,201509,3,1,2016,Not Month End,12/09/2014
20150913,13/09/2015,7,13,986,Sunday,Sun,Weekend,37,143,07/09/2015,20150907,9,33,September,Sep,3,2015,201509,3,1,2016,Not Month End,13/09/2014
20150914,14/09/2015,1,14,987,Monday,Mon,Weekday,38,144,14/09/2015,20150914,9,33,September,Sep,3,2015,201509,3,1,2016,Not Month End,14/09/2014
20150915,15/09/2015,2,15,988,Tuesday,Tue,Weekday,38,144,14/09/2015,20150914,9,33,September,Sep,3,2015,201509,3,1,2016,Not Month End,15/09/2014
20150916,16/09/2015,3,16,989,Wednesday,Wed,Weekday,38,144,14/09/2015,20150914,9,33,September,Sep,3,2015,201509,3,1,2016,Not Month End,16/09/2014
20150917,17/09/2015,4,17,990,Thursday,Thu,Weekday,38,144,14/09/2015,20150914,9,33,September,Sep,3,2015,201509,3,1,2016,Not Month End,17/09/2014
20150918,18/09/2015,5,18,991,Friday,Fri,Weekday,38,144,14/09/2015,20150914,9,33,September,Sep,3,2015,201509,3,1,2016,Not Month End,18/09/2014
20150919,19/09/2015,6,19,992,Saturday,Sat,Weekend,38,144,14/09/2015,20150914,9,33,September,Sep,3,2015,201509,3,1,2016,Not Month End,19/09/2014
20150920,20/09/2015,7,20,993,Sunday,Sun,Weekend,38,144,14/09/2015,20150914,9,33,September,Sep,3,2015,201509,3,1,2016,Not Month End,20/09/2014
20150921,21/09/2015,1,21,994,Monday,Mon,Weekday,39,145,21/09/2015,20150921,9,33,September,Sep,3,2015,201509,3,1,2016,Not Month End,21/09/2014
20150922,22/09/2015,2,22,995,Tuesday,Tue,Weekday,39,145,21/09/2015,20150921,9,33,September,Sep,3,2015,201509,3,1,2016,Not Month End,22/09/2014
20150923,23/09/2015,3,23,996,Wednesday,Wed,Weekday,39,145,21/09/2015,20150921,9,33,September,Sep,3,2015,201509,3,1,2016,Not Month End,23/09/2014
20150924,24/09/2015,4,24,997,Thursday,Thu,Weekday,39,145,21/09/2015,20150921,9,33,September,Sep,3,2015,201509,3,1,2016,Not Month End,24/09/2014
20150925,25/09/2015,5,25,998,Friday,Fri,Weekday,39,145,21/09/2015,20150921,9,33,September,Sep,3,2015,201509,3,1,2016,Not Month End,25/09/2014
20150926,26/09/2015,6,26,999,Saturday,Sat,Weekend,39,145,21/09/2015,20150921,9,33,September,Sep,3,2015,201509,3,1,2016,Not Month End,26/09/2014
20150927,27/09/2015,7,27,1000,Sunday,Sun,Weekend,39,145,21/09/2015,20150921,9,33,September,Sep,3,2015,201509,3,1,2016,Not Month End,27/09/2014
20150928,28/09/2015,1,28,1001,Monday,Mon,Weekday,40,146,28/09/2015,20150928,9,33,September,Sep,3,2015,201509,3,1,2016,Not Month End,28/09/2014
20150929,29/09/2015,2,29,1002,Tuesday,Tue,Weekday,40,146,28/09/2015,20150928,9,33,September,Sep,3,2015,201509,3,1,2016,Not Month End,29/09/2014
20150930,30/09/2015,3,30,1003,Wednesday,Wed,Weekday,40,146,28/09/2015,20150928,9,33,September,Sep,3,2015,201509,3,1,2016,Month End,30/09/2014
20151001,01/10/2015,4,1,1004,Thursday,Thu,Weekday,40,146,28/09/2015,20150928,10,34,October,Oct,4,2015,201510,4,2,2016,Not Month End,01/10/2014
20151002,02/10/2015,5,2,1005,Friday,Fri,Weekday,40,146,28/09/2015,20150928,10,34,October,Oct,4,2015,201510,4,2,2016,Not Month End,02/10/2014
20151003,03/10/2015,6,3,1006,Saturday,Sat,Weekend,40,146,28/09/2015,20150928,10,34,October,Oct,4,2015,201510,4,2,2016,Not Month End,03/10/2014
20151004,04/10/2015,7,4,1007,Sunday,Sun,Weekend,40,146,28/09/2015,20150928,10,34,October,Oct,4,2015,201510,4,2,2016,Not Month End,04/10/2014
20151005,05/10/2015,1,5,1008,Monday,Mon,Weekday,41,147,05/10/2015,20151005,10,34,October,Oct,4,2015,201510,4,2,2016,Not Month End,05/10/2014
20151006,06/10/2015,2,6,1009,Tuesday,Tue,Weekday,41,147,05/10/2015,20151005,10,34,October,Oct,4,2015,201510,4,2,2016,Not Month End,06/10/2014
20151007,07/10/2015,3,7,1010,Wednesday,Wed,Weekday,41,147,05/10/2015,20151005,10,34,October,Oct,4,2015,201510,4,2,2016,Not Month End,07/10/2014
20151008,08/10/2015,4,8,1011,Thursday,Thu,Weekday,41,147,05/10/2015,20151005,10,34,October,Oct,4,2015,201510,4,2,2016,Not Month End,08/10/2014
20151009,09/10/2015,5,9,1012,Friday,Fri,Weekday,41,147,05/10/2015,20151005,10,34,October,Oct,4,2015,201510,4,2,2016,Not Month End,09/10/2014
20151010,10/10/2015,6,10,1013,Saturday,Sat,Weekend,41,147,05/10/2015,20151005,10,34,October,Oct,4,2015,201510,4,2,2016,Not Month End,10/10/2014
20151011,11/10/2015,7,11,1014,Sunday,Sun,Weekend,41,147,05/10/2015,20151005,10,34,October,Oct,4,2015,201510,4,2,2016,Not Month End,11/10/2014
20151012,12/10/2015,1,12,1015,Monday,Mon,Weekday,42,148,12/10/2015,20151012,10,34,October,Oct,4,2015,201510,4,2,2016,Not Month End,12/10/2014
20151013,13/10/2015,2,13,1016,Tuesday,Tue,Weekday,42,148,12/10/2015,20151012,10,34,October,Oct,4,2015,201510,4,2,2016,Not Month End,13/10/2014
20151014,14/10/2015,3,14,1017,Wednesday,Wed,Weekday,42,148,12/10/2015,20151012,10,34,October,Oct,4,2015,201510,4,2,2016,Not Month End,14/10/2014
20151015,15/10/2015,4,15,1018,Thursday,Thu,Weekday,42,148,12/10/2015,20151012,10,34,October,Oct,4,2015,201510,4,2,2016,Not Month End,15/10/2014
20151016,16/10/2015,5,16,1019,Friday,Fri,Weekday,42,148,12/10/2015,20151012,10,34,October,Oct,4,2015,201510,4,2,2016,Not Month End,16/10/2014
20151017,17/10/2015,6,17,1020,Saturday,Sat,Weekend,42,148,12/10/2015,20151012,10,34,October,Oct,4,2015,201510,4,2,2016,Not Month End,17/10/2014
20151018,18/10/2015,7,18,1021,Sunday,Sun,Weekend,42,148,12/10/2015,20151012,10,34,October,Oct,4,2015,201510,4,2,2016,Not Month End,18/10/2014
20151019,19/10/2015,1,19,1022,Monday,Mon,Weekday,43,149,19/10/2015,20151019,10,34,October,Oct,4,2015,201510,4,2,2016,Not Month End,19/10/2014
20151020,20/10/2015,2,20,1023,Tuesday,Tue,Weekday,43,149,19/10/2015,20151019,10,34,October,Oct,4,2015,201510,4,2,2016,Not Month End,20/10/2014
20151021,21/10/2015,3,21,1024,Wednesday,Wed,Weekday,43,149,19/10/2015,20151019,10,34,October,Oct,4,2015,201510,4,2,2016,Not Month End,21/10/2014
20151022,22/10/2015,4,22,1025,Thursday,Thu,Weekday,43,149,19/10/2015,20151019,10,34,October,Oct,4,2015,201510,4,2,2016,Not Month End,22/10/2014
20151023,23/10/2015,5,23,1026,Friday,Fri,Weekday,43,149,19/10/2015,20151019,10,34,October,Oct,4,2015,201510,4,2,2016,Not Month End,23/10/2014
20151024,24/10/2015,6,24,1027,Saturday,Sat,Weekend,43,149,19/10/2015,20151019,10,34,October,Oct,4,2015,201510,4,2,2016,Not Month End,24/10/2014
20151025,25/10/2015,7,25,1028,Sunday,Sun,Weekend,43,149,19/10/2015,20151019,10,34,October,Oct,4,2015,201510,4,2,2016,Not Month End,25/10/2014
20151026,26/10/2015,1,26,1029,Monday,Mon,Weekday,44,150,26/10/2015,20151026,10,34,October,Oct,4,2015,201510,4,2,2016,Not Month End,26/10/2014
20151027,27/10/2015,2,27,1030,Tuesday,Tue,Weekday,44,150,26/10/2015,20151026,10,34,October,Oct,4,2015,201510,4,2,2016,Not Month End,27/10/2014
20151028,28/10/2015,3,28,1031,Wednesday,Wed,Weekday,44,150,26/10/2015,20151026,10,34,October,Oct,4,2015,201510,4,2,2016,Not Month End,28/10/2014
20151029,29/10/2015,4,29,1032,Thursday,Thu,Weekday,44,150,26/10/2015,20151026,10,34,October,Oct,4,2015,201510,4,2,2016,Not Month End,29/10/2014
20151030,30/10/2015,5,30,1033,Friday,Fri,Weekday,44,150,26/10/2015,20151026,10,34,October,Oct,4,2015,201510,4,2,2016,Not Month End,30/10/2014
20151031,31/10/2015,6,31,1034,Saturday,Sat,Weekend,44,150,26/10/2015,20151026,10,34,October,Oct,4,2015,201510,4,2,2016,Month End,31/10/2014
20151101,01/11/2015,7,1,1035,Sunday,Sun,Weekend,44,150,26/10/2015,20151026,11,35,November,Nov,4,2015,201511,5,2,2016,Not Month End,01/11/2014
20151102,02/11/2015,1,2,1036,Monday,Mon,Weekday,45,151,02/11/2015,20151102,11,35,November,Nov,4,2015,201511,5,2,2016,Not Month End,02/11/2014
20151103,03/11/2015,2,3,1037,Tuesday,Tue,Weekday,45,151,02/11/2015,20151102,11,35,November,Nov,4,2015,201511,5,2,2016,Not Month End,03/11/2014
20151104,04/11/2015,3,4,1038,Wednesday,Wed,Weekday,45,151,02/11/2015,20151102,11,35,November,Nov,4,2015,201511,5,2,2016,Not Month End,04/11/2014
20151105,05/11/2015,4,5,1039,Thursday,Thu,Weekday,45,151,02/11/2015,20151102,11,35,November,Nov,4,2015,201511,5,2,2016,Not Month End,05/11/2014
20151106,06/11/2015,5,6,1040,Friday,Fri,Weekday,45,151,02/11/2015,20151102,11,35,November,Nov,4,2015,201511,5,2,2016,Not Month End,06/11/2014
20151107,07/11/2015,6,7,1041,Saturday,Sat,Weekend,45,151,02/11/2015,20151102,11,35,November,Nov,4,2015,201511,5,2,2016,Not Month End,07/11/2014
20151108,08/11/2015,7,8,1042,Sunday,Sun,Weekend,45,151,02/11/2015,20151102,11,35,November,Nov,4,2015,201511,5,2,2016,Not Month End,08/11/2014
20151109,09/11/2015,1,9,1043,Monday,Mon,Weekday,46,152,09/11/2015,20151109,11,35,November,Nov,4,2015,201511,5,2,2016,Not Month End,09/11/2014
20151110,10/11/2015,2,10,1044,Tuesday,Tue,Weekday,46,152,09/11/2015,20151109,11,35,November,Nov,4,2015,201511,5,2,2016,Not Month End,10/11/2014
20151111,11/11/2015,3,11,1045,Wednesday,Wed,Weekday,46,152,09/11/2015,20151109,11,35,November,Nov,4,2015,201511,5,2,2016,Not Month End,11/11/2014
20151112,12/11/2015,4,12,1046,Thursday,Thu,Weekday,46,152,09/11/2015,20151109,11,35,November,Nov,4,2015,201511,5,2,2016,Not Month End,12/11/2014
20151113,13/11/2015,5,13,1047,Friday,Fri,Weekday,46,152,09/11/2015,20151109,11,35,November,Nov,4,2015,201511,5,2,2016,Not Month End,13/11/2014
20151114,14/11/2015,6,14,1048,Saturday,Sat,Weekend,46,152,09/11/2015,20151109,11,35,November,Nov,4,2015,201511,5,2,2016,Not Month End,14/11/2014
20151115,15/11/2015,7,15,1049,Sunday,Sun,Weekend,46,152,09/11/2015,20151109,11,35,November,Nov,4,2015,201511,5,2,2016,Not Month End,15/11/2014
20151116,16/11/2015,1,16,1050,Monday,Mon,Weekday,47,153,16/11/2015,20151116,11,35,November,Nov,4,2015,201511,5,2,2016,Not Month End,16/11/2014
20151117,17/11/2015,2,17,1051,Tuesday,Tue,Weekday,47,153,16/11/2015,20151116,11,35,November,Nov,4,2015,201511,5,2,2016,Not Month End,17/11/2014
20151118,18/11/2015,3,18,1052,Wednesday,Wed,Weekday,47,153,16/11/2015,20151116,11,35,November,Nov,4,2015,201511,5,2,2016,Not Month End,18/11/2014
20151119,19/11/2015,4,19,1053,Thursday,Thu,Weekday,47,153,16/11/2015,20151116,11,35,November,Nov,4,2015,201511,5,2,2016,Not Month End,19/11/2014
20151120,20/11/2015,5,20,1054,Friday,Fri,Weekday,47,153,16/11/2015,20151116,11,35,November,Nov,4,2015,201511,5,2,2016,Not Month End,20/11/2014
20151121,21/11/2015,6,21,1055,Saturday,Sat,Weekend,47,153,16/11/2015,20151116,11,35,November,Nov,4,2015,201511,5,2,2016,Not Month End,21/11/2014
20151122,22/11/2015,7,22,1056,Sunday,Sun,Weekend,47,153,16/11/2015,20151116,11,35,November,Nov,4,2015,201511,5,2,2016,Not Month End,22/11/2014
20151123,23/11/2015,1,23,1057,Monday,Mon,Weekday,48,154,23/11/2015,20151123,11,35,November,Nov,4,2015,201511,5,2,2016,Not Month End,23/11/2014
20151124,24/11/2015,2,24,1058,Tuesday,Tue,Weekday,48,154,23/11/2015,20151123,11,35,November,Nov,4,2015,201511,5,2,2016,Not Month End,24/11/2014
20151125,25/11/2015,3,25,1059,Wednesday,Wed,Weekday,48,154,23/11/2015,20151123,11,35,November,Nov,4,2015,201511,5,2,2016,Not Month End,25/11/2014
20151126,26/11/2015,4,26,1060,Thursday,Thu,Weekday,48,154,23/11/2015,20151123,11,35,November,Nov,4,2015,201511,5,2,2016,Not Month End,26/11/2014
20151127,27/11/2015,5,27,1061,Friday,Fri,Weekday,48,154,23/11/2015,20151123,11,35,November,Nov,4,2015,201511,5,2,2016,Not Month End,27/11/2014
20151128,28/11/2015,6,28,1062,Saturday,Sat,Weekend,48,154,23/11/2015,20151123,11,35,November,Nov,4,2015,201511,5,2,2016,Not Month End,28/11/2014
20151129,29/11/2015,7,29,1063,Sunday,Sun,Weekend,48,154,23/11/2015,20151123,11,35,November,Nov,4,2015,201511,5,2,2016,Not Month End,29/11/2014
20151130,30/11/2015,1,30,1064,Monday,Mon,Weekday,49,155,30/11/2015,20151130,11,35,November,Nov,4,2015,201511,5,2,2016,Month End,30/11/2014
20151201,01/12/2015,2,1,1065,Tuesday,Tue,Weekday,49,155,30/11/2015,20151130,12,36,December,Dec,4,2015,201512,6,2,2016,Not Month End,01/12/2014
20151202,02/12/2015,3,2,1066,Wednesday,Wed,Weekday,49,155,30/11/2015,20151130,12,36,December,Dec,4,2015,201512,6,2,2016,Not Month End,02/12/2014
20151203,03/12/2015,4,3,1067,Thursday,Thu,Weekday,49,155,30/11/2015,20151130,12,36,December,Dec,4,2015,201512,6,2,2016,Not Month End,03/12/2014
20151204,04/12/2015,5,4,1068,Friday,Fri,Weekday,49,155,30/11/2015,20151130,12,36,December,Dec,4,2015,201512,6,2,2016,Not Month End,04/12/2014
20151205,05/12/2015,6,5,1069,Saturday,Sat,Weekend,49,155,30/11/2015,20151130,12,36,December,Dec,4,2015,201512,6,2,2016,Not Month End,05/12/2014
20151206,06/12/2015,7,6,1070,Sunday,Sun,Weekend,49,155,30/11/2015,20151130,12,36,December,Dec,4,2015,201512,6,2,2016,Not Month End,06/12/2014
20151207,07/12/2015,1,7,1071,Monday,Mon,Weekday,50,156,07/12/2015,20151207,12,36,December,Dec,4,2015,201512,6,2,2016,Not Month End,07/12/2014
20151208,08/12/2015,2,8,1072,Tuesday,Tue,Weekday,50,156,07/12/2015,20151207,12,36,December,Dec,4,2015,201512,6,2,2016,Not Month End,08/12/2014
20151209,09/12/2015,3,9,1073,Wednesday,Wed,Weekday,50,156,07/12/2015,20151207,12,36,December,Dec,4,2015,201512,6,2,2016,Not Month End,09/12/2014
20151210,10/12/2015,4,10,1074,Thursday,Thu,Weekday,50,156,07/12/2015,20151207,12,36,December,Dec,4,2015,201512,6,2,2016,Not Month End,10/12/2014
20151211,11/12/2015,5,11,1075,Friday,Fri,Weekday,50,156,07/12/2015,20151207,12,36,December,Dec,4,2015,201512,6,2,2016,Not Month End,11/12/2014
20151212,12/12/2015,6,12,1076,Saturday,Sat,Weekend,50,156,07/12/2015,20151207,12,36,December,Dec,4,2015,201512,6,2,2016,Not Month End,12/12/2014
20151213,13/12/2015,7,13,1077,Sunday,Sun,Weekend,50,156,07/12/2015,20151207,12,36,December,Dec,4,2015,201512,6,2,2016,Not Month End,13/12/2014
20151214,14/12/2015,1,14,1078,Monday,Mon,Weekday,51,157,14/12/2015,20151214,12,36,December,Dec,4,2015,201512,6,2,2016,Not Month End,14/12/2014
20151215,15/12/2015,2,15,1079,Tuesday,Tue,Weekday,51,157,14/12/2015,20151214,12,36,December,Dec,4,2015,201512,6,2,2016,Not Month End,15/12/2014
20151216,16/12/2015,3,16,1080,Wednesday,Wed,Weekday,51,157,14/12/2015,20151214,12,36,December,Dec,4,2015,201512,6,2,2016,Not Month End,16/12/2014
20151217,17/12/2015,4,17,1081,Thursday,Thu,Weekday,51,157,14/12/2015,20151214,12,36,December,Dec,4,2015,201512,6,2,2016,Not Month End,17/12/2014
20151218,18/12/2015,5,18,1082,Friday,Fri,Weekday,51,157,14/12/2015,20151214,12,36,December,Dec,4,2015,201512,6,2,2016,Not Month End,18/12/2014
20151219,19/12/2015,6,19,1083,Saturday,Sat,Weekend,51,157,14/12/2015,20151214,12,36,December,Dec,4,2015,201512,6,2,2016,Not Month End,19/12/2014
20151220,20/12/2015,7,20,1084,Sunday,Sun,Weekend,51,157,14/12/2015,20151214,12,36,December,Dec,4,2015,201512,6,2,2016,Not Month End,20/12/2014
20151221,21/12/2015,1,21,1085,Monday,Mon,Weekday,52,158,21/12/2015,20151221,12,36,December,Dec,4,2015,201512,6,2,2016,Not Month End,21/12/2014
20151222,22/12/2015,2,22,1086,Tuesday,Tue,Weekday,52,158,21/12/2015,20151221,12,36,December,Dec,4,2015,201512,6,2,2016,Not Month End,22/12/2014
20151223,23/12/2015,3,23,1087,Wednesday,Wed,Weekday,52,158,21/12/2015,20151221,12,36,December,Dec,4,2015,201512,6,2,2016,Not Month End,23/12/2014
20151224,24/12/2015,4,24,1088,Thursday,Thu,Weekday,52,158,21/12/2015,20151221,12,36,December,Dec,4,2015,201512,6,2,2016,Not Month End,24/12/2014
20151225,25/12/2015,5,25,1089,Friday,Fri,Weekday,52,158,21/12/2015,20151221,12,36,December,Dec,4,2015,201512,6,2,2016,Not Month End,25/12/2014
20151226,26/12/2015,6,26,1090,Saturday,Sat,Weekend,52,158,21/12/2015,20151221,12,36,December,Dec,4,2015,201512,6,2,2016,Not Month End,26/12/2014
20151227,27/12/2015,7,27,1091,Sunday,Sun,Weekend,52,158,21/12/2015,20151221,12,36,December,Dec,4,2015,201512,6,2,2016,Not Month End,27/12/2014
20151228,28/12/2015,1,28,1092,Monday,Mon,Weekday,53,159,28/12/2015,20151228,12,36,December,Dec,4,2015,201512,6,2,2016,Not Month End,28/12/2014
20151229,29/12/2015,2,29,1093,Tuesday,Tue,Weekday,53,159,28/12/2015,20151228,12,36,December,Dec,4,2015,201512,6,2,2016,Not Month End,29/12/2014
20151230,30/12/2015,3,30,1094,Wednesday,Wed,Weekday,53,159,28/12/2015,20151228,12,36,December,Dec,4,2015,201512,6,2,2016,Not Month End,30/12/2014
20151231,31/12/2015,4,31,1095,Thursday,Thu,Weekday,53,159,28/12/2015,20151228,12,36,December,Dec,4,2015,201512,6,2,2016,Month End,31/12/2014
20160101,01/01/2016,5,1,1096,Friday,Fri,Weekday,1,160,28/12/2015,20151228,1,37,January,Jan,1,2016,201601,7,3,2016,Not Month End,01/01/2015
20160102,02/01/2016,6,2,1097,Saturday,Sat,Weekend,1,160,28/12/2015,20151228,1,37,January,Jan,1,2016,201601,7,3,2016,Not Month End,02/01/2015
20160103,03/01/2016,7,3,1098,Sunday,Sun,Weekend,1,160,28/12/2015,20151228,1,37,January,Jan,1,2016,201601,7,3,2016,Not Month End,03/01/2015
20160104,04/01/2016,1,4,1099,Monday,Mon,Weekday,2,161,04/01/2016,20160104,1,37,January,Jan,1,2016,201601,7,3,2016,Not Month End,04/01/2015
20160105,05/01/2016,2,5,1100,Tuesday,Tue,Weekday,2,161,04/01/2016,20160104,1,37,January,Jan,1,2016,201601,7,3,2016,Not Month End,05/01/2015
20160106,06/01/2016,3,6,1101,Wednesday,Wed,Weekday,2,161,04/01/2016,20160104,1,37,January,Jan,1,2016,201601,7,3,2016,Not Month End,06/01/2015
20160107,07/01/2016,4,7,1102,Thursday,Thu,Weekday,2,161,04/01/2016,20160104,1,37,January,Jan,1,2016,201601,7,3,2016,Not Month End,07/01/2015
20160108,08/01/2016,5,8,1103,Friday,Fri,Weekday,2,161,04/01/2016,20160104,1,37,January,Jan,1,2016,201601,7,3,2016,Not Month End,08/01/2015
20160109,09/01/2016,6,9,1104,Saturday,Sat,Weekend,2,161,04/01/2016,20160104,1,37,January,Jan,1,2016,201601,7,3,2016,Not Month End,09/01/2015
20160110,10/01/2016,7,10,1105,Sunday,Sun,Weekend,2,161,04/01/2016,20160104,1,37,January,Jan,1,2016,201601,7,3,2016,Not Month End,10/01/2015
20160111,11/01/2016,1,11,1106,Monday,Mon,Weekday,3,162,11/01/2016,20160111,1,37,January,Jan,1,2016,201601,7,3,2016,Not Month End,11/01/2015
20160112,12/01/2016,2,12,1107,Tuesday,Tue,Weekday,3,162,11/01/2016,20160111,1,37,January,Jan,1,2016,201601,7,3,2016,Not Month End,12/01/2015
20160113,13/01/2016,3,13,1108,Wednesday,Wed,Weekday,3,162,11/01/2016,20160111,1,37,January,Jan,1,2016,201601,7,3,2016,Not Month End,13/01/2015
20160114,14/01/2016,4,14,1109,Thursday,Thu,Weekday,3,162,11/01/2016,20160111,1,37,January,Jan,1,2016,201601,7,3,2016,Not Month End,14/01/2015
20160115,15/01/2016,5,15,1110,Friday,Fri,Weekday,3,162,11/01/2016,20160111,1,37,January,Jan,1,2016,201601,7,3,2016,Not Month End,15/01/2015
20160116,16/01/2016,6,16,1111,Saturday,Sat,Weekend,3,162,11/01/2016,20160111,1,37,January,Jan,1,2016,201601,7,3,2016,Not Month End,16/01/2015
20160117,17/01/2016,7,17,1112,Sunday,Sun,Weekend,3,162,11/01/2016,20160111,1,37,January,Jan,1,2016,201601,7,3,2016,Not Month End,17/01/2015
20160118,18/01/2016,1,18,1113,Monday,Mon,Weekday,4,163,18/01/2016,20160118,1,37,January,Jan,1,2016,201601,7,3,2016,Not Month End,18/01/2015
20160119,19/01/2016,2,19,1114,Tuesday,Tue,Weekday,4,163,18/01/2016,20160118,1,37,January,Jan,1,2016,201601,7,3,2016,Not Month End,19/01/2015
20160120,20/01/2016,3,20,1115,Wednesday,Wed,Weekday,4,163,18/01/2016,20160118,1,37,January,Jan,1,2016,201601,7,3,2016,Not Month End,20/01/2015
20160121,21/01/2016,4,21,1116,Thursday,Thu,Weekday,4,163,18/01/2016,20160118,1,37,January,Jan,1,2016,201601,7,3,2016,Not Month End,21/01/2015
20160122,22/01/2016,5,22,1117,Friday,Fri,Weekday,4,163,18/01/2016,20160118,1,37,January,Jan,1,2016,201601,7,3,2016,Not Month End,22/01/2015
20160123,23/01/2016,6,23,1118,Saturday,Sat,Weekend,4,163,18/01/2016,20160118,1,37,January,Jan,1,2016,201601,7,3,2016,Not Month End,23/01/2015
20160124,24/01/2016,7,24,1119,Sunday,Sun,Weekend,4,163,18/01/2016,20160118,1,37,January,Jan,1,2016,201601,7,3,2016,Not Month End,24/01/2015
20160125,25/01/2016,1,25,1120,Monday,Mon,Weekday,5,164,25/01/2016,20160125,1,37,January,Jan,1,2016,201601,7,3,2016,Not Month End,25/01/2015
20160126,26/01/2016,2,26,1121,Tuesday,Tue,Weekday,5,164,25/01/2016,20160125,1,37,January,Jan,1,2016,201601,7,3,2016,Not Month End,26/01/2015
20160127,27/01/2016,3,27,1122,Wednesday,Wed,Weekday,5,164,25/01/2016,20160125,1,37,January,Jan,1,2016,201601,7,3,2016,Not Month End,27/01/2015
20160128,28/01/2016,4,28,1123,Thursday,Thu,Weekday,5,164,25/01/2016,20160125,1,37,January,Jan,1,2016,201601,7,3,2016,Not Month End,28/01/2015
20160129,29/01/2016,5,29,1124,Friday,Fri,Weekday,5,164,25/01/2016,20160125,1,37,January,Jan,1,2016,201601,7,3,2016,Not Month End,29/01/2015
20160130,30/01/2016,6,30,1125,Saturday,Sat,Weekend,5,164,25/01/2016,20160125,1,37,January,Jan,1,2016,201601,7,3,2016,Not Month End,30/01/2015
20160131,31/01/2016,7,31,1126,Sunday,Sun,Weekend,5,164,25/01/2016,20160125,1,37,January,Jan,1,2016,201601,7,3,2016,Month End,31/01/2015
20160201,01/02/2016,1,1,1127,Monday,Mon,Weekday,6,165,01/02/2016,20160201,2,38,February,Feb,1,2016,201602,8,3,2016,Not Month End,01/02/2015
20160202,02/02/2016,2,2,1128,Tuesday,Tue,Weekday,6,165,01/02/2016,20160201,2,38,February,Feb,1,2016,201602,8,3,2016,Not Month End,02/02/2015
20160203,03/02/2016,3,3,1129,Wednesday,Wed,Weekday,6,165,01/02/2016,20160201,2,38,February,Feb,1,2016,201602,8,3,2016,Not Month End,03/02/2015
20160204,04/02/2016,4,4,1130,Thursday,Thu,Weekday,6,165,01/02/2016,20160201,2,38,February,Feb,1,2016,201602,8,3,2016,Not Month End,04/02/2015
20160205,05/02/2016,5,5,1131,Friday,Fri,Weekday,6,165,01/02/2016,20160201,2,38,February,Feb,1,2016,201602,8,3,2016,Not Month End,05/02/2015
20160206,06/02/2016,6,6,1132,Saturday,Sat,Weekend,6,165,01/02/2016,20160201,2,38,February,Feb,1,2016,201602,8,3,2016,Not Month End,06/02/2015
20160207,07/02/2016,7,7,1133,Sunday,Sun,Weekend,6,165,01/02/2016,20160201,2,38,February,Feb,1,2016,201602,8,3,2016,Not Month End,07/02/2015
20160208,08/02/2016,1,8,1134,Monday,Mon,Weekday,7,166,08/02/2016,20160208,2,38,February,Feb,1,2016,201602,8,3,2016,Not Month End,08/02/2015
20160209,09/02/2016,2,9,1135,Tuesday,Tue,Weekday,7,166,08/02/2016,20160208,2,38,February,Feb,1,2016,201602,8,3,2016,Not Month End,09/02/2015
20160210,10/02/2016,3,10,1136,Wednesday,Wed,Weekday,7,166,08/02/2016,20160208,2,38,February,Feb,1,2016,201602,8,3,2016,Not Month End,10/02/2015
20160211,11/02/2016,4,11,1137,Thursday,Thu,Weekday,7,166,08/02/2016,20160208,2,38,February,Feb,1,2016,201602,8,3,2016,Not Month End,11/02/2015
20160212,12/02/2016,5,12,1138,Friday,Fri,Weekday,7,166,08/02/2016,20160208,2,38,February,Feb,1,2016,201602,8,3,2016,Not Month End,12/02/2015
20160213,13/02/2016,6,13,1139,Saturday,Sat,Weekend,7,166,08/02/2016,20160208,2,38,February,Feb,1,2016,201602,8,3,2016,Not Month End,13/02/2015
20160214,14/02/2016,7,14,1140,Sunday,Sun,Weekend,7,166,08/02/2016,20160208,2,38,February,Feb,1,2016,201602,8,3,2016,Not Month End,14/02/2015
20160215,15/02/2016,1,15,1141,Monday,Mon,Weekday,8,167,15/02/2016,20160215,2,38,February,Feb,1,2016,201602,8,3,2016,Not Month End,15/02/2015
20160216,16/02/2016,2,16,1142,Tuesday,Tue,Weekday,8,167,15/02/2016,20160215,2,38,February,Feb,1,2016,201602,8,3,2016,Not Month End,16/02/2015
20160217,17/02/2016,3,17,1143,Wednesday,Wed,Weekday,8,167,15/02/2016,20160215,2,38,February,Feb,1,2016,201602,8,3,2016,Not Month End,17/02/2015
20160218,18/02/2016,4,18,1144,Thursday,Thu,Weekday,8,167,15/02/2016,20160215,2,38,February,Feb,1,2016,201602,8,3,2016,Not Month End,18/02/2015
20160219,19/02/2016,5,19,1145,Friday,Fri,Weekday,8,167,15/02/2016,20160215,2,38,February,Feb,1,2016,201602,8,3,2016,Not Month End,19/02/2015
20160220,20/02/2016,6,20,1146,Saturday,Sat,Weekend,8,167,15/02/2016,20160215,2,38,February,Feb,1,2016,201602,8,3,2016,Not Month End,20/02/2015
20160221,21/02/2016,7,21,1147,Sunday,Sun,Weekend,8,167,15/02/2016,20160215,2,38,February,Feb,1,2016,201602,8,3,2016,Not Month End,21/02/2015
20160222,22/02/2016,1,22,1148,Monday,Mon,Weekday,9,168,22/02/2016,20160222,2,38,February,Feb,1,2016,201602,8,3,2016,Not Month End,22/02/2015
20160223,23/02/2016,2,23,1149,Tuesday,Tue,Weekday,9,168,22/02/2016,20160222,2,38,February,Feb,1,2016,201602,8,3,2016,Not Month End,23/02/2015
20160224,24/02/2016,3,24,1150,Wednesday,Wed,Weekday,9,168,22/02/2016,20160222,2,38,February,Feb,1,2016,201602,8,3,2016,Not Month End,24/02/2015
20160225,25/02/2016,4,25,1151,Thursday,Thu,Weekday,9,168,22/02/2016,20160222,2,38,February,Feb,1,2016,201602,8,3,2016,Not Month End,25/02/2015
20160226,26/02/2016,5,26,1152,Friday,Fri,Weekday,9,168,22/02/2016,20160222,2,38,February,Feb,1,2016,201602,8,3,2016,Not Month End,26/02/2015
20160227,27/02/2016,6,27,1153,Saturday,Sat,Weekend,9,168,22/02/2016,20160222,2,38,February,Feb,1,2016,201602,8,3,2016,Not Month End,27/02/2015
20160228,28/02/2016,7,28,1154,Sunday,Sun,Weekend,9,168,22/02/2016,20160222,2,38,February,Feb,1,2016,201602,8,3,2016,Not Month End,28/02/2015
20160229,29/02/2016,1,29,1155,Monday,Mon,Weekday,10,169,29/02/2016,20160229,2,38,February,Feb,1,2016,201602,8,3,2016,Month End,01/03/2015
20160301,01/03/2016,2,1,1156,Tuesday,Tue,Weekday,10,169,29/02/2016,20160229,3,39,March,Mar,1,2016,201603,9,3,2016,Not Month End,01/03/2015
20160302,02/03/2016,3,2,1157,Wednesday,Wed,Weekday,10,169,29/02/2016,20160229,3,39,March,Mar,1,2016,201603,9,3,2016,Not Month End,02/03/2015
20160303,03/03/2016,4,3,1158,Thursday,Thu,Weekday,10,169,29/02/2016,20160229,3,39,March,Mar,1,2016,201603,9,3,2016,Not Month End,03/03/2015
20160304,04/03/2016,5,4,1159,Friday,Fri,Weekday,10,169,29/02/2016,20160229,3,39,March,Mar,1,2016,201603,9,3,2016,Not Month End,04/03/2015
20160305,05/03/2016,6,5,1160,Saturday,Sat,Weekend,10,169,29/02/2016,20160229,3,39,March,Mar,1,2016,201603,9,3,2016,Not Month End,05/03/2015
20160306,06/03/2016,7,6,1161,Sunday,Sun,Weekend,10,169,29/02/2016,20160229,3,39,March,Mar,1,2016,201603,9,3,2016,Not Month End,06/03/2015
20160307,07/03/2016,1,7,1162,Monday,Mon,Weekday,11,170,07/03/2016,20160307,3,39,March,Mar,1,2016,201603,9,3,2016,Not Month End,07/03/2015
20160308,08/03/2016,2,8,1163,Tuesday,Tue,Weekday,11,170,07/03/2016,20160307,3,39,March,Mar,1,2016,201603,9,3,2016,Not Month End,08/03/2015
20160309,09/03/2016,3,9,1164,Wednesday,Wed,Weekday,11,170,07/03/2016,20160307,3,39,March,Mar,1,2016,201603,9,3,2016,Not Month End,09/03/2015
20160310,10/03/2016,4,10,1165,Thursday,Thu,Weekday,11,170,07/03/2016,20160307,3,39,March,Mar,1,2016,201603,9,3,2016,Not Month End,10/03/2015
20160311,11/03/2016,5,11,1166,Friday,Fri,Weekday,11,170,07/03/2016,20160307,3,39,March,Mar,1,2016,201603,9,3,2016,Not Month End,11/03/2015
20160312,12/03/2016,6,12,1167,Saturday,Sat,Weekend,11,170,07/03/2016,20160307,3,39,March,Mar,1,2016,201603,9,3,2016,Not Month End,12/03/2015
20160313,13/03/2016,7,13,1168,Sunday,Sun,Weekend,11,170,07/03/2016,20160307,3,39,March,Mar,1,2016,201603,9,3,2016,Not Month End,13/03/2015
20160314,14/03/2016,1,14,1169,Monday,Mon,Weekday,12,171,14/03/2016,20160314,3,39,March,Mar,1,2016,201603,9,3,2016,Not Month End,14/03/2015
20160315,15/03/2016,2,15,1170,Tuesday,Tue,Weekday,12,171,14/03/2016,20160314,3,39,March,Mar,1,2016,201603,9,3,2016,Not Month End,15/03/2015
20160316,16/03/2016,3,16,1171,Wednesday,Wed,Weekday,12,171,14/03/2016,20160314,3,39,March,Mar,1,2016,201603,9,3,2016,Not Month End,16/03/2015
20160317,17/03/2016,4,17,1172,Thursday,Thu,Weekday,12,171,14/03/2016,20160314,3,39,March,Mar,1,2016,201603,9,3,2016,Not Month End,17/03/2015
20160318,18/03/2016,5,18,1173,Friday,Fri,Weekday,12,171,14/03/2016,20160314,3,39,March,Mar,1,2016,201603,9,3,2016,Not Month End,18/03/2015
20160319,19/03/2016,6,19,1174,Saturday,Sat,Weekend,12,171,14/03/2016,20160314,3,39,March,Mar,1,2016,201603,9,3,2016,Not Month End,19/03/2015
20160320,20/03/2016,7,20,1175,Sunday,Sun,Weekend,12,171,14/03/2016,20160314,3,39,March,Mar,1,2016,201603,9,3,2016,Not Month End,20/03/2015
20160321,21/03/2016,1,21,1176,Monday,Mon,Weekday,13,172,21/03/2016,20160321,3,39,March,Mar,1,2016,201603,9,3,2016,Not Month End,21/03/2015
20160322,22/03/2016,2,22,1177,Tuesday,Tue,Weekday,13,172,21/03/2016,20160321,3,39,March,Mar,1,2016,201603,9,3,2016,Not Month End,22/03/2015
20160323,23/03/2016,3,23,1178,Wednesday,Wed,Weekday,13,172,21/03/2016,20160321,3,39,March,Mar,1,2016,201603,9,3,2016,Not Month End,23/03/2015
20160324,24/03/2016,4,24,1179,Thursday,Thu,Weekday,13,172,21/03/2016,20160321,3,39,March,Mar,1,2016,201603,9,3,2016,Not Month End,24/03/2015
20160325,25/03/2016,5,25,1180,Friday,Fri,Weekday,13,172,21/03/2016,20160321,3,39,March,Mar,1,2016,201603,9,3,2016,Not Month End,25/03/2015
20160326,26/03/2016,6,26,1181,Saturday,Sat,Weekend,13,172,21/03/2016,20160321,3,39,March,Mar,1,2016,201603,9,3,2016,Not Month End,26/03/2015
20160327,27/03/2016,7,27,1182,Sunday,Sun,Weekend,13,172,21/03/2016,20160321,3,39,March,Mar,1,2016,201603,9,3,2016,Not Month End,27/03/2015
20160328,28/03/2016,1,28,1183,Monday,Mon,Weekday,14,173,28/03/2016,20160328,3,39,March,Mar,1,2016,201603,9,3,2016,Not Month End,28/03/2015
20160329,29/03/2016,2,29,1184,Tuesday,Tue,Weekday,14,173,28/03/2016,20160328,3,39,March,Mar,1,2016,201603,9,3,2016,Not Month End,29/03/2015
20160330,30/03/2016,3,30,1185,Wednesday,Wed,Weekday,14,173,28/03/2016,20160328,3,39,March,Mar,1,2016,201603,9,3,2016,Not Month End,30/03/2015
20160331,31/03/2016,4,31,1186,Thursday,Thu,Weekday,14,173,28/03/2016,20160328,3,39,March,Mar,1,2016,201603,9,3,2016,Month End,31/03/2015
20160401,01/04/2016,5,1,1187,Friday,Fri,Weekday,14,173,28/03/2016,20160328,4,40,April,Apr,2,2016,201604,10,4,2016,Not Month End,01/04/2015
20160402,02/04/2016,6,2,1188,Saturday,Sat,Weekend,14,173,28/03/2016,20160328,4,40,April,Apr,2,2016,201604,10,4,2016,Not Month End,02/04/2015
20160403,03/04/2016,7,3,1189,Sunday,Sun,Weekend,14,173,28/03/2016,20160328,4,40,April,Apr,2,2016,201604,10,4,2016,Not Month End,03/04/2015
20160404,04/04/2016,1,4,1190,Monday,Mon,Weekday,15,174,04/04/2016,20160404,4,40,April,Apr,2,2016,201604,10,4,2016,Not Month End,04/04/2015
20160405,05/04/2016,2,5,1191,Tuesday,Tue,Weekday,15,174,04/04/2016,20160404,4,40,April,Apr,2,2016,201604,10,4,2016,Not Month End,05/04/2015
20160406,06/04/2016,3,6,1192,Wednesday,Wed,Weekday,15,174,04/04/2016,20160404,4,40,April,Apr,2,2016,201604,10,4,2016,Not Month End,06/04/2015
20160407,07/04/2016,4,7,1193,Thursday,Thu,Weekday,15,174,04/04/2016,20160404,4,40,April,Apr,2,2016,201604,10,4,2016,Not Month End,07/04/2015
20160408,08/04/2016,5,8,1194,Friday,Fri,Weekday,15,174,04/04/2016,20160404,4,40,April,Apr,2,2016,201604,10,4,2016,Not Month End,08/04/2015
20160409,09/04/2016,6,9,1195,Saturday,Sat,Weekend,15,174,04/04/2016,20160404,4,40,April,Apr,2,2016,201604,10,4,2016,Not Month End,09/04/2015
20160410,10/04/2016,7,10,1196,Sunday,Sun,Weekend,15,174,04/04/2016,20160404,4,40,April,Apr,2,2016,201604,10,4,2016,Not Month End,10/04/2015
20160411,11/04/2016,1,11,1197,Monday,Mon,Weekday,16,175,11/04/2016,20160411,4,40,April,Apr,2,2016,201604,10,4,2016,Not Month End,11/04/2015
20160412,12/04/2016,2,12,1198,Tuesday,Tue,Weekday,16,175,11/04/2016,20160411,4,40,April,Apr,2,2016,201604,10,4,2016,Not Month End,12/04/2015
20160413,13/04/2016,3,13,1199,Wednesday,Wed,Weekday,16,175,11/04/2016,20160411,4,40,April,Apr,2,2016,201604,10,4,2016,Not Month End,13/04/2015
20160414,14/04/2016,4,14,1200,Thursday,Thu,Weekday,16,175,11/04/2016,20160411,4,40,April,Apr,2,2016,201604,10,4,2016,Not Month End,14/04/2015
20160415,15/04/2016,5,15,1201,Friday,Fri,Weekday,16,175,11/04/2016,20160411,4,40,April,Apr,2,2016,201604,10,4,2016,Not Month End,15/04/2015
20160416,16/04/2016,6,16,1202,Saturday,Sat,Weekend,16,175,11/04/2016,20160411,4,40,April,Apr,2,2016,201604,10,4,2016,Not Month End,16/04/2015
20160417,17/04/2016,7,17,1203,Sunday,Sun,Weekend,16,175,11/04/2016,20160411,4,40,April,Apr,2,2016,201604,10,4,2016,Not Month End,17/04/2015
20160418,18/04/2016,1,18,1204,Monday,Mon,Weekday,17,176,18/04/2016,20160418,4,40,April,Apr,2,2016,201604,10,4,2016,Not Month End,18/04/2015
20160419,19/04/2016,2,19,1205,Tuesday,Tue,Weekday,17,176,18/04/2016,20160418,4,40,April,Apr,2,2016,201604,10,4,2016,Not Month End,19/04/2015
20160420,20/04/2016,3,20,1206,Wednesday,Wed,Weekday,17,176,18/04/2016,20160418,4,40,April,Apr,2,2016,201604,10,4,2016,Not Month End,20/04/2015
20160421,21/04/2016,4,21,1207,Thursday,Thu,Weekday,17,176,18/04/2016,20160418,4,40,April,Apr,2,2016,201604,10,4,2016,Not Month End,21/04/2015
20160422,22/04/2016,5,22,1208,Friday,Fri,Weekday,17,176,18/04/2016,20160418,4,40,April,Apr,2,2016,201604,10,4,2016,Not Month End,22/04/2015
20160423,23/04/2016,6,23,1209,Saturday,Sat,Weekend,17,176,18/04/2016,20160418,4,40,April,Apr,2,2016,201604,10,4,2016,Not Month End,23/04/2015
20160424,24/04/2016,7,24,1210,Sunday,Sun,Weekend,17,176,18/04/2016,20160418,4,40,April,Apr,2,2016,201604,10,4,2016,Not Month End,24/04/2015
20160425,25/04/2016,1,25,1211,Monday,Mon,Weekday,18,177,25/04/2016,20160425,4,40,April,Apr,2,2016,201604,10,4,2016,Not Month End,25/04/2015
20160426,26/04/2016,2,26,1212,Tuesday,Tue,Weekday,18,177,25/04/2016,20160425,4,40,April,Apr,2,2016,201604,10,4,2016,Not Month End,26/04/2015
20160427,27/04/2016,3,27,1213,Wednesday,Wed,Weekday,18,177,25/04/2016,20160425,4,40,April,Apr,2,2016,201604,10,4,2016,Not Month End,27/04/2015
20160428,28/04/2016,4,28,1214,Thursday,Thu,Weekday,18,177,25/04/2016,20160425,4,40,April,Apr,2,2016,201604,10,4,2016,Not Month End,28/04/2015
20160429,29/04/2016,5,29,1215,Friday,Fri,Weekday,18,177,25/04/2016,20160425,4,40,April,Apr,2,2016,201604,10,4,2016,Not Month End,29/04/2015
20160430,30/04/2016,6,30,1216,Saturday,Sat,Weekend,18,177,25/04/2016,20160425,4,40,April,Apr,2,2016,201604,10,4,2016,Month End,30/04/2015
20160501,01/05/2016,7,1,1217,Sunday,Sun,Weekend,18,177,25/04/2016,20160425,5,41,May,May,2,2016,201605,11,4,2016,Not Month End,01/05/2015
20160502,02/05/2016,1,2,1218,Monday,Mon,Weekday,19,178,02/05/2016,20160502,5,41,May,May,2,2016,201605,11,4,2016,Not Month End,02/05/2015
20160503,03/05/2016,2,3,1219,Tuesday,Tue,Weekday,19,178,02/05/2016,20160502,5,41,May,May,2,2016,201605,11,4,2016,Not Month End,03/05/2015
20160504,04/05/2016,3,4,1220,Wednesday,Wed,Weekday,19,178,02/05/2016,20160502,5,41,May,May,2,2016,201605,11,4,2016,Not Month End,04/05/2015
20160505,05/05/2016,4,5,1221,Thursday,Thu,Weekday,19,178,02/05/2016,20160502,5,41,May,May,2,2016,201605,11,4,2016,Not Month End,05/05/2015
20160506,06/05/2016,5,6,1222,Friday,Fri,Weekday,19,178,02/05/2016,20160502,5,41,May,May,2,2016,201605,11,4,2016,Not Month End,06/05/2015
20160507,07/05/2016,6,7,1223,Saturday,Sat,Weekend,19,178,02/05/2016,20160502,5,41,May,May,2,2016,201605,11,4,2016,Not Month End,07/05/2015
20160508,08/05/2016,7,8,1224,Sunday,Sun,Weekend,19,178,02/05/2016,20160502,5,41,May,May,2,2016,201605,11,4,2016,Not Month End,08/05/2015
20160509,09/05/2016,1,9,1225,Monday,Mon,Weekday,20,179,09/05/2016,20160509,5,41,May,May,2,2016,201605,11,4,2016,Not Month End,09/05/2015
20160510,10/05/2016,2,10,1226,Tuesday,Tue,Weekday,20,179,09/05/2016,20160509,5,41,May,May,2,2016,201605,11,4,2016,Not Month End,10/05/2015
20160511,11/05/2016,3,11,1227,Wednesday,Wed,Weekday,20,179,09/05/2016,20160509,5,41,May,May,2,2016,201605,11,4,2016,Not Month End,11/05/2015
20160512,12/05/2016,4,12,1228,Thursday,Thu,Weekday,20,179,09/05/2016,20160509,5,41,May,May,2,2016,201605,11,4,2016,Not Month End,12/05/2015
20160513,13/05/2016,5,13,1229,Friday,Fri,Weekday,20,179,09/05/2016,20160509,5,41,May,May,2,2016,201605,11,4,2016,Not Month End,13/05/2015
20160514,14/05/2016,6,14,1230,Saturday,Sat,Weekend,20,179,09/05/2016,20160509,5,41,May,May,2,2016,201605,11,4,2016,Not Month End,14/05/2015
20160515,15/05/2016,7,15,1231,Sunday,Sun,Weekend,20,179,09/05/2016,20160509,5,41,May,May,2,2016,201605,11,4,2016,Not Month End,15/05/2015
20160516,16/05/2016,1,16,1232,Monday,Mon,Weekday,21,180,16/05/2016,20160516,5,41,May,May,2,2016,201605,11,4,2016,Not Month End,16/05/2015
20160517,17/05/2016,2,17,1233,Tuesday,Tue,Weekday,21,180,16/05/2016,20160516,5,41,May,May,2,2016,201605,11,4,2016,Not Month End,17/05/2015
20160518,18/05/2016,3,18,1234,Wednesday,Wed,Weekday,21,180,16/05/2016,20160516,5,41,May,May,2,2016,201605,11,4,2016,Not Month End,18/05/2015
20160519,19/05/2016,4,19,1235,Thursday,Thu,Weekday,21,180,16/05/2016,20160516,5,41,May,May,2,2016,201605,11,4,2016,Not Month End,19/05/2015
20160520,20/05/2016,5,20,1236,Friday,Fri,Weekday,21,180,16/05/2016,20160516,5,41,May,May,2,2016,201605,11,4,2016,Not Month End,20/05/2015
20160521,21/05/2016,6,21,1237,Saturday,Sat,Weekend,21,180,16/05/2016,20160516,5,41,May,May,2,2016,201605,11,4,2016,Not Month End,21/05/2015
20160522,22/05/2016,7,22,1238,Sunday,Sun,Weekend,21,180,16/05/2016,20160516,5,41,May,May,2,2016,201605,11,4,2016,Not Month End,22/05/2015
20160523,23/05/2016,1,23,1239,Monday,Mon,Weekday,22,181,23/05/2016,20160523,5,41,May,May,2,2016,201605,11,4,2016,Not Month End,23/05/2015
20160524,24/05/2016,2,24,1240,Tuesday,Tue,Weekday,22,181,23/05/2016,20160523,5,41,May,May,2,2016,201605,11,4,2016,Not Month End,24/05/2015
20160525,25/05/2016,3,25,1241,Wednesday,Wed,Weekday,22,181,23/05/2016,20160523,5,41,May,May,2,2016,201605,11,4,2016,Not Month End,25/05/2015
20160526,26/05/2016,4,26,1242,Thursday,Thu,Weekday,22,181,23/05/2016,20160523,5,41,May,May,2,2016,201605,11,4,2016,Not Month End,26/05/2015
20160527,27/05/2016,5,27,1243,Friday,Fri,Weekday,22,181,23/05/2016,20160523,5,41,May,May,2,2016,201605,11,4,2016,Not Month End,27/05/2015
20160528,28/05/2016,6,28,1244,Saturday,Sat,Weekend,22,181,23/05/2016,20160523,5,41,May,May,2,2016,201605,11,4,2016,Not Month End,28/05/2015
20160529,29/05/2016,7,29,1245,Sunday,Sun,Weekend,22,181,23/05/2016,20160523,5,41,May,May,2,2016,201605,11,4,2016,Not Month End,29/05/2015
20160530,30/05/2016,1,30,1246,Monday,Mon,Weekday,23,182,30/05/2016,20160530,5,41,May,May,2,2016,201605,11,4,2016,Not Month End,30/05/2015
20160531,31/05/2016,2,31,1247,Tuesday,Tue,Weekday,23,182,30/05/2016,20160530,5,41,May,May,2,2016,201605,11,4,2016,Month End,31/05/2015
20160601,01/06/2016,3,1,1248,Wednesday,Wed,Weekday,23,182,30/05/2016,20160530,6,42,June,Jun,2,2016,201606,12,4,2016,Not Month End,01/06/2015
20160602,02/06/2016,4,2,1249,Thursday,Thu,Weekday,23,182,30/05/2016,20160530,6,42,June,Jun,2,2016,201606,12,4,2016,Not Month End,02/06/2015
20160603,03/06/2016,5,3,1250,Friday,Fri,Weekday,23,182,30/05/2016,20160530,6,42,June,Jun,2,2016,201606,12,4,2016,Not Month End,03/06/2015
20160604,04/06/2016,6,4,1251,Saturday,Sat,Weekend,23,182,30/05/2016,20160530,6,42,June,Jun,2,2016,201606,12,4,2016,Not Month End,04/06/2015
20160605,05/06/2016,7,5,1252,Sunday,Sun,Weekend,23,182,30/05/2016,20160530,6,42,June,Jun,2,2016,201606,12,4,2016,Not Month End,05/06/2015
20160606,06/06/2016,1,6,1253,Monday,Mon,Weekday,24,183,06/06/2016,20160606,6,42,June,Jun,2,2016,201606,12,4,2016,Not Month End,06/06/2015
20160607,07/06/2016,2,7,1254,Tuesday,Tue,Weekday,24,183,06/06/2016,20160606,6,42,June,Jun,2,2016,201606,12,4,2016,Not Month End,07/06/2015
20160608,08/06/2016,3,8,1255,Wednesday,Wed,Weekday,24,183,06/06/2016,20160606,6,42,June,Jun,2,2016,201606,12,4,2016,Not Month End,08/06/2015
20160609,09/06/2016,4,9,1256,Thursday,Thu,Weekday,24,183,06/06/2016,20160606,6,42,June,Jun,2,2016,201606,12,4,2016,Not Month End,09/06/2015
20160610,10/06/2016,5,10,1257,Friday,Fri,Weekday,24,183,06/06/2016,20160606,6,42,June,Jun,2,2016,201606,12,4,2016,Not Month End,10/06/2015
20160611,11/06/2016,6,11,1258,Saturday,Sat,Weekend,24,183,06/06/2016,20160606,6,42,June,Jun,2,2016,201606,12,4,2016,Not Month End,11/06/2015
20160612,12/06/2016,7,12,1259,Sunday,Sun,Weekend,24,183,06/06/2016,20160606,6,42,June,Jun,2,2016,201606,12,4,2016,Not Month End,12/06/2015
20160613,13/06/2016,1,13,1260,Monday,Mon,Weekday,25,184,13/06/2016,20160613,6,42,June,Jun,2,2016,201606,12,4,2016,Not Month End,13/06/2015
20160614,14/06/2016,2,14,1261,Tuesday,Tue,Weekday,25,184,13/06/2016,20160613,6,42,June,Jun,2,2016,201606,12,4,2016,Not Month End,14/06/2015
20160615,15/06/2016,3,15,1262,Wednesday,Wed,Weekday,25,184,13/06/2016,20160613,6,42,June,Jun,2,2016,201606,12,4,2016,Not Month End,15/06/2015
20160616,16/06/2016,4,16,1263,Thursday,Thu,Weekday,25,184,13/06/2016,20160613,6,42,June,Jun,2,2016,201606,12,4,2016,Not Month End,16/06/2015
20160617,17/06/2016,5,17,1264,Friday,Fri,Weekday,25,184,13/06/2016,20160613,6,42,June,Jun,2,2016,201606,12,4,2016,Not Month End,17/06/2015
20160618,18/06/2016,6,18,1265,Saturday,Sat,Weekend,25,184,13/06/2016,20160613,6,42,June,Jun,2,2016,201606,12,4,2016,Not Month End,18/06/2015
20160619,19/06/2016,7,19,1266,Sunday,Sun,Weekend,25,184,13/06/2016,20160613,6,42,June,Jun,2,2016,201606,12,4,2016,Not Month End,19/06/2015
20160620,20/06/2016,1,20,1267,Monday,Mon,Weekday,26,185,20/06/2016,20160620,6,42,June,Jun,2,2016,201606,12,4,2016,Not Month End,20/06/2015
20160621,21/06/2016,2,21,1268,Tuesday,Tue,Weekday,26,185,20/06/2016,20160620,6,42,June,Jun,2,2016,201606,12,4,2016,Not Month End,21/06/2015
20160622,22/06/2016,3,22,1269,Wednesday,Wed,Weekday,26,185,20/06/2016,20160620,6,42,June,Jun,2,2016,201606,12,4,2016,Not Month End,22/06/2015
20160623,23/06/2016,4,23,1270,Thursday,Thu,Weekday,26,185,20/06/2016,20160620,6,42,June,Jun,2,2016,201606,12,4,2016,Not Month End,23/06/2015
20160624,24/06/2016,5,24,1271,Friday,Fri,Weekday,26,185,20/06/2016,20160620,6,42,June,Jun,2,2016,201606,12,4,2016,Not Month End,24/06/2015
20160625,25/06/2016,6,25,1272,Saturday,Sat,Weekend,26,185,20/06/2016,20160620,6,42,June,Jun,2,2016,201606,12,4,2016,Not Month End,25/06/2015
20160626,26/06/2016,7,26,1273,Sunday,Sun,Weekend,26,185,20/06/2016,20160620,6,42,June,Jun,2,2016,201606,12,4,2016,Not Month End,26/06/2015
20160627,27/06/2016,1,27,1274,Monday,Mon,Weekday,27,186,27/06/2016,20160627,6,42,June,Jun,2,2016,201606,12,4,2016,Not Month End,27/06/2015
20160628,28/06/2016,2,28,1275,Tuesday,Tue,Weekday,27,186,27/06/2016,20160627,6,42,June,Jun,2,2016,201606,12,4,2016,Not Month End,28/06/2015
20160629,29/06/2016,3,29,1276,Wednesday,Wed,Weekday,27,186,27/06/2016,20160627,6,42,June,Jun,2,2016,201606,12,4,2016,Not Month End,29/06/2015
20160630,30/06/2016,4,30,1277,Thursday,Thu,Weekday,27,186,27/06/2016,20160627,6,42,June,Jun,2,2016,201606,12,4,2016,Month End,30/06/2015
20160701,01/07/2016,5,1,1278,Friday,Fri,Weekday,27,186,27/06/2016,20160627,7,43,July,Jul,3,2016,201607,1,1,2017,Not Month End,01/07/2015
20160702,02/07/2016,6,2,1279,Saturday,Sat,Weekend,27,186,27/06/2016,20160627,7,43,July,Jul,3,2016,201607,1,1,2017,Not Month End,02/07/2015
20160703,03/07/2016,7,3,1280,Sunday,Sun,Weekend,27,186,27/06/2016,20160627,7,43,July,Jul,3,2016,201607,1,1,2017,Not Month End,03/07/2015
20160704,04/07/2016,1,4,1281,Monday,Mon,Weekday,28,187,04/07/2016,20160704,7,43,July,Jul,3,2016,201607,1,1,2017,Not Month End,04/07/2015
20160705,05/07/2016,2,5,1282,Tuesday,Tue,Weekday,28,187,04/07/2016,20160704,7,43,July,Jul,3,2016,201607,1,1,2017,Not Month End,05/07/2015
20160706,06/07/2016,3,6,1283,Wednesday,Wed,Weekday,28,187,04/07/2016,20160704,7,43,July,Jul,3,2016,201607,1,1,2017,Not Month End,06/07/2015
20160707,07/07/2016,4,7,1284,Thursday,Thu,Weekday,28,187,04/07/2016,20160704,7,43,July,Jul,3,2016,201607,1,1,2017,Not Month End,07/07/2015
20160708,08/07/2016,5,8,1285,Friday,Fri,Weekday,28,187,04/07/2016,20160704,7,43,July,Jul,3,2016,201607,1,1,2017,Not Month End,08/07/2015
20160709,09/07/2016,6,9,1286,Saturday,Sat,Weekend,28,187,04/07/2016,20160704,7,43,July,Jul,3,2016,201607,1,1,2017,Not Month End,09/07/2015
20160710,10/07/2016,7,10,1287,Sunday,Sun,Weekend,28,187,04/07/2016,20160704,7,43,July,Jul,3,2016,201607,1,1,2017,Not Month End,10/07/2015
20160711,11/07/2016,1,11,1288,Monday,Mon,Weekday,29,188,11/07/2016,20160711,7,43,July,Jul,3,2016,201607,1,1,2017,Not Month End,11/07/2015
20160712,12/07/2016,2,12,1289,Tuesday,Tue,Weekday,29,188,11/07/2016,20160711,7,43,July,Jul,3,2016,201607,1,1,2017,Not Month End,12/07/2015
20160713,13/07/2016,3,13,1290,Wednesday,Wed,Weekday,29,188,11/07/2016,20160711,7,43,July,Jul,3,2016,201607,1,1,2017,Not Month End,13/07/2015
20160714,14/07/2016,4,14,1291,Thursday,Thu,Weekday,29,188,11/07/2016,20160711,7,43,July,Jul,3,2016,201607,1,1,2017,Not Month End,14/07/2015
20160715,15/07/2016,5,15,1292,Friday,Fri,Weekday,29,188,11/07/2016,20160711,7,43,July,Jul,3,2016,201607,1,1,2017,Not Month End,15/07/2015
20160716,16/07/2016,6,16,1293,Saturday,Sat,Weekend,29,188,11/07/2016,20160711,7,43,July,Jul,3,2016,201607,1,1,2017,Not Month End,16/07/2015
20160717,17/07/2016,7,17,1294,Sunday,Sun,Weekend,29,188,11/07/2016,20160711,7,43,July,Jul,3,2016,201607,1,1,2017,Not Month End,17/07/2015
20160718,18/07/2016,1,18,1295,Monday,Mon,Weekday,30,189,18/07/2016,20160718,7,43,July,Jul,3,2016,201607,1,1,2017,Not Month End,18/07/2015
20160719,19/07/2016,2,19,1296,Tuesday,Tue,Weekday,30,189,18/07/2016,20160718,7,43,July,Jul,3,2016,201607,1,1,2017,Not Month End,19/07/2015
20160720,20/07/2016,3,20,1297,Wednesday,Wed,Weekday,30,189,18/07/2016,20160718,7,43,July,Jul,3,2016,201607,1,1,2017,Not Month End,20/07/2015
20160721,21/07/2016,4,21,1298,Thursday,Thu,Weekday,30,189,18/07/2016,20160718,7,43,July,Jul,3,2016,201607,1,1,2017,Not Month End,21/07/2015
20160722,22/07/2016,5,22,1299,Friday,Fri,Weekday,30,189,18/07/2016,20160718,7,43,July,Jul,3,2016,201607,1,1,2017,Not Month End,22/07/2015
20160723,23/07/2016,6,23,1300,Saturday,Sat,Weekend,30,189,18/07/2016,20160718,7,43,July,Jul,3,2016,201607,1,1,2017,Not Month End,23/07/2015
20160724,24/07/2016,7,24,1301,Sunday,Sun,Weekend,30,189,18/07/2016,20160718,7,43,July,Jul,3,2016,201607,1,1,2017,Not Month End,24/07/2015
20160725,25/07/2016,1,25,1302,Monday,Mon,Weekday,31,190,25/07/2016,20160725,7,43,July,Jul,3,2016,201607,1,1,2017,Not Month End,25/07/2015
20160726,26/07/2016,2,26,1303,Tuesday,Tue,Weekday,31,190,25/07/2016,20160725,7,43,July,Jul,3,2016,201607,1,1,2017,Not Month End,26/07/2015
20160727,27/07/2016,3,27,1304,Wednesday,Wed,Weekday,31,190,25/07/2016,20160725,7,43,July,Jul,3,2016,201607,1,1,2017,Not Month End,27/07/2015
20160728,28/07/2016,4,28,1305,Thursday,Thu,Weekday,31,190,25/07/2016,20160725,7,43,July,Jul,3,2016,201607,1,1,2017,Not Month End,28/07/2015
20160729,29/07/2016,5,29,1306,Friday,Fri,Weekday,31,190,25/07/2016,20160725,7,43,July,Jul,3,2016,201607,1,1,2017,Not Month End,29/07/2015
20160730,30/07/2016,6,30,1307,Saturday,Sat,Weekend,31,190,25/07/2016,20160725,7,43,July,Jul,3,2016,201607,1,1,2017,Not Month End,30/07/2015
20160731,31/07/2016,7,31,1308,Sunday,Sun,Weekend,31,190,25/07/2016,20160725,7,43,July,Jul,3,2016,201607,1,1,2017,Month End,31/07/2015
20160801,01/08/2016,1,1,1309,Monday,Mon,Weekday,32,191,01/08/2016,20160801,8,44,August,Aug,3,2016,201608,2,1,2017,Not Month End,01/08/2015
20160802,02/08/2016,2,2,1310,Tuesday,Tue,Weekday,32,191,01/08/2016,20160801,8,44,August,Aug,3,2016,201608,2,1,2017,Not Month End,02/08/2015
20160803,03/08/2016,3,3,1311,Wednesday,Wed,Weekday,32,191,01/08/2016,20160801,8,44,August,Aug,3,2016,201608,2,1,2017,Not Month End,03/08/2015
20160804,04/08/2016,4,4,1312,Thursday,Thu,Weekday,32,191,01/08/2016,20160801,8,44,August,Aug,3,2016,201608,2,1,2017,Not Month End,04/08/2015
20160805,05/08/2016,5,5,1313,Friday,Fri,Weekday,32,191,01/08/2016,20160801,8,44,August,Aug,3,2016,201608,2,1,2017,Not Month End,05/08/2015
20160806,06/08/2016,6,6,1314,Saturday,Sat,Weekend,32,191,01/08/2016,20160801,8,44,August,Aug,3,2016,201608,2,1,2017,Not Month End,06/08/2015
20160807,07/08/2016,7,7,1315,Sunday,Sun,Weekend,32,191,01/08/2016,20160801,8,44,August,Aug,3,2016,201608,2,1,2017,Not Month End,07/08/2015
20160808,08/08/2016,1,8,1316,Monday,Mon,Weekday,33,192,08/08/2016,20160808,8,44,August,Aug,3,2016,201608,2,1,2017,Not Month End,08/08/2015
20160809,09/08/2016,2,9,1317,Tuesday,Tue,Weekday,33,192,08/08/2016,20160808,8,44,August,Aug,3,2016,201608,2,1,2017,Not Month End,09/08/2015
20160810,10/08/2016,3,10,1318,Wednesday,Wed,Weekday,33,192,08/08/2016,20160808,8,44,August,Aug,3,2016,201608,2,1,2017,Not Month End,10/08/2015
20160811,11/08/2016,4,11,1319,Thursday,Thu,Weekday,33,192,08/08/2016,20160808,8,44,August,Aug,3,2016,201608,2,1,2017,Not Month End,11/08/2015
20160812,12/08/2016,5,12,1320,Friday,Fri,Weekday,33,192,08/08/2016,20160808,8,44,August,Aug,3,2016,201608,2,1,2017,Not Month End,12/08/2015
20160813,13/08/2016,6,13,1321,Saturday,Sat,Weekend,33,192,08/08/2016,20160808,8,44,August,Aug,3,2016,201608,2,1,2017,Not Month End,13/08/2015
20160814,14/08/2016,7,14,1322,Sunday,Sun,Weekend,33,192,08/08/2016,20160808,8,44,August,Aug,3,2016,201608,2,1,2017,Not Month End,14/08/2015
20160815,15/08/2016,1,15,1323,Monday,Mon,Weekday,34,193,15/08/2016,20160815,8,44,August,Aug,3,2016,201608,2,1,2017,Not Month End,15/08/2015
20160816,16/08/2016,2,16,1324,Tuesday,Tue,Weekday,34,193,15/08/2016,20160815,8,44,August,Aug,3,2016,201608,2,1,2017,Not Month End,16/08/2015
20160817,17/08/2016,3,17,1325,Wednesday,Wed,Weekday,34,193,15/08/2016,20160815,8,44,August,Aug,3,2016,201608,2,1,2017,Not Month End,17/08/2015
20160818,18/08/2016,4,18,1326,Thursday,Thu,Weekday,34,193,15/08/2016,20160815,8,44,August,Aug,3,2016,201608,2,1,2017,Not Month End,18/08/2015
20160819,19/08/2016,5,19,1327,Friday,Fri,Weekday,34,193,15/08/2016,20160815,8,44,August,Aug,3,2016,201608,2,1,2017,Not Month End,19/08/2015
20160820,20/08/2016,6,20,1328,Saturday,Sat,Weekend,34,193,15/08/2016,20160815,8,44,August,Aug,3,2016,201608,2,1,2017,Not Month End,20/08/2015
20160821,21/08/2016,7,21,1329,Sunday,Sun,Weekend,34,193,15/08/2016,20160815,8,44,August,Aug,3,2016,201608,2,1,2017,Not Month End,21/08/2015
20160822,22/08/2016,1,22,1330,Monday,Mon,Weekday,35,194,22/08/2016,20160822,8,44,August,Aug,3,2016,201608,2,1,2017,Not Month End,22/08/2015
20160823,23/08/2016,2,23,1331,Tuesday,Tue,Weekday,35,194,22/08/2016,20160822,8,44,August,Aug,3,2016,201608,2,1,2017,Not Month End,23/08/2015
20160824,24/08/2016,3,24,1332,Wednesday,Wed,Weekday,35,194,22/08/2016,20160822,8,44,August,Aug,3,2016,201608,2,1,2017,Not Month End,24/08/2015
20160825,25/08/2016,4,25,1333,Thursday,Thu,Weekday,35,194,22/08/2016,20160822,8,44,August,Aug,3,2016,201608,2,1,2017,Not Month End,25/08/2015
20160826,26/08/2016,5,26,1334,Friday,Fri,Weekday,35,194,22/08/2016,20160822,8,44,August,Aug,3,2016,201608,2,1,2017,Not Month End,26/08/2015
20160827,27/08/2016,6,27,1335,Saturday,Sat,Weekend,35,194,22/08/2016,20160822,8,44,August,Aug,3,2016,201608,2,1,2017,Not Month End,27/08/2015
20160828,28/08/2016,7,28,1336,Sunday,Sun,Weekend,35,194,22/08/2016,20160822,8,44,August,Aug,3,2016,201608,2,1,2017,Not Month End,28/08/2015
20160829,29/08/2016,1,29,1337,Monday,Mon,Weekday,36,195,29/08/2016,20160829,8,44,August,Aug,3,2016,201608,2,1,2017,Not Month End,29/08/2015
20160830,30/08/2016,2,30,1338,Tuesday,Tue,Weekday,36,195,29/08/2016,20160829,8,44,August,Aug,3,2016,201608,2,1,2017,Not Month End,30/08/2015
20160831,31/08/2016,3,31,1339,Wednesday,Wed,Weekday,36,195,29/08/2016,20160829,8,44,August,Aug,3,2016,201608,2,1,2017,Month End,31/08/2015
20160901,01/09/2016,4,1,1340,Thursday,Thu,Weekday,36,195,29/08/2016,20160829,9,45,September,Sep,3,2016,201609,3,1,2017,Not Month End,01/09/2015
20160902,02/09/2016,5,2,1341,Friday,Fri,Weekday,36,195,29/08/2016,20160829,9,45,September,Sep,3,2016,201609,3,1,2017,Not Month End,02/09/2015
20160903,03/09/2016,6,3,1342,Saturday,Sat,Weekend,36,195,29/08/2016,20160829,9,45,September,Sep,3,2016,201609,3,1,2017,Not Month End,03/09/2015
20160904,04/09/2016,7,4,1343,Sunday,Sun,Weekend,36,195,29/08/2016,20160829,9,45,September,Sep,3,2016,201609,3,1,2017,Not Month End,04/09/2015
20160905,05/09/2016,1,5,1344,Monday,Mon,Weekday,37,196,05/09/2016,20160905,9,45,September,Sep,3,2016,201609,3,1,2017,Not Month End,05/09/2015
20160906,06/09/2016,2,6,1345,Tuesday,Tue,Weekday,37,196,05/09/2016,20160905,9,45,September,Sep,3,2016,201609,3,1,2017,Not Month End,06/09/2015
20160907,07/09/2016,3,7,1346,Wednesday,Wed,Weekday,37,196,05/09/2016,20160905,9,45,September,Sep,3,2016,201609,3,1,2017,Not Month End,07/09/2015
20160908,08/09/2016,4,8,1347,Thursday,Thu,Weekday,37,196,05/09/2016,20160905,9,45,September,Sep,3,2016,201609,3,1,2017,Not Month End,08/09/2015
20160909,09/09/2016,5,9,1348,Friday,Fri,Weekday,37,196,05/09/2016,20160905,9,45,September,Sep,3,2016,201609,3,1,2017,Not Month End,09/09/2015
20160910,10/09/2016,6,10,1349,Saturday,Sat,Weekend,37,196,05/09/2016,20160905,9,45,September,Sep,3,2016,201609,3,1,2017,Not Month End,10/09/2015
20160911,11/09/2016,7,11,1350,Sunday,Sun,Weekend,37,196,05/09/2016,20160905,9,45,September,Sep,3,2016,201609,3,1,2017,Not Month End,11/09/2015
20160912,12/09/2016,1,12,1351,Monday,Mon,Weekday,38,197,12/09/2016,20160912,9,45,September,Sep,3,2016,201609,3,1,2017,Not Month End,12/09/2015
20160913,13/09/2016,2,13,1352,Tuesday,Tue,Weekday,38,197,12/09/2016,20160912,9,45,September,Sep,3,2016,201609,3,1,2017,Not Month End,13/09/2015
20160914,14/09/2016,3,14,1353,Wednesday,Wed,Weekday,38,197,12/09/2016,20160912,9,45,September,Sep,3,2016,201609,3,1,2017,Not Month End,14/09/2015
20160915,15/09/2016,4,15,1354,Thursday,Thu,Weekday,38,197,12/09/2016,20160912,9,45,September,Sep,3,2016,201609,3,1,2017,Not Month End,15/09/2015
20160916,16/09/2016,5,16,1355,Friday,Fri,Weekday,38,197,12/09/2016,20160912,9,45,September,Sep,3,2016,201609,3,1,2017,Not Month End,16/09/2015
20160917,17/09/2016,6,17,1356,Saturday,Sat,Weekend,38,197,12/09/2016,20160912,9,45,September,Sep,3,2016,201609,3,1,2017,Not Month End,17/09/2015
20160918,18/09/2016,7,18,1357,Sunday,Sun,Weekend,38,197,12/09/2016,20160912,9,45,September,Sep,3,2016,201609,3,1,2017,Not Month End,18/09/2015
20160919,19/09/2016,1,19,1358,Monday,Mon,Weekday,39,198,19/09/2016,20160919,9,45,September,Sep,3,2016,201609,3,1,2017,Not Month End,19/09/2015
20160920,20/09/2016,2,20,1359,Tuesday,Tue,Weekday,39,198,19/09/2016,20160919,9,45,September,Sep,3,2016,201609,3,1,2017,Not Month End,20/09/2015
20160921,21/09/2016,3,21,1360,Wednesday,Wed,Weekday,39,198,19/09/2016,20160919,9,45,September,Sep,3,2016,201609,3,1,2017,Not Month End,21/09/2015
20160922,22/09/2016,4,22,1361,Thursday,Thu,Weekday,39,198,19/09/2016,20160919,9,45,September,Sep,3,2016,201609,3,1,2017,Not Month End,22/09/2015
20160923,23/09/2016,5,23,1362,Friday,Fri,Weekday,39,198,19/09/2016,20160919,9,45,September,Sep,3,2016,201609,3,1,2017,Not Month End,23/09/2015
20160924,24/09/2016,6,24,1363,Saturday,Sat,Weekend,39,198,19/09/2016,20160919,9,45,September,Sep,3,2016,201609,3,1,2017,Not Month End,24/09/2015
20160925,25/09/2016,7,25,1364,Sunday,Sun,Weekend,39,198,19/09/2016,20160919,9,45,September,Sep,3,2016,201609,3,1,2017,Not Month End,25/09/2015
20160926,26/09/2016,1,26,1365,Monday,Mon,Weekday,40,199,26/09/2016,20160926,9,45,September,Sep,3,2016,201609,3,1,2017,Not Month End,26/09/2015
20160927,27/09/2016,2,27,1366,Tuesday,Tue,Weekday,40,199,26/09/2016,20160926,9,45,September,Sep,3,2016,201609,3,1,2017,Not Month End,27/09/2015
20160928,28/09/2016,3,28,1367,Wednesday,Wed,Weekday,40,199,26/09/2016,20160926,9,45,September,Sep,3,2016,201609,3,1,2017,Not Month End,28/09/2015
20160929,29/09/2016,4,29,1368,Thursday,Thu,Weekday,40,199,26/09/2016,20160926,9,45,September,Sep,3,2016,201609,3,1,2017,Not Month End,29/09/2015
20160930,30/09/2016,5,30,1369,Friday,Fri,Weekday,40,199,26/09/2016,20160926,9,45,September,Sep,3,2016,201609,3,1,2017,Month End,30/09/2015
20161001,01/10/2016,6,1,1370,Saturday,Sat,Weekend,40,199,26/09/2016,20160926,10,46,October,Oct,4,2016,201610,4,2,2017,Not Month End,01/10/2015
20161002,02/10/2016,7,2,1371,Sunday,Sun,Weekend,40,199,26/09/2016,20160926,10,46,October,Oct,4,2016,201610,4,2,2017,Not Month End,02/10/2015
20161003,03/10/2016,1,3,1372,Monday,Mon,Weekday,41,200,03/10/2016,20161003,10,46,October,Oct,4,2016,201610,4,2,2017,Not Month End,03/10/2015
20161004,04/10/2016,2,4,1373,Tuesday,Tue,Weekday,41,200,03/10/2016,20161003,10,46,October,Oct,4,2016,201610,4,2,2017,Not Month End,04/10/2015
20161005,05/10/2016,3,5,1374,Wednesday,Wed,Weekday,41,200,03/10/2016,20161003,10,46,October,Oct,4,2016,201610,4,2,2017,Not Month End,05/10/2015
20161006,06/10/2016,4,6,1375,Thursday,Thu,Weekday,41,200,03/10/2016,20161003,10,46,October,Oct,4,2016,201610,4,2,2017,Not Month End,06/10/2015
20161007,07/10/2016,5,7,1376,Friday,Fri,Weekday,41,200,03/10/2016,20161003,10,46,October,Oct,4,2016,201610,4,2,2017,Not Month End,07/10/2015
20161008,08/10/2016,6,8,1377,Saturday,Sat,Weekend,41,200,03/10/2016,20161003,10,46,October,Oct,4,2016,201610,4,2,2017,Not Month End,08/10/2015
20161009,09/10/2016,7,9,1378,Sunday,Sun,Weekend,41,200,03/10/2016,20161003,10,46,October,Oct,4,2016,201610,4,2,2017,Not Month End,09/10/2015
20161010,10/10/2016,1,10,1379,Monday,Mon,Weekday,42,201,10/10/2016,20161010,10,46,October,Oct,4,2016,201610,4,2,2017,Not Month End,10/10/2015
20161011,11/10/2016,2,11,1380,Tuesday,Tue,Weekday,42,201,10/10/2016,20161010,10,46,October,Oct,4,2016,201610,4,2,2017,Not Month End,11/10/2015
20161012,12/10/2016,3,12,1381,Wednesday,Wed,Weekday,42,201,10/10/2016,20161010,10,46,October,Oct,4,2016,201610,4,2,2017,Not Month End,12/10/2015
20161013,13/10/2016,4,13,1382,Thursday,Thu,Weekday,42,201,10/10/2016,20161010,10,46,October,Oct,4,2016,201610,4,2,2017,Not Month End,13/10/2015
20161014,14/10/2016,5,14,1383,Friday,Fri,Weekday,42,201,10/10/2016,20161010,10,46,October,Oct,4,2016,201610,4,2,2017,Not Month End,14/10/2015
20161015,15/10/2016,6,15,1384,Saturday,Sat,Weekend,42,201,10/10/2016,20161010,10,46,October,Oct,4,2016,201610,4,2,2017,Not Month End,15/10/2015
20161016,16/10/2016,7,16,1385,Sunday,Sun,Weekend,42,201,10/10/2016,20161010,10,46,October,Oct,4,2016,201610,4,2,2017,Not Month End,16/10/2015
20161017,17/10/2016,1,17,1386,Monday,Mon,Weekday,43,202,17/10/2016,20161017,10,46,October,Oct,4,2016,201610,4,2,2017,Not Month End,17/10/2015
20161018,18/10/2016,2,18,1387,Tuesday,Tue,Weekday,43,202,17/10/2016,20161017,10,46,October,Oct,4,2016,201610,4,2,2017,Not Month End,18/10/2015
20161019,19/10/2016,3,19,1388,Wednesday,Wed,Weekday,43,202,17/10/2016,20161017,10,46,October,Oct,4,2016,201610,4,2,2017,Not Month End,19/10/2015
20161020,20/10/2016,4,20,1389,Thursday,Thu,Weekday,43,202,17/10/2016,20161017,10,46,October,Oct,4,2016,201610,4,2,2017,Not Month End,20/10/2015
20161021,21/10/2016,5,21,1390,Friday,Fri,Weekday,43,202,17/10/2016,20161017,10,46,October,Oct,4,2016,201610,4,2,2017,Not Month End,21/10/2015
20161022,22/10/2016,6,22,1391,Saturday,Sat,Weekend,43,202,17/10/2016,20161017,10,46,October,Oct,4,2016,201610,4,2,2017,Not Month End,22/10/2015
20161023,23/10/2016,7,23,1392,Sunday,Sun,Weekend,43,202,17/10/2016,20161017,10,46,October,Oct,4,2016,201610,4,2,2017,Not Month End,23/10/2015
20161024,24/10/2016,1,24,1393,Monday,Mon,Weekday,44,203,24/10/2016,20161024,10,46,October,Oct,4,2016,201610,4,2,2017,Not Month End,24/10/2015
20161025,25/10/2016,2,25,1394,Tuesday,Tue,Weekday,44,203,24/10/2016,20161024,10,46,October,Oct,4,2016,201610,4,2,2017,Not Month End,25/10/2015
20161026,26/10/2016,3,26,1395,Wednesday,Wed,Weekday,44,203,24/10/2016,20161024,10,46,October,Oct,4,2016,201610,4,2,2017,Not Month End,26/10/2015
20161027,27/10/2016,4,27,1396,Thursday,Thu,Weekday,44,203,24/10/2016,20161024,10,46,October,Oct,4,2016,201610,4,2,2017,Not Month End,27/10/2015
20161028,28/10/2016,5,28,1397,Friday,Fri,Weekday,44,203,24/10/2016,20161024,10,46,October,Oct,4,2016,201610,4,2,2017,Not Month End,28/10/2015
20161029,29/10/2016,6,29,1398,Saturday,Sat,Weekend,44,203,24/10/2016,20161024,10,46,October,Oct,4,2016,201610,4,2,2017,Not Month End,29/10/2015
20161030,30/10/2016,7,30,1399,Sunday,Sun,Weekend,44,203,24/10/2016,20161024,10,46,October,Oct,4,2016,201610,4,2,2017,Not Month End,30/10/2015
20161031,31/10/2016,1,31,1400,Monday,Mon,Weekday,45,204,31/10/2016,20161031,10,46,October,Oct,4,2016,201610,4,2,2017,Month End,31/10/2015
20161101,01/11/2016,2,1,1401,Tuesday,Tue,Weekday,45,204,31/10/2016,20161031,11,47,November,Nov,4,2016,201611,5,2,2017,Not Month End,01/11/2015
20161102,02/11/2016,3,2,1402,Wednesday,Wed,Weekday,45,204,31/10/2016,20161031,11,47,November,Nov,4,2016,201611,5,2,2017,Not Month End,02/11/2015
20161103,03/11/2016,4,3,1403,Thursday,Thu,Weekday,45,204,31/10/2016,20161031,11,47,November,Nov,4,2016,201611,5,2,2017,Not Month End,03/11/2015
20161104,04/11/2016,5,4,1404,Friday,Fri,Weekday,45,204,31/10/2016,20161031,11,47,November,Nov,4,2016,201611,5,2,2017,Not Month End,04/11/2015
20161105,05/11/2016,6,5,1405,Saturday,Sat,Weekend,45,204,31/10/2016,20161031,11,47,November,Nov,4,2016,201611,5,2,2017,Not Month End,05/11/2015
20161106,06/11/2016,7,6,1406,Sunday,Sun,Weekend,45,204,31/10/2016,20161031,11,47,November,Nov,4,2016,201611,5,2,2017,Not Month End,06/11/2015
20161107,07/11/2016,1,7,1407,Monday,Mon,Weekday,46,205,07/11/2016,20161107,11,47,November,Nov,4,2016,201611,5,2,2017,Not Month End,07/11/2015
20161108,08/11/2016,2,8,1408,Tuesday,Tue,Weekday,46,205,07/11/2016,20161107,11,47,November,Nov,4,2016,201611,5,2,2017,Not Month End,08/11/2015
20161109,09/11/2016,3,9,1409,Wednesday,Wed,Weekday,46,205,07/11/2016,20161107,11,47,November,Nov,4,2016,201611,5,2,2017,Not Month End,09/11/2015
20161110,10/11/2016,4,10,1410,Thursday,Thu,Weekday,46,205,07/11/2016,20161107,11,47,November,Nov,4,2016,201611,5,2,2017,Not Month End,10/11/2015
20161111,11/11/2016,5,11,1411,Friday,Fri,Weekday,46,205,07/11/2016,20161107,11,47,November,Nov,4,2016,201611,5,2,2017,Not Month End,11/11/2015
20161112,12/11/2016,6,12,1412,Saturday,Sat,Weekend,46,205,07/11/2016,20161107,11,47,November,Nov,4,2016,201611,5,2,2017,Not Month End,12/11/2015
20161113,13/11/2016,7,13,1413,Sunday,Sun,Weekend,46,205,07/11/2016,20161107,11,47,November,Nov,4,2016,201611,5,2,2017,Not Month End,13/11/2015
20161114,14/11/2016,1,14,1414,Monday,Mon,Weekday,47,206,14/11/2016,20161114,11,47,November,Nov,4,2016,201611,5,2,2017,Not Month End,14/11/2015
20161115,15/11/2016,2,15,1415,Tuesday,Tue,Weekday,47,206,14/11/2016,20161114,11,47,November,Nov,4,2016,201611,5,2,2017,Not Month End,15/11/2015
20161116,16/11/2016,3,16,1416,Wednesday,Wed,Weekday,47,206,14/11/2016,20161114,11,47,November,Nov,4,2016,201611,5,2,2017,Not Month End,16/11/2015
20161117,17/11/2016,4,17,1417,Thursday,Thu,Weekday,47,206,14/11/2016,20161114,11,47,November,Nov,4,2016,201611,5,2,2017,Not Month End,17/11/2015
20161118,18/11/2016,5,18,1418,Friday,Fri,Weekday,47,206,14/11/2016,20161114,11,47,November,Nov,4,2016,201611,5,2,2017,Not Month End,18/11/2015
20161119,19/11/2016,6,19,1419,Saturday,Sat,Weekend,47,206,14/11/2016,20161114,11,47,November,Nov,4,2016,201611,5,2,2017,Not Month End,19/11/2015
20161120,20/11/2016,7,20,1420,Sunday,Sun,Weekend,47,206,14/11/2016,20161114,11,47,November,Nov,4,2016,201611,5,2,2017,Not Month End,20/11/2015
20161121,21/11/2016,1,21,1421,Monday,Mon,Weekday,48,207,21/11/2016,20161121,11,47,November,Nov,4,2016,201611,5,2,2017,Not Month End,21/11/2015
20161122,22/11/2016,2,22,1422,Tuesday,Tue,Weekday,48,207,21/11/2016,20161121,11,47,November,Nov,4,2016,201611,5,2,2017,Not Month End,22/11/2015
20161123,23/11/2016,3,23,1423,Wednesday,Wed,Weekday,48,207,21/11/2016,20161121,11,47,November,Nov,4,2016,201611,5,2,2017,Not Month End,23/11/2015
20161124,24/11/2016,4,24,1424,Thursday,Thu,Weekday,48,207,21/11/2016,20161121,11,47,November,Nov,4,2016,201611,5,2,2017,Not Month End,24/11/2015
20161125,25/11/2016,5,25,1425,Friday,Fri,Weekday,48,207,21/11/2016,20161121,11,47,November,Nov,4,2016,201611,5,2,2017,Not Month End,25/11/2015
20161126,26/11/2016,6,26,1426,Saturday,Sat,Weekend,48,207,21/11/2016,20161121,11,47,November,Nov,4,2016,201611,5,2,2017,Not Month End,26/11/2015
20161127,27/11/2016,7,27,1427,Sunday,Sun,Weekend,48,207,21/11/2016,20161121,11,47,November,Nov,4,2016,201611,5,2,2017,Not Month End,27/11/2015
20161128,28/11/2016,1,28,1428,Monday,Mon,Weekday,49,208,28/11/2016,20161128,11,47,November,Nov,4,2016,201611,5,2,2017,Not Month End,28/11/2015
20161129,29/11/2016,2,29,1429,Tuesday,Tue,Weekday,49,208,28/11/2016,20161128,11,47,November,Nov,4,2016,201611,5,2,2017,Not Month End,29/11/2015
20161130,30/11/2016,3,30,1430,Wednesday,Wed,Weekday,49,208,28/11/2016,20161128,11,47,November,Nov,4,2016,201611,5,2,2017,Month End,30/11/2015
20161201,01/12/2016,4,1,1431,Thursday,Thu,Weekday,49,208,28/11/2016,20161128,12,48,December,Dec,4,2016,201612,6,2,2017,Not Month End,01/12/2015
20161202,02/12/2016,5,2,1432,Friday,Fri,Weekday,49,208,28/11/2016,20161128,12,48,December,Dec,4,2016,201612,6,2,2017,Not Month End,02/12/2015
20161203,03/12/2016,6,3,1433,Saturday,Sat,Weekend,49,208,28/11/2016,20161128,12,48,December,Dec,4,2016,201612,6,2,2017,Not Month End,03/12/2015
20161204,04/12/2016,7,4,1434,Sunday,Sun,Weekend,49,208,28/11/2016,20161128,12,48,December,Dec,4,2016,201612,6,2,2017,Not Month End,04/12/2015
20161205,05/12/2016,1,5,1435,Monday,Mon,Weekday,50,209,05/12/2016,20161205,12,48,December,Dec,4,2016,201612,6,2,2017,Not Month End,05/12/2015
20161206,06/12/2016,2,6,1436,Tuesday,Tue,Weekday,50,209,05/12/2016,20161205,12,48,December,Dec,4,2016,201612,6,2,2017,Not Month End,06/12/2015
20161207,07/12/2016,3,7,1437,Wednesday,Wed,Weekday,50,209,05/12/2016,20161205,12,48,December,Dec,4,2016,201612,6,2,2017,Not Month End,07/12/2015
20161208,08/12/2016,4,8,1438,Thursday,Thu,Weekday,50,209,05/12/2016,20161205,12,48,December,Dec,4,2016,201612,6,2,2017,Not Month End,08/12/2015
20161209,09/12/2016,5,9,1439,Friday,Fri,Weekday,50,209,05/12/2016,20161205,12,48,December,Dec,4,2016,201612,6,2,2017,Not Month End,09/12/2015
20161210,10/12/2016,6,10,1440,Saturday,Sat,Weekend,50,209,05/12/2016,20161205,12,48,December,Dec,4,2016,201612,6,2,2017,Not Month End,10/12/2015
20161211,11/12/2016,7,11,1441,Sunday,Sun,Weekend,50,209,05/12/2016,20161205,12,48,December,Dec,4,2016,201612,6,2,2017,Not Month End,11/12/2015
20161212,12/12/2016,1,12,1442,Monday,Mon,Weekday,51,210,12/12/2016,20161212,12,48,December,Dec,4,2016,201612,6,2,2017,Not Month End,12/12/2015
20161213,13/12/2016,2,13,1443,Tuesday,Tue,Weekday,51,210,12/12/2016,20161212,12,48,December,Dec,4,2016,201612,6,2,2017,Not Month End,13/12/2015
20161214,14/12/2016,3,14,1444,Wednesday,Wed,Weekday,51,210,12/12/2016,20161212,12,48,December,Dec,4,2016,201612,6,2,2017,Not Month End,14/12/2015
20161215,15/12/2016,4,15,1445,Thursday,Thu,Weekday,51,210,12/12/2016,20161212,12,48,December,Dec,4,2016,201612,6,2,2017,Not Month End,15/12/2015
20161216,16/12/2016,5,16,1446,Friday,Fri,Weekday,51,210,12/12/2016,20161212,12,48,December,Dec,4,2016,201612,6,2,2017,Not Month End,16/12/2015
20161217,17/12/2016,6,17,1447,Saturday,Sat,Weekend,51,210,12/12/2016,20161212,12,48,December,Dec,4,2016,201612,6,2,2017,Not Month End,17/12/2015
20161218,18/12/2016,7,18,1448,Sunday,Sun,Weekend,51,210,12/12/2016,20161212,12,48,December,Dec,4,2016,201612,6,2,2017,Not Month End,18/12/2015
20161219,19/12/2016,1,19,1449,Monday,Mon,Weekday,52,211,19/12/2016,20161219,12,48,December,Dec,4,2016,201612,6,2,2017,Not Month End,19/12/2015
20161220,20/12/2016,2,20,1450,Tuesday,Tue,Weekday,52,211,19/12/2016,20161219,12,48,December,Dec,4,2016,201612,6,2,2017,Not Month End,20/12/2015
20161221,21/12/2016,3,21,1451,Wednesday,Wed,Weekday,52,211,19/12/2016,20161219,12,48,December,Dec,4,2016,201612,6,2,2017,Not Month End,21/12/2015
20161222,22/12/2016,4,22,1452,Thursday,Thu,Weekday,52,211,19/12/2016,20161219,12,48,December,Dec,4,2016,201612,6,2,2017,Not Month End,22/12/2015
20161223,23/12/2016,5,23,1453,Friday,Fri,Weekday,52,211,19/12/2016,20161219,12,48,December,Dec,4,2016,201612,6,2,2017,Not Month End,23/12/2015
20161224,24/12/2016,6,24,1454,Saturday,Sat,Weekend,52,211,19/12/2016,20161219,12,48,December,Dec,4,2016,201612,6,2,2017,Not Month End,24/12/2015
20161225,25/12/2016,7,25,1455,Sunday,Sun,Weekend,52,211,19/12/2016,20161219,12,48,December,Dec,4,2016,201612,6,2,2017,Not Month End,25/12/2015
20161226,26/12/2016,1,26,1456,Monday,Mon,Weekday,53,212,26/12/2016,20161226,12,48,December,Dec,4,2016,201612,6,2,2017,Not Month End,26/12/2015
20161227,27/12/2016,2,27,1457,Tuesday,Tue,Weekday,53,212,26/12/2016,20161226,12,48,December,Dec,4,2016,201612,6,2,2017,Not Month End,27/12/2015
20161228,28/12/2016,3,28,1458,Wednesday,Wed,Weekday,53,212,26/12/2016,20161226,12,48,December,Dec,4,2016,201612,6,2,2017,Not Month End,28/12/2015
20161229,29/12/2016,4,29,1459,Thursday,Thu,Weekday,53,212,26/12/2016,20161226,12,48,December,Dec,4,2016,201612,6,2,2017,Not Month End,29/12/2015
20161230,30/12/2016,5,30,1460,Friday,Fri,Weekday,53,212,26/12/2016,20161226,12,48,December,Dec,4,2016,201612,6,2,2017,Not Month End,30/12/2015
20161231,31/12/2016,6,31,1461,Saturday,Sat,Weekend,53,212,26/12/2016,20161226,12,48,December,Dec,4,2016,201612,6,2,2017,Month End,31/12/2015
20170101,01/01/2017,7,1,1462,Sunday,Sun,Weekend,1,213,26/12/2016,20161226,1,49,January,Jan,1,2017,201701,7,3,2017,Not Month End,01/01/2016
20170102,02/01/2017,1,2,1463,Monday,Mon,Weekday,2,214,02/01/2017,20170102,1,49,January,Jan,1,2017,201701,7,3,2017,Not Month End,02/01/2016
20170103,03/01/2017,2,3,1464,Tuesday,Tue,Weekday,2,214,02/01/2017,20170102,1,49,January,Jan,1,2017,201701,7,3,2017,Not Month End,03/01/2016
20170104,04/01/2017,3,4,1465,Wednesday,Wed,Weekday,2,214,02/01/2017,20170102,1,49,January,Jan,1,2017,201701,7,3,2017,Not Month End,04/01/2016
20170105,05/01/2017,4,5,1466,Thursday,Thu,Weekday,2,214,02/01/2017,20170102,1,49,January,Jan,1,2017,201701,7,3,2017,Not Month End,05/01/2016
20170106,06/01/2017,5,6,1467,Friday,Fri,Weekday,2,214,02/01/2017,20170102,1,49,January,Jan,1,2017,201701,7,3,2017,Not Month End,06/01/2016
20170107,07/01/2017,6,7,1468,Saturday,Sat,Weekend,2,214,02/01/2017,20170102,1,49,January,Jan,1,2017,201701,7,3,2017,Not Month End,07/01/2016
20170108,08/01/2017,7,8,1469,Sunday,Sun,Weekend,2,214,02/01/2017,20170102,1,49,January,Jan,1,2017,201701,7,3,2017,Not Month End,08/01/2016
20170109,09/01/2017,1,9,1470,Monday,Mon,Weekday,3,215,09/01/2017,20170109,1,49,January,Jan,1,2017,201701,7,3,2017,Not Month End,09/01/2016
20170110,10/01/2017,2,10,1471,Tuesday,Tue,Weekday,3,215,09/01/2017,20170109,1,49,January,Jan,1,2017,201701,7,3,2017,Not Month End,10/01/2016
20170111,11/01/2017,3,11,1472,Wednesday,Wed,Weekday,3,215,09/01/2017,20170109,1,49,January,Jan,1,2017,201701,7,3,2017,Not Month End,11/01/2016
20170112,12/01/2017,4,12,1473,Thursday,Thu,Weekday,3,215,09/01/2017,20170109,1,49,January,Jan,1,2017,201701,7,3,2017,Not Month End,12/01/2016
20170113,13/01/2017,5,13,1474,Friday,Fri,Weekday,3,215,09/01/2017,20170109,1,49,January,Jan,1,2017,201701,7,3,2017,Not Month End,13/01/2016
20170114,14/01/2017,6,14,1475,Saturday,Sat,Weekend,3,215,09/01/2017,20170109,1,49,January,Jan,1,2017,201701,7,3,2017,Not Month End,14/01/2016
20170115,15/01/2017,7,15,1476,Sunday,Sun,Weekend,3,215,09/01/2017,20170109,1,49,January,Jan,1,2017,201701,7,3,2017,Not Month End,15/01/2016
20170116,16/01/2017,1,16,1477,Monday,Mon,Weekday,4,216,16/01/2017,20170116,1,49,January,Jan,1,2017,201701,7,3,2017,Not Month End,16/01/2016
20170117,17/01/2017,2,17,1478,Tuesday,Tue,Weekday,4,216,16/01/2017,20170116,1,49,January,Jan,1,2017,201701,7,3,2017,Not Month End,17/01/2016
20170118,18/01/2017,3,18,1479,Wednesday,Wed,Weekday,4,216,16/01/2017,20170116,1,49,January,Jan,1,2017,201701,7,3,2017,Not Month End,18/01/2016
20170119,19/01/2017,4,19,1480,Thursday,Thu,Weekday,4,216,16/01/2017,20170116,1,49,January,Jan,1,2017,201701,7,3,2017,Not Month End,19/01/2016
20170120,20/01/2017,5,20,1481,Friday,Fri,Weekday,4,216,16/01/2017,20170116,1,49,January,Jan,1,2017,201701,7,3,2017,Not Month End,20/01/2016
20170121,21/01/2017,6,21,1482,Saturday,Sat,Weekend,4,216,16/01/2017,20170116,1,49,January,Jan,1,2017,201701,7,3,2017,Not Month End,21/01/2016
20170122,22/01/2017,7,22,1483,Sunday,Sun,Weekend,4,216,16/01/2017,20170116,1,49,January,Jan,1,2017,201701,7,3,2017,Not Month End,22/01/2016
20170123,23/01/2017,1,23,1484,Monday,Mon,Weekday,5,217,23/01/2017,20170123,1,49,January,Jan,1,2017,201701,7,3,2017,Not Month End,23/01/2016
20170124,24/01/2017,2,24,1485,Tuesday,Tue,Weekday,5,217,23/01/2017,20170123,1,49,January,Jan,1,2017,201701,7,3,2017,Not Month End,24/01/2016
20170125,25/01/2017,3,25,1486,Wednesday,Wed,Weekday,5,217,23/01/2017,20170123,1,49,January,Jan,1,2017,201701,7,3,2017,Not Month End,25/01/2016
20170126,26/01/2017,4,26,1487,Thursday,Thu,Weekday,5,217,23/01/2017,20170123,1,49,January,Jan,1,2017,201701,7,3,2017,Not Month End,26/01/2016
20170127,27/01/2017,5,27,1488,Friday,Fri,Weekday,5,217,23/01/2017,20170123,1,49,January,Jan,1,2017,201701,7,3,2017,Not Month End,27/01/2016
20170128,28/01/2017,6,28,1489,Saturday,Sat,Weekend,5,217,23/01/2017,20170123,1,49,January,Jan,1,2017,201701,7,3,2017,Not Month End,28/01/2016
20170129,29/01/2017,7,29,1490,Sunday,Sun,Weekend,5,217,23/01/2017,20170123,1,49,January,Jan,1,2017,201701,7,3,2017,Not Month End,29/01/2016
20170130,30/01/2017,1,30,1491,Monday,Mon,Weekday,6,218,30/01/2017,20170130,1,49,January,Jan,1,2017,201701,7,3,2017,Not Month End,30/01/2016
20170131,31/01/2017,2,31,1492,Tuesday,Tue,Weekday,6,218,30/01/2017,20170130,1,49,January,Jan,1,2017,201701,7,3,2017,Month End,31/01/2016
20170201,01/02/2017,3,1,1493,Wednesday,Wed,Weekday,6,218,30/01/2017,20170130,2,50,February,Feb,1,2017,201702,8,3,2017,Not Month End,01/02/2016
20170202,02/02/2017,4,2,1494,Thursday,Thu,Weekday,6,218,30/01/2017,20170130,2,50,February,Feb,1,2017,201702,8,3,2017,Not Month End,02/02/2016
20170203,03/02/2017,5,3,1495,Friday,Fri,Weekday,6,218,30/01/2017,20170130,2,50,February,Feb,1,2017,201702,8,3,2017,Not Month End,03/02/2016
20170204,04/02/2017,6,4,1496,Saturday,Sat,Weekend,6,218,30/01/2017,20170130,2,50,February,Feb,1,2017,201702,8,3,2017,Not Month End,04/02/2016
20170205,05/02/2017,7,5,1497,Sunday,Sun,Weekend,6,218,30/01/2017,20170130,2,50,February,Feb,1,2017,201702,8,3,2017,Not Month End,05/02/2016
20170206,06/02/2017,1,6,1498,Monday,Mon,Weekday,7,219,06/02/2017,20170206,2,50,February,Feb,1,2017,201702,8,3,2017,Not Month End,06/02/2016
20170207,07/02/2017,2,7,1499,Tuesday,Tue,Weekday,7,219,06/02/2017,20170206,2,50,February,Feb,1,2017,201702,8,3,2017,Not Month End,07/02/2016
20170208,08/02/2017,3,8,1500,Wednesday,Wed,Weekday,7,219,06/02/2017,20170206,2,50,February,Feb,1,2017,201702,8,3,2017,Not Month End,08/02/2016
20170209,09/02/2017,4,9,1501,Thursday,Thu,Weekday,7,219,06/02/2017,20170206,2,50,February,Feb,1,2017,201702,8,3,2017,Not Month End,09/02/2016
20170210,10/02/2017,5,10,1502,Friday,Fri,Weekday,7,219,06/02/2017,20170206,2,50,February,Feb,1,2017,201702,8,3,2017,Not Month End,10/02/2016
20170211,11/02/2017,6,11,1503,Saturday,Sat,Weekend,7,219,06/02/2017,20170206,2,50,February,Feb,1,2017,201702,8,3,2017,Not Month End,11/02/2016
20170212,12/02/2017,7,12,1504,Sunday,Sun,Weekend,7,219,06/02/2017,20170206,2,50,February,Feb,1,2017,201702,8,3,2017,Not Month End,12/02/2016
20170213,13/02/2017,1,13,1505,Monday,Mon,Weekday,8,220,13/02/2017,20170213,2,50,February,Feb,1,2017,201702,8,3,2017,Not Month End,13/02/2016
20170214,14/02/2017,2,14,1506,Tuesday,Tue,Weekday,8,220,13/02/2017,20170213,2,50,February,Feb,1,2017,201702,8,3,2017,Not Month End,14/02/2016
20170215,15/02/2017,3,15,1507,Wednesday,Wed,Weekday,8,220,13/02/2017,20170213,2,50,February,Feb,1,2017,201702,8,3,2017,Not Month End,15/02/2016
20170216,16/02/2017,4,16,1508,Thursday,Thu,Weekday,8,220,13/02/2017,20170213,2,50,February,Feb,1,2017,201702,8,3,2017,Not Month End,16/02/2016
20170217,17/02/2017,5,17,1509,Friday,Fri,Weekday,8,220,13/02/2017,20170213,2,50,February,Feb,1,2017,201702,8,3,2017,Not Month End,17/02/2016
20170218,18/02/2017,6,18,1510,Saturday,Sat,Weekend,8,220,13/02/2017,20170213,2,50,February,Feb,1,2017,201702,8,3,2017,Not Month End,18/02/2016
20170219,19/02/2017,7,19,1511,Sunday,Sun,Weekend,8,220,13/02/2017,20170213,2,50,February,Feb,1,2017,201702,8,3,2017,Not Month End,19/02/2016
20170220,20/02/2017,1,20,1512,Monday,Mon,Weekday,9,221,20/02/2017,20170220,2,50,February,Feb,1,2017,201702,8,3,2017,Not Month End,20/02/2016
20170221,21/02/2017,2,21,1513,Tuesday,Tue,Weekday,9,221,20/02/2017,20170220,2,50,February,Feb,1,2017,201702,8,3,2017,Not Month End,21/02/2016
20170222,22/02/2017,3,22,1514,Wednesday,Wed,Weekday,9,221,20/02/2017,20170220,2,50,February,Feb,1,2017,201702,8,3,2017,Not Month End,22/02/2016
20170223,23/02/2017,4,23,1515,Thursday,Thu,Weekday,9,221,20/02/2017,20170220,2,50,February,Feb,1,2017,201702,8,3,2017,Not Month End,23/02/2016
20170224,24/02/2017,5,24,1516,Friday,Fri,Weekday,9,221,20/02/2017,20170220,2,50,February,Feb,1,2017,201702,8,3,2017,Not Month End,24/02/2016
20170225,25/02/2017,6,25,1517,Saturday,Sat,Weekend,9,221,20/02/2017,20170220,2,50,February,Feb,1,2017,201702,8,3,2017,Not Month End,25/02/2016
20170226,26/02/2017,7,26,1518,Sunday,Sun,Weekend,9,221,20/02/2017,20170220,2,50,February,Feb,1,2017,201702,8,3,2017,Not Month End,26/02/2016
20170227,27/02/2017,1,27,1519,Monday,Mon,Weekday,10,222,27/02/2017,20170227,2,50,February,Feb,1,2017,201702,8,3,2017,Not Month End,27/02/2016
20170228,28/02/2017,2,28,1520,Tuesday,Tue,Weekday,10,222,27/02/2017,20170227,2,50,February,Feb,1,2017,201702,8,3,2017,Month End,28/02/2016
20170301,01/03/2017,3,1,1521,Wednesday,Wed,Weekday,10,222,27/02/2017,20170227,3,51,March,Mar,1,2017,201703,9,3,2017,Not Month End,01/03/2016
20170302,02/03/2017,4,2,1522,Thursday,Thu,Weekday,10,222,27/02/2017,20170227,3,51,March,Mar,1,2017,201703,9,3,2017,Not Month End,02/03/2016
20170303,03/03/2017,5,3,1523,Friday,Fri,Weekday,10,222,27/02/2017,20170227,3,51,March,Mar,1,2017,201703,9,3,2017,Not Month End,03/03/2016
20170304,04/03/2017,6,4,1524,Saturday,Sat,Weekend,10,222,27/02/2017,20170227,3,51,March,Mar,1,2017,201703,9,3,2017,Not Month End,04/03/2016
20170305,05/03/2017,7,5,1525,Sunday,Sun,Weekend,10,222,27/02/2017,20170227,3,51,March,Mar,1,2017,201703,9,3,2017,Not Month End,05/03/2016
20170306,06/03/2017,1,6,1526,Monday,Mon,Weekday,11,223,06/03/2017,20170306,3,51,March,Mar,1,2017,201703,9,3,2017,Not Month End,06/03/2016
20170307,07/03/2017,2,7,1527,Tuesday,Tue,Weekday,11,223,06/03/2017,20170306,3,51,March,Mar,1,2017,201703,9,3,2017,Not Month End,07/03/2016
20170308,08/03/2017,3,8,1528,Wednesday,Wed,Weekday,11,223,06/03/2017,20170306,3,51,March,Mar,1,2017,201703,9,3,2017,Not Month End,08/03/2016
20170309,09/03/2017,4,9,1529,Thursday,Thu,Weekday,11,223,06/03/2017,20170306,3,51,March,Mar,1,2017,201703,9,3,2017,Not Month End,09/03/2016
20170310,10/03/2017,5,10,1530,Friday,Fri,Weekday,11,223,06/03/2017,20170306,3,51,March,Mar,1,2017,201703,9,3,2017,Not Month End,10/03/2016
20170311,11/03/2017,6,11,1531,Saturday,Sat,Weekend,11,223,06/03/2017,20170306,3,51,March,Mar,1,2017,201703,9,3,2017,Not Month End,11/03/2016
20170312,12/03/2017,7,12,1532,Sunday,Sun,Weekend,11,223,06/03/2017,20170306,3,51,March,Mar,1,2017,201703,9,3,2017,Not Month End,12/03/2016
20170313,13/03/2017,1,13,1533,Monday,Mon,Weekday,12,224,13/03/2017,20170313,3,51,March,Mar,1,2017,201703,9,3,2017,Not Month End,13/03/2016
20170314,14/03/2017,2,14,1534,Tuesday,Tue,Weekday,12,224,13/03/2017,20170313,3,51,March,Mar,1,2017,201703,9,3,2017,Not Month End,14/03/2016
20170315,15/03/2017,3,15,1535,Wednesday,Wed,Weekday,12,224,13/03/2017,20170313,3,51,March,Mar,1,2017,201703,9,3,2017,Not Month End,15/03/2016
20170316,16/03/2017,4,16,1536,Thursday,Thu,Weekday,12,224,13/03/2017,20170313,3,51,March,Mar,1,2017,201703,9,3,2017,Not Month End,16/03/2016
20170317,17/03/2017,5,17,1537,Friday,Fri,Weekday,12,224,13/03/2017,20170313,3,51,March,Mar,1,2017,201703,9,3,2017,Not Month End,17/03/2016
20170318,18/03/2017,6,18,1538,Saturday,Sat,Weekend,12,224,13/03/2017,20170313,3,51,March,Mar,1,2017,201703,9,3,2017,Not Month End,18/03/2016
20170319,19/03/2017,7,19,1539,Sunday,Sun,Weekend,12,224,13/03/2017,20170313,3,51,March,Mar,1,2017,201703,9,3,2017,Not Month End,19/03/2016
20170320,20/03/2017,1,20,1540,Monday,Mon,Weekday,13,225,20/03/2017,20170320,3,51,March,Mar,1,2017,201703,9,3,2017,Not Month End,20/03/2016
20170321,21/03/2017,2,21,1541,Tuesday,Tue,Weekday,13,225,20/03/2017,20170320,3,51,March,Mar,1,2017,201703,9,3,2017,Not Month End,21/03/2016
20170322,22/03/2017,3,22,1542,Wednesday,Wed,Weekday,13,225,20/03/2017,20170320,3,51,March,Mar,1,2017,201703,9,3,2017,Not Month End,22/03/2016
20170323,23/03/2017,4,23,1543,Thursday,Thu,Weekday,13,225,20/03/2017,20170320,3,51,March,Mar,1,2017,201703,9,3,2017,Not Month End,23/03/2016
20170324,24/03/2017,5,24,1544,Friday,Fri,Weekday,13,225,20/03/2017,20170320,3,51,March,Mar,1,2017,201703,9,3,2017,Not Month End,24/03/2016
20170325,25/03/2017,6,25,1545,Saturday,Sat,Weekend,13,225,20/03/2017,20170320,3,51,March,Mar,1,2017,201703,9,3,2017,Not Month End,25/03/2016
20170326,26/03/2017,7,26,1546,Sunday,Sun,Weekend,13,225,20/03/2017,20170320,3,51,March,Mar,1,2017,201703,9,3,2017,Not Month End,26/03/2016
20170327,27/03/2017,1,27,1547,Monday,Mon,Weekday,14,226,27/03/2017,20170327,3,51,March,Mar,1,2017,201703,9,3,2017,Not Month End,27/03/2016
20170328,28/03/2017,2,28,1548,Tuesday,Tue,Weekday,14,226,27/03/2017,20170327,3,51,March,Mar,1,2017,201703,9,3,2017,Not Month End,28/03/2016
20170329,29/03/2017,3,29,1549,Wednesday,Wed,Weekday,14,226,27/03/2017,20170327,3,51,March,Mar,1,2017,201703,9,3,2017,Not Month End,29/03/2016
20170330,30/03/2017,4,30,1550,Thursday,Thu,Weekday,14,226,27/03/2017,20170327,3,51,March,Mar,1,2017,201703,9,3,2017,Not Month End,30/03/2016
20170331,31/03/2017,5,31,1551,Friday,Fri,Weekday,14,226,27/03/2017,20170327,3,51,March,Mar,1,2017,201703,9,3,2017,Month End,31/03/2016
20170401,01/04/2017,6,1,1552,Saturday,Sat,Weekend,14,226,27/03/2017,20170327,4,52,April,Apr,2,2017,201704,10,4,2017,Not Month End,01/04/2016
20170402,02/04/2017,7,2,1553,Sunday,Sun,Weekend,14,226,27/03/2017,20170327,4,52,April,Apr,2,2017,201704,10,4,2017,Not Month End,02/04/2016
20170403,03/04/2017,1,3,1554,Monday,Mon,Weekday,15,227,03/04/2017,20170403,4,52,April,Apr,2,2017,201704,10,4,2017,Not Month End,03/04/2016
20170404,04/04/2017,2,4,1555,Tuesday,Tue,Weekday,15,227,03/04/2017,20170403,4,52,April,Apr,2,2017,201704,10,4,2017,Not Month End,04/04/2016
20170405,05/04/2017,3,5,1556,Wednesday,Wed,Weekday,15,227,03/04/2017,20170403,4,52,April,Apr,2,2017,201704,10,4,2017,Not Month End,05/04/2016
20170406,06/04/2017,4,6,1557,Thursday,Thu,Weekday,15,227,03/04/2017,20170403,4,52,April,Apr,2,2017,201704,10,4,2017,Not Month End,06/04/2016
20170407,07/04/2017,5,7,1558,Friday,Fri,Weekday,15,227,03/04/2017,20170403,4,52,April,Apr,2,2017,201704,10,4,2017,Not Month End,07/04/2016
20170408,08/04/2017,6,8,1559,Saturday,Sat,Weekend,15,227,03/04/2017,20170403,4,52,April,Apr,2,2017,201704,10,4,2017,Not Month End,08/04/2016
20170409,09/04/2017,7,9,1560,Sunday,Sun,Weekend,15,227,03/04/2017,20170403,4,52,April,Apr,2,2017,201704,10,4,2017,Not Month End,09/04/2016
20170410,10/04/2017,1,10,1561,Monday,Mon,Weekday,16,228,10/04/2017,20170410,4,52,April,Apr,2,2017,201704,10,4,2017,Not Month End,10/04/2016
20170411,11/04/2017,2,11,1562,Tuesday,Tue,Weekday,16,228,10/04/2017,20170410,4,52,April,Apr,2,2017,201704,10,4,2017,Not Month End,11/04/2016
20170412,12/04/2017,3,12,1563,Wednesday,Wed,Weekday,16,228,10/04/2017,20170410,4,52,April,Apr,2,2017,201704,10,4,2017,Not Month End,12/04/2016
20170413,13/04/2017,4,13,1564,Thursday,Thu,Weekday,16,228,10/04/2017,20170410,4,52,April,Apr,2,2017,201704,10,4,2017,Not Month End,13/04/2016
20170414,14/04/2017,5,14,1565,Friday,Fri,Weekday,16,228,10/04/2017,20170410,4,52,April,Apr,2,2017,201704,10,4,2017,Not Month End,14/04/2016
20170415,15/04/2017,6,15,1566,Saturday,Sat,Weekend,16,228,10/04/2017,20170410,4,52,April,Apr,2,2017,201704,10,4,2017,Not Month End,15/04/2016
20170416,16/04/2017,7,16,1567,Sunday,Sun,Weekend,16,228,10/04/2017,20170410,4,52,April,Apr,2,2017,201704,10,4,2017,Not Month End,16/04/2016
20170417,17/04/2017,1,17,1568,Monday,Mon,Weekday,17,229,17/04/2017,20170417,4,52,April,Apr,2,2017,201704,10,4,2017,Not Month End,17/04/2016
20170418,18/04/2017,2,18,1569,Tuesday,Tue,Weekday,17,229,17/04/2017,20170417,4,52,April,Apr,2,2017,201704,10,4,2017,Not Month End,18/04/2016
20170419,19/04/2017,3,19,1570,Wednesday,Wed,Weekday,17,229,17/04/2017,20170417,4,52,April,Apr,2,2017,201704,10,4,2017,Not Month End,19/04/2016
20170420,20/04/2017,4,20,1571,Thursday,Thu,Weekday,17,229,17/04/2017,20170417,4,52,April,Apr,2,2017,201704,10,4,2017,Not Month End,20/04/2016
20170421,21/04/2017,5,21,1572,Friday,Fri,Weekday,17,229,17/04/2017,20170417,4,52,April,Apr,2,2017,201704,10,4,2017,Not Month End,21/04/2016
20170422,22/04/2017,6,22,1573,Saturday,Sat,Weekend,17,229,17/04/2017,20170417,4,52,April,Apr,2,2017,201704,10,4,2017,Not Month End,22/04/2016
20170423,23/04/2017,7,23,1574,Sunday,Sun,Weekend,17,229,17/04/2017,20170417,4,52,April,Apr,2,2017,201704,10,4,2017,Not Month End,23/04/2016
20170424,24/04/2017,1,24,1575,Monday,Mon,Weekday,18,230,24/04/2017,20170424,4,52,April,Apr,2,2017,201704,10,4,2017,Not Month End,24/04/2016
20170425,25/04/2017,2,25,1576,Tuesday,Tue,Weekday,18,230,24/04/2017,20170424,4,52,April,Apr,2,2017,201704,10,4,2017,Not Month End,25/04/2016
20170426,26/04/2017,3,26,1577,Wednesday,Wed,Weekday,18,230,24/04/2017,20170424,4,52,April,Apr,2,2017,201704,10,4,2017,Not Month End,26/04/2016
20170427,27/04/2017,4,27,1578,Thursday,Thu,Weekday,18,230,24/04/2017,20170424,4,52,April,Apr,2,2017,201704,10,4,2017,Not Month End,27/04/2016
20170428,28/04/2017,5,28,1579,Friday,Fri,Weekday,18,230,24/04/2017,20170424,4,52,April,Apr,2,2017,201704,10,4,2017,Not Month End,28/04/2016
20170429,29/04/2017,6,29,1580,Saturday,Sat,Weekend,18,230,24/04/2017,20170424,4,52,April,Apr,2,2017,201704,10,4,2017,Not Month End,29/04/2016
20170430,30/04/2017,7,30,1581,Sunday,Sun,Weekend,18,230,24/04/2017,20170424,4,52,April,Apr,2,2017,201704,10,4,2017,Month End,30/04/2016
20170501,01/05/2017,1,1,1582,Monday,Mon,Weekday,19,231,01/05/2017,20170501,5,53,May,May,2,2017,201705,11,4,2017,Not Month End,01/05/2016
20170502,02/05/2017,2,2,1583,Tuesday,Tue,Weekday,19,231,01/05/2017,20170501,5,53,May,May,2,2017,201705,11,4,2017,Not Month End,02/05/2016
20170503,03/05/2017,3,3,1584,Wednesday,Wed,Weekday,19,231,01/05/2017,20170501,5,53,May,May,2,2017,201705,11,4,2017,Not Month End,03/05/2016
20170504,04/05/2017,4,4,1585,Thursday,Thu,Weekday,19,231,01/05/2017,20170501,5,53,May,May,2,2017,201705,11,4,2017,Not Month End,04/05/2016
20170505,05/05/2017,5,5,1586,Friday,Fri,Weekday,19,231,01/05/2017,20170501,5,53,May,May,2,2017,201705,11,4,2017,Not Month End,05/05/2016
20170506,06/05/2017,6,6,1587,Saturday,Sat,Weekend,19,231,01/05/2017,20170501,5,53,May,May,2,2017,201705,11,4,2017,Not Month End,06/05/2016
20170507,07/05/2017,7,7,1588,Sunday,Sun,Weekend,19,231,01/05/2017,20170501,5,53,May,May,2,2017,201705,11,4,2017,Not Month End,07/05/2016
20170508,08/05/2017,1,8,1589,Monday,Mon,Weekday,20,232,08/05/2017,20170508,5,53,May,May,2,2017,201705,11,4,2017,Not Month End,08/05/2016
20170509,09/05/2017,2,9,1590,Tuesday,Tue,Weekday,20,232,08/05/2017,20170508,5,53,May,May,2,2017,201705,11,4,2017,Not Month End,09/05/2016
20170510,10/05/2017,3,10,1591,Wednesday,Wed,Weekday,20,232,08/05/2017,20170508,5,53,May,May,2,2017,201705,11,4,2017,Not Month End,10/05/2016
20170511,11/05/2017,4,11,1592,Thursday,Thu,Weekday,20,232,08/05/2017,20170508,5,53,May,May,2,2017,201705,11,4,2017,Not Month End,11/05/2016
20170512,12/05/2017,5,12,1593,Friday,Fri,Weekday,20,232,08/05/2017,20170508,5,53,May,May,2,2017,201705,11,4,2017,Not Month End,12/05/2016
20170513,13/05/2017,6,13,1594,Saturday,Sat,Weekend,20,232,08/05/2017,20170508,5,53,May,May,2,2017,201705,11,4,2017,Not Month End,13/05/2016
20170514,14/05/2017,7,14,1595,Sunday,Sun,Weekend,20,232,08/05/2017,20170508,5,53,May,May,2,2017,201705,11,4,2017,Not Month End,14/05/2016
20170515,15/05/2017,1,15,1596,Monday,Mon,Weekday,21,233,15/05/2017,20170515,5,53,May,May,2,2017,201705,11,4,2017,Not Month End,15/05/2016
20170516,16/05/2017,2,16,1597,Tuesday,Tue,Weekday,21,233,15/05/2017,20170515,5,53,May,May,2,2017,201705,11,4,2017,Not Month End,16/05/2016
20170517,17/05/2017,3,17,1598,Wednesday,Wed,Weekday,21,233,15/05/2017,20170515,5,53,May,May,2,2017,201705,11,4,2017,Not Month End,17/05/2016
20170518,18/05/2017,4,18,1599,Thursday,Thu,Weekday,21,233,15/05/2017,20170515,5,53,May,May,2,2017,201705,11,4,2017,Not Month End,18/05/2016
20170519,19/05/2017,5,19,1600,Friday,Fri,Weekday,21,233,15/05/2017,20170515,5,53,May,May,2,2017,201705,11,4,2017,Not Month End,19/05/2016
20170520,20/05/2017,6,20,1601,Saturday,Sat,Weekend,21,233,15/05/2017,20170515,5,53,May,May,2,2017,201705,11,4,2017,Not Month End,20/05/2016
20170521,21/05/2017,7,21,1602,Sunday,Sun,Weekend,21,233,15/05/2017,20170515,5,53,May,May,2,2017,201705,11,4,2017,Not Month End,21/05/2016
20170522,22/05/2017,1,22,1603,Monday,Mon,Weekday,22,234,22/05/2017,20170522,5,53,May,May,2,2017,201705,11,4,2017,Not Month End,22/05/2016
20170523,23/05/2017,2,23,1604,Tuesday,Tue,Weekday,22,234,22/05/2017,20170522,5,53,May,May,2,2017,201705,11,4,2017,Not Month End,23/05/2016
20170524,24/05/2017,3,24,1605,Wednesday,Wed,Weekday,22,234,22/05/2017,20170522,5,53,May,May,2,2017,201705,11,4,2017,Not Month End,24/05/2016
20170525,25/05/2017,4,25,1606,Thursday,Thu,Weekday,22,234,22/05/2017,20170522,5,53,May,May,2,2017,201705,11,4,2017,Not Month End,25/05/2016
20170526,26/05/2017,5,26,1607,Friday,Fri,Weekday,22,234,22/05/2017,20170522,5,53,May,May,2,2017,201705,11,4,2017,Not Month End,26/05/2016
20170527,27/05/2017,6,27,1608,Saturday,Sat,Weekend,22,234,22/05/2017,20170522,5,53,May,May,2,2017,201705,11,4,2017,Not Month End,27/05/2016
20170528,28/05/2017,7,28,1609,Sunday,Sun,Weekend,22,234,22/05/2017,20170522,5,53,May,May,2,2017,201705,11,4,2017,Not Month End,28/05/2016
20170529,29/05/2017,1,29,1610,Monday,Mon,Weekday,23,235,29/05/2017,20170529,5,53,May,May,2,2017,201705,11,4,2017,Not Month End,29/05/2016
20170530,30/05/2017,2,30,1611,Tuesday,Tue,Weekday,23,235,29/05/2017,20170529,5,53,May,May,2,2017,201705,11,4,2017,Not Month End,30/05/2016
20170531,31/05/2017,3,31,1612,Wednesday,Wed,Weekday,23,235,29/05/2017,20170529,5,53,May,May,2,2017,201705,11,4,2017,Month End,31/05/2016
20170601,01/06/2017,4,1,1613,Thursday,Thu,Weekday,23,235,29/05/2017,20170529,6,54,June,Jun,2,2017,201706,12,4,2017,Not Month End,01/06/2016
20170602,02/06/2017,5,2,1614,Friday,Fri,Weekday,23,235,29/05/2017,20170529,6,54,June,Jun,2,2017,201706,12,4,2017,Not Month End,02/06/2016
20170603,03/06/2017,6,3,1615,Saturday,Sat,Weekend,23,235,29/05/2017,20170529,6,54,June,Jun,2,2017,201706,12,4,2017,Not Month End,03/06/2016
20170604,04/06/2017,7,4,1616,Sunday,Sun,Weekend,23,235,29/05/2017,20170529,6,54,June,Jun,2,2017,201706,12,4,2017,Not Month End,04/06/2016
20170605,05/06/2017,1,5,1617,Monday,Mon,Weekday,24,236,05/06/2017,20170605,6,54,June,Jun,2,2017,201706,12,4,2017,Not Month End,05/06/2016
20170606,06/06/2017,2,6,1618,Tuesday,Tue,Weekday,24,236,05/06/2017,20170605,6,54,June,Jun,2,2017,201706,12,4,2017,Not Month End,06/06/2016
20170607,07/06/2017,3,7,1619,Wednesday,Wed,Weekday,24,236,05/06/2017,20170605,6,54,June,Jun,2,2017,201706,12,4,2017,Not Month End,07/06/2016
20170608,08/06/2017,4,8,1620,Thursday,Thu,Weekday,24,236,05/06/2017,20170605,6,54,June,Jun,2,2017,201706,12,4,2017,Not Month End,08/06/2016
20170609,09/06/2017,5,9,1621,Friday,Fri,Weekday,24,236,05/06/2017,20170605,6,54,June,Jun,2,2017,201706,12,4,2017,Not Month End,09/06/2016
20170610,10/06/2017,6,10,1622,Saturday,Sat,Weekend,24,236,05/06/2017,20170605,6,54,June,Jun,2,2017,201706,12,4,2017,Not Month End,10/06/2016
20170611,11/06/2017,7,11,1623,Sunday,Sun,Weekend,24,236,05/06/2017,20170605,6,54,June,Jun,2,2017,201706,12,4,2017,Not Month End,11/06/2016
20170612,12/06/2017,1,12,1624,Monday,Mon,Weekday,25,237,12/06/2017,20170612,6,54,June,Jun,2,2017,201706,12,4,2017,Not Month End,12/06/2016
20170613,13/06/2017,2,13,1625,Tuesday,Tue,Weekday,25,237,12/06/2017,20170612,6,54,June,Jun,2,2017,201706,12,4,2017,Not Month End,13/06/2016
20170614,14/06/2017,3,14,1626,Wednesday,Wed,Weekday,25,237,12/06/2017,20170612,6,54,June,Jun,2,2017,201706,12,4,2017,Not Month End,14/06/2016
20170615,15/06/2017,4,15,1627,Thursday,Thu,Weekday,25,237,12/06/2017,20170612,6,54,June,Jun,2,2017,201706,12,4,2017,Not Month End,15/06/2016
20170616,16/06/2017,5,16,1628,Friday,Fri,Weekday,25,237,12/06/2017,20170612,6,54,June,Jun,2,2017,201706,12,4,2017,Not Month End,16/06/2016
20170617,17/06/2017,6,17,1629,Saturday,Sat,Weekend,25,237,12/06/2017,20170612,6,54,June,Jun,2,2017,201706,12,4,2017,Not Month End,17/06/2016
20170618,18/06/2017,7,18,1630,Sunday,Sun,Weekend,25,237,12/06/2017,20170612,6,54,June,Jun,2,2017,201706,12,4,2017,Not Month End,18/06/2016
20170619,19/06/2017,1,19,1631,Monday,Mon,Weekday,26,238,19/06/2017,20170619,6,54,June,Jun,2,2017,201706,12,4,2017,Not Month End,19/06/2016
20170620,20/06/2017,2,20,1632,Tuesday,Tue,Weekday,26,238,19/06/2017,20170619,6,54,June,Jun,2,2017,201706,12,4,2017,Not Month End,20/06/2016
20170621,21/06/2017,3,21,1633,Wednesday,Wed,Weekday,26,238,19/06/2017,20170619,6,54,June,Jun,2,2017,201706,12,4,2017,Not Month End,21/06/2016
20170622,22/06/2017,4,22,1634,Thursday,Thu,Weekday,26,238,19/06/2017,20170619,6,54,June,Jun,2,2017,201706,12,4,2017,Not Month End,22/06/2016
20170623,23/06/2017,5,23,1635,Friday,Fri,Weekday,26,238,19/06/2017,20170619,6,54,June,Jun,2,2017,201706,12,4,2017,Not Month End,23/06/2016
20170624,24/06/2017,6,24,1636,Saturday,Sat,Weekend,26,238,19/06/2017,20170619,6,54,June,Jun,2,2017,201706,12,4,2017,Not Month End,24/06/2016
20170625,25/06/2017,7,25,1637,Sunday,Sun,Weekend,26,238,19/06/2017,20170619,6,54,June,Jun,2,2017,201706,12,4,2017,Not Month End,25/06/2016
20170626,26/06/2017,1,26,1638,Monday,Mon,Weekday,27,239,26/06/2017,20170626,6,54,June,Jun,2,2017,201706,12,4,2017,Not Month End,26/06/2016
20170627,27/06/2017,2,27,1639,Tuesday,Tue,Weekday,27,239,26/06/2017,20170626,6,54,June,Jun,2,2017,201706,12,4,2017,Not Month End,27/06/2016
20170628,28/06/2017,3,28,1640,Wednesday,Wed,Weekday,27,239,26/06/2017,20170626,6,54,June,Jun,2,2017,201706,12,4,2017,Not Month End,28/06/2016
20170629,29/06/2017,4,29,1641,Thursday,Thu,Weekday,27,239,26/06/2017,20170626,6,54,June,Jun,2,2017,201706,12,4,2017,Not Month End,29/06/2016
20170630,30/06/2017,5,30,1642,Friday,Fri,Weekday,27,239,26/06/2017,20170626,6,54,June,Jun,2,2017,201706,12,4,2017,Month End,30/06/2016
20170701,01/07/2017,6,1,1643,Saturday,Sat,Weekend,27,239,26/06/2017,20170626,7,55,July,Jul,3,2017,201707,1,1,2018,Not Month End,01/07/2016
20170702,02/07/2017,7,2,1644,Sunday,Sun,Weekend,27,239,26/06/2017,20170626,7,55,July,Jul,3,2017,201707,1,1,2018,Not Month End,02/07/2016
20170703,03/07/2017,1,3,1645,Monday,Mon,Weekday,28,240,03/07/2017,20170703,7,55,July,Jul,3,2017,201707,1,1,2018,Not Month End,03/07/2016
20170704,04/07/2017,2,4,1646,Tuesday,Tue,Weekday,28,240,03/07/2017,20170703,7,55,July,Jul,3,2017,201707,1,1,2018,Not Month End,04/07/2016
20170705,05/07/2017,3,5,1647,Wednesday,Wed,Weekday,28,240,03/07/2017,20170703,7,55,July,Jul,3,2017,201707,1,1,2018,Not Month End,05/07/2016
20170706,06/07/2017,4,6,1648,Thursday,Thu,Weekday,28,240,03/07/2017,20170703,7,55,July,Jul,3,2017,201707,1,1,2018,Not Month End,06/07/2016
20170707,07/07/2017,5,7,1649,Friday,Fri,Weekday,28,240,03/07/2017,20170703,7,55,July,Jul,3,2017,201707,1,1,2018,Not Month End,07/07/2016
20170708,08/07/2017,6,8,1650,Saturday,Sat,Weekend,28,240,03/07/2017,20170703,7,55,July,Jul,3,2017,201707,1,1,2018,Not Month End,08/07/2016
20170709,09/07/2017,7,9,1651,Sunday,Sun,Weekend,28,240,03/07/2017,20170703,7,55,July,Jul,3,2017,201707,1,1,2018,Not Month End,09/07/2016
20170710,10/07/2017,1,10,1652,Monday,Mon,Weekday,29,241,10/07/2017,20170710,7,55,July,Jul,3,2017,201707,1,1,2018,Not Month End,10/07/2016
20170711,11/07/2017,2,11,1653,Tuesday,Tue,Weekday,29,241,10/07/2017,20170710,7,55,July,Jul,3,2017,201707,1,1,2018,Not Month End,11/07/2016
20170712,12/07/2017,3,12,1654,Wednesday,Wed,Weekday,29,241,10/07/2017,20170710,7,55,July,Jul,3,2017,201707,1,1,2018,Not Month End,12/07/2016
20170713,13/07/2017,4,13,1655,Thursday,Thu,Weekday,29,241,10/07/2017,20170710,7,55,July,Jul,3,2017,201707,1,1,2018,Not Month End,13/07/2016
20170714,14/07/2017,5,14,1656,Friday,Fri,Weekday,29,241,10/07/2017,20170710,7,55,July,Jul,3,2017,201707,1,1,2018,Not Month End,14/07/2016
20170715,15/07/2017,6,15,1657,Saturday,Sat,Weekend,29,241,10/07/2017,20170710,7,55,July,Jul,3,2017,201707,1,1,2018,Not Month End,15/07/2016
20170716,16/07/2017,7,16,1658,Sunday,Sun,Weekend,29,241,10/07/2017,20170710,7,55,July,Jul,3,2017,201707,1,1,2018,Not Month End,16/07/2016
20170717,17/07/2017,1,17,1659,Monday,Mon,Weekday,30,242,17/07/2017,20170717,7,55,July,Jul,3,2017,201707,1,1,2018,Not Month End,17/07/2016
20170718,18/07/2017,2,18,1660,Tuesday,Tue,Weekday,30,242,17/07/2017,20170717,7,55,July,Jul,3,2017,201707,1,1,2018,Not Month End,18/07/2016
20170719,19/07/2017,3,19,1661,Wednesday,Wed,Weekday,30,242,17/07/2017,20170717,7,55,July,Jul,3,2017,201707,1,1,2018,Not Month End,19/07/2016
20170720,20/07/2017,4,20,1662,Thursday,Thu,Weekday,30,242,17/07/2017,20170717,7,55,July,Jul,3,2017,201707,1,1,2018,Not Month End,20/07/2016
20170721,21/07/2017,5,21,1663,Friday,Fri,Weekday,30,242,17/07/2017,20170717,7,55,July,Jul,3,2017,201707,1,1,2018,Not Month End,21/07/2016
20170722,22/07/2017,6,22,1664,Saturday,Sat,Weekend,30,242,17/07/2017,20170717,7,55,July,Jul,3,2017,201707,1,1,2018,Not Month End,22/07/2016
20170723,23/07/2017,7,23,1665,Sunday,Sun,Weekend,30,242,17/07/2017,20170717,7,55,July,Jul,3,2017,201707,1,1,2018,Not Month End,23/07/2016
20170724,24/07/2017,1,24,1666,Monday,Mon,Weekday,31,243,24/07/2017,20170724,7,55,July,Jul,3,2017,201707,1,1,2018,Not Month End,24/07/2016
20170725,25/07/2017,2,25,1667,Tuesday,Tue,Weekday,31,243,24/07/2017,20170724,7,55,July,Jul,3,2017,201707,1,1,2018,Not Month End,25/07/2016
20170726,26/07/2017,3,26,1668,Wednesday,Wed,Weekday,31,243,24/07/2017,20170724,7,55,July,Jul,3,2017,201707,1,1,2018,Not Month End,26/07/2016
20170727,27/07/2017,4,27,1669,Thursday,Thu,Weekday,31,243,24/07/2017,20170724,7,55,July,Jul,3,2017,201707,1,1,2018,Not Month End,27/07/2016
20170728,28/07/2017,5,28,1670,Friday,Fri,Weekday,31,243,24/07/2017,20170724,7,55,July,Jul,3,2017,201707,1,1,2018,Not Month End,28/07/2016
20170729,29/07/2017,6,29,1671,Saturday,Sat,Weekend,31,243,24/07/2017,20170724,7,55,July,Jul,3,2017,201707,1,1,2018,Not Month End,29/07/2016
20170730,30/07/2017,7,30,1672,Sunday,Sun,Weekend,31,243,24/07/2017,20170724,7,55,July,Jul,3,2017,201707,1,1,2018,Not Month End,30/07/2016
20170731,31/07/2017,1,31,1673,Monday,Mon,Weekday,32,244,31/07/2017,20170731,7,55,July,Jul,3,2017,201707,1,1,2018,Month End,31/07/2016
20170801,01/08/2017,2,1,1674,Tuesday,Tue,Weekday,32,244,31/07/2017,20170731,8,56,August,Aug,3,2017,201708,2,1,2018,Not Month End,01/08/2016
20170802,02/08/2017,3,2,1675,Wednesday,Wed,Weekday,32,244,31/07/2017,20170731,8,56,August,Aug,3,2017,201708,2,1,2018,Not Month End,02/08/2016
20170803,03/08/2017,4,3,1676,Thursday,Thu,Weekday,32,244,31/07/2017,20170731,8,56,August,Aug,3,2017,201708,2,1,2018,Not Month End,03/08/2016
20170804,04/08/2017,5,4,1677,Friday,Fri,Weekday,32,244,31/07/2017,20170731,8,56,August,Aug,3,2017,201708,2,1,2018,Not Month End,04/08/2016
20170805,05/08/2017,6,5,1678,Saturday,Sat,Weekend,32,244,31/07/2017,20170731,8,56,August,Aug,3,2017,201708,2,1,2018,Not Month End,05/08/2016
20170806,06/08/2017,7,6,1679,Sunday,Sun,Weekend,32,244,31/07/2017,20170731,8,56,August,Aug,3,2017,201708,2,1,2018,Not Month End,06/08/2016
20170807,07/08/2017,1,7,1680,Monday,Mon,Weekday,33,245,07/08/2017,20170807,8,56,August,Aug,3,2017,201708,2,1,2018,Not Month End,07/08/2016
20170808,08/08/2017,2,8,1681,Tuesday,Tue,Weekday,33,245,07/08/2017,20170807,8,56,August,Aug,3,2017,201708,2,1,2018,Not Month End,08/08/2016
20170809,09/08/2017,3,9,1682,Wednesday,Wed,Weekday,33,245,07/08/2017,20170807,8,56,August,Aug,3,2017,201708,2,1,2018,Not Month End,09/08/2016
20170810,10/08/2017,4,10,1683,Thursday,Thu,Weekday,33,245,07/08/2017,20170807,8,56,August,Aug,3,2017,201708,2,1,2018,Not Month End,10/08/2016
20170811,11/08/2017,5,11,1684,Friday,Fri,Weekday,33,245,07/08/2017,20170807,8,56,August,Aug,3,2017,201708,2,1,2018,Not Month End,11/08/2016
20170812,12/08/2017,6,12,1685,Saturday,Sat,Weekend,33,245,07/08/2017,20170807,8,56,August,Aug,3,2017,201708,2,1,2018,Not Month End,12/08/2016
20170813,13/08/2017,7,13,1686,Sunday,Sun,Weekend,33,245,07/08/2017,20170807,8,56,August,Aug,3,2017,201708,2,1,2018,Not Month End,13/08/2016
20170814,14/08/2017,1,14,1687,Monday,Mon,Weekday,34,246,14/08/2017,20170814,8,56,August,Aug,3,2017,201708,2,1,2018,Not Month End,14/08/2016
20170815,15/08/2017,2,15,1688,Tuesday,Tue,Weekday,34,246,14/08/2017,20170814,8,56,August,Aug,3,2017,201708,2,1,2018,Not Month End,15/08/2016
20170816,16/08/2017,3,16,1689,Wednesday,Wed,Weekday,34,246,14/08/2017,20170814,8,56,August,Aug,3,2017,201708,2,1,2018,Not Month End,16/08/2016
20170817,17/08/2017,4,17,1690,Thursday,Thu,Weekday,34,246,14/08/2017,20170814,8,56,August,Aug,3,2017,201708,2,1,2018,Not Month End,17/08/2016
20170818,18/08/2017,5,18,1691,Friday,Fri,Weekday,34,246,14/08/2017,20170814,8,56,August,Aug,3,2017,201708,2,1,2018,Not Month End,18/08/2016
20170819,19/08/2017,6,19,1692,Saturday,Sat,Weekend,34,246,14/08/2017,20170814,8,56,August,Aug,3,2017,201708,2,1,2018,Not Month End,19/08/2016
20170820,20/08/2017,7,20,1693,Sunday,Sun,Weekend,34,246,14/08/2017,20170814,8,56,August,Aug,3,2017,201708,2,1,2018,Not Month End,20/08/2016
20170821,21/08/2017,1,21,1694,Monday,Mon,Weekday,35,247,21/08/2017,20170821,8,56,August,Aug,3,2017,201708,2,1,2018,Not Month End,21/08/2016
20170822,22/08/2017,2,22,1695,Tuesday,Tue,Weekday,35,247,21/08/2017,20170821,8,56,August,Aug,3,2017,201708,2,1,2018,Not Month End,22/08/2016
20170823,23/08/2017,3,23,1696,Wednesday,Wed,Weekday,35,247,21/08/2017,20170821,8,56,August,Aug,3,2017,201708,2,1,2018,Not Month End,23/08/2016
20170824,24/08/2017,4,24,1697,Thursday,Thu,Weekday,35,247,21/08/2017,20170821,8,56,August,Aug,3,2017,201708,2,1,2018,Not Month End,24/08/2016
20170825,25/08/2017,5,25,1698,Friday,Fri,Weekday,35,247,21/08/2017,20170821,8,56,August,Aug,3,2017,201708,2,1,2018,Not Month End,25/08/2016
20170826,26/08/2017,6,26,1699,Saturday,Sat,Weekend,35,247,21/08/2017,20170821,8,56,August,Aug,3,2017,201708,2,1,2018,Not Month End,26/08/2016
20170827,27/08/2017,7,27,1700,Sunday,Sun,Weekend,35,247,21/08/2017,20170821,8,56,August,Aug,3,2017,201708,2,1,2018,Not Month End,27/08/2016
20170828,28/08/2017,1,28,1701,Monday,Mon,Weekday,36,248,28/08/2017,20170828,8,56,August,Aug,3,2017,201708,2,1,2018,Not Month End,28/08/2016
20170829,29/08/2017,2,29,1702,Tuesday,Tue,Weekday,36,248,28/08/2017,20170828,8,56,August,Aug,3,2017,201708,2,1,2018,Not Month End,29/08/2016
20170830,30/08/2017,3,30,1703,Wednesday,Wed,Weekday,36,248,28/08/2017,20170828,8,56,August,Aug,3,2017,201708,2,1,2018,Not Month End,30/08/2016
20170831,31/08/2017,4,31,1704,Thursday,Thu,Weekday,36,248,28/08/2017,20170828,8,56,August,Aug,3,2017,201708,2,1,2018,Month End,31/08/2016
20170901,01/09/2017,5,1,1705,Friday,Fri,Weekday,36,248,28/08/2017,20170828,9,57,September,Sep,3,2017,201709,3,1,2018,Not Month End,01/09/2016
20170902,02/09/2017,6,2,1706,Saturday,Sat,Weekend,36,248,28/08/2017,20170828,9,57,September,Sep,3,2017,201709,3,1,2018,Not Month End,02/09/2016
20170903,03/09/2017,7,3,1707,Sunday,Sun,Weekend,36,248,28/08/2017,20170828,9,57,September,Sep,3,2017,201709,3,1,2018,Not Month End,03/09/2016
20170904,04/09/2017,1,4,1708,Monday,Mon,Weekday,37,249,04/09/2017,20170904,9,57,September,Sep,3,2017,201709,3,1,2018,Not Month End,04/09/2016
20170905,05/09/2017,2,5,1709,Tuesday,Tue,Weekday,37,249,04/09/2017,20170904,9,57,September,Sep,3,2017,201709,3,1,2018,Not Month End,05/09/2016
20170906,06/09/2017,3,6,1710,Wednesday,Wed,Weekday,37,249,04/09/2017,20170904,9,57,September,Sep,3,2017,201709,3,1,2018,Not Month End,06/09/2016
20170907,07/09/2017,4,7,1711,Thursday,Thu,Weekday,37,249,04/09/2017,20170904,9,57,September,Sep,3,2017,201709,3,1,2018,Not Month End,07/09/2016
20170908,08/09/2017,5,8,1712,Friday,Fri,Weekday,37,249,04/09/2017,20170904,9,57,September,Sep,3,2017,201709,3,1,2018,Not Month End,08/09/2016
20170909,09/09/2017,6,9,1713,Saturday,Sat,Weekend,37,249,04/09/2017,20170904,9,57,September,Sep,3,2017,201709,3,1,2018,Not Month End,09/09/2016
20170910,10/09/2017,7,10,1714,Sunday,Sun,Weekend,37,249,04/09/2017,20170904,9,57,September,Sep,3,2017,201709,3,1,2018,Not Month End,10/09/2016
20170911,11/09/2017,1,11,1715,Monday,Mon,Weekday,38,250,11/09/2017,20170911,9,57,September,Sep,3,2017,201709,3,1,2018,Not Month End,11/09/2016
20170912,12/09/2017,2,12,1716,Tuesday,Tue,Weekday,38,250,11/09/2017,20170911,9,57,September,Sep,3,2017,201709,3,1,2018,Not Month End,12/09/2016
20170913,13/09/2017,3,13,1717,Wednesday,Wed,Weekday,38,250,11/09/2017,20170911,9,57,September,Sep,3,2017,201709,3,1,2018,Not Month End,13/09/2016
20170914,14/09/2017,4,14,1718,Thursday,Thu,Weekday,38,250,11/09/2017,20170911,9,57,September,Sep,3,2017,201709,3,1,2018,Not Month End,14/09/2016
20170915,15/09/2017,5,15,1719,Friday,Fri,Weekday,38,250,11/09/2017,20170911,9,57,September,Sep,3,2017,201709,3,1,2018,Not Month End,15/09/2016
20170916,16/09/2017,6,16,1720,Saturday,Sat,Weekend,38,250,11/09/2017,20170911,9,57,September,Sep,3,2017,201709,3,1,2018,Not Month End,16/09/2016
20170917,17/09/2017,7,17,1721,Sunday,Sun,Weekend,38,250,11/09/2017,20170911,9,57,September,Sep,3,2017,201709,3,1,2018,Not Month End,17/09/2016
20170918,18/09/2017,1,18,1722,Monday,Mon,Weekday,39,251,18/09/2017,20170918,9,57,September,Sep,3,2017,201709,3,1,2018,Not Month End,18/09/2016
20170919,19/09/2017,2,19,1723,Tuesday,Tue,Weekday,39,251,18/09/2017,20170918,9,57,September,Sep,3,2017,201709,3,1,2018,Not Month End,19/09/2016
20170920,20/09/2017,3,20,1724,Wednesday,Wed,Weekday,39,251,18/09/2017,20170918,9,57,September,Sep,3,2017,201709,3,1,2018,Not Month End,20/09/2016
20170921,21/09/2017,4,21,1725,Thursday,Thu,Weekday,39,251,18/09/2017,20170918,9,57,September,Sep,3,2017,201709,3,1,2018,Not Month End,21/09/2016
20170922,22/09/2017,5,22,1726,Friday,Fri,Weekday,39,251,18/09/2017,20170918,9,57,September,Sep,3,2017,201709,3,1,2018,Not Month End,22/09/2016
20170923,23/09/2017,6,23,1727,Saturday,Sat,Weekend,39,251,18/09/2017,20170918,9,57,September,Sep,3,2017,201709,3,1,2018,Not Month End,23/09/2016
20170924,24/09/2017,7,24,1728,Sunday,Sun,Weekend,39,251,18/09/2017,20170918,9,57,September,Sep,3,2017,201709,3,1,2018,Not Month End,24/09/2016
20170925,25/09/2017,1,25,1729,Monday,Mon,Weekday,40,252,25/09/2017,20170925,9,57,September,Sep,3,2017,201709,3,1,2018,Not Month End,25/09/2016
20170926,26/09/2017,2,26,1730,Tuesday,Tue,Weekday,40,252,25/09/2017,20170925,9,57,September,Sep,3,2017,201709,3,1,2018,Not Month End,26/09/2016
20170927,27/09/2017,3,27,1731,Wednesday,Wed,Weekday,40,252,25/09/2017,20170925,9,57,September,Sep,3,2017,201709,3,1,2018,Not Month End,27/09/2016
20170928,28/09/2017,4,28,1732,Thursday,Thu,Weekday,40,252,25/09/2017,20170925,9,57,September,Sep,3,2017,201709,3,1,2018,Not Month End,28/09/2016
20170929,29/09/2017,5,29,1733,Friday,Fri,Weekday,40,252,25/09/2017,20170925,9,57,September,Sep,3,2017,201709,3,1,2018,Not Month End,29/09/2016
20170930,30/09/2017,6,30,1734,Saturday,Sat,Weekend,40,252,25/09/2017,20170925,9,57,September,Sep,3,2017,201709,3,1,2018,Month End,30/09/2016
20171001,01/10/2017,7,1,1735,Sunday,Sun,Weekend,40,252,25/09/2017,20170925,10,58,October,Oct,4,2017,201710,4,2,2018,Not Month End,01/10/2016
20171002,02/10/2017,1,2,1736,Monday,Mon,Weekday,41,253,02/10/2017,20171002,10,58,October,Oct,4,2017,201710,4,2,2018,Not Month End,02/10/2016
20171003,03/10/2017,2,3,1737,Tuesday,Tue,Weekday,41,253,02/10/2017,20171002,10,58,October,Oct,4,2017,201710,4,2,2018,Not Month End,03/10/2016
20171004,04/10/2017,3,4,1738,Wednesday,Wed,Weekday,41,253,02/10/2017,20171002,10,58,October,Oct,4,2017,201710,4,2,2018,Not Month End,04/10/2016
20171005,05/10/2017,4,5,1739,Thursday,Thu,Weekday,41,253,02/10/2017,20171002,10,58,October,Oct,4,2017,201710,4,2,2018,Not Month End,05/10/2016
20171006,06/10/2017,5,6,1740,Friday,Fri,Weekday,41,253,02/10/2017,20171002,10,58,October,Oct,4,2017,201710,4,2,2018,Not Month End,06/10/2016
20171007,07/10/2017,6,7,1741,Saturday,Sat,Weekend,41,253,02/10/2017,20171002,10,58,October,Oct,4,2017,201710,4,2,2018,Not Month End,07/10/2016
20171008,08/10/2017,7,8,1742,Sunday,Sun,Weekend,41,253,02/10/2017,20171002,10,58,October,Oct,4,2017,201710,4,2,2018,Not Month End,08/10/2016
20171009,09/10/2017,1,9,1743,Monday,Mon,Weekday,42,254,09/10/2017,20171009,10,58,October,Oct,4,2017,201710,4,2,2018,Not Month End,09/10/2016
20171010,10/10/2017,2,10,1744,Tuesday,Tue,Weekday,42,254,09/10/2017,20171009,10,58,October,Oct,4,2017,201710,4,2,2018,Not Month End,10/10/2016
20171011,11/10/2017,3,11,1745,Wednesday,Wed,Weekday,42,254,09/10/2017,20171009,10,58,October,Oct,4,2017,201710,4,2,2018,Not Month End,11/10/2016
20171012,12/10/2017,4,12,1746,Thursday,Thu,Weekday,42,254,09/10/2017,20171009,10,58,October,Oct,4,2017,201710,4,2,2018,Not Month End,12/10/2016
20171013,13/10/2017,5,13,1747,Friday,Fri,Weekday,42,254,09/10/2017,20171009,10,58,October,Oct,4,2017,201710,4,2,2018,Not Month End,13/10/2016
20171014,14/10/2017,6,14,1748,Saturday,Sat,Weekend,42,254,09/10/2017,20171009,10,58,October,Oct,4,2017,201710,4,2,2018,Not Month End,14/10/2016
20171015,15/10/2017,7,15,1749,Sunday,Sun,Weekend,42,254,09/10/2017,20171009,10,58,October,Oct,4,2017,201710,4,2,2018,Not Month End,15/10/2016
20171016,16/10/2017,1,16,1750,Monday,Mon,Weekday,43,255,16/10/2017,20171016,10,58,October,Oct,4,2017,201710,4,2,2018,Not Month End,16/10/2016
20171017,17/10/2017,2,17,1751,Tuesday,Tue,Weekday,43,255,16/10/2017,20171016,10,58,October,Oct,4,2017,201710,4,2,2018,Not Month End,17/10/2016
20171018,18/10/2017,3,18,1752,Wednesday,Wed,Weekday,43,255,16/10/2017,20171016,10,58,October,Oct,4,2017,201710,4,2,2018,Not Month End,18/10/2016
20171019,19/10/2017,4,19,1753,Thursday,Thu,Weekday,43,255,16/10/2017,20171016,10,58,October,Oct,4,2017,201710,4,2,2018,Not Month End,19/10/2016
20171020,20/10/2017,5,20,1754,Friday,Fri,Weekday,43,255,16/10/2017,20171016,10,58,October,Oct,4,2017,201710,4,2,2018,Not Month End,20/10/2016
20171021,21/10/2017,6,21,1755,Saturday,Sat,Weekend,43,255,16/10/2017,20171016,10,58,October,Oct,4,2017,201710,4,2,2018,Not Month End,21/10/2016
20171022,22/10/2017,7,22,1756,Sunday,Sun,Weekend,43,255,16/10/2017,20171016,10,58,October,Oct,4,2017,201710,4,2,2018,Not Month End,22/10/2016
20171023,23/10/2017,1,23,1757,Monday,Mon,Weekday,44,256,23/10/2017,20171023,10,58,October,Oct,4,2017,201710,4,2,2018,Not Month End,23/10/2016
20171024,24/10/2017,2,24,1758,Tuesday,Tue,Weekday,44,256,23/10/2017,20171023,10,58,October,Oct,4,2017,201710,4,2,2018,Not Month End,24/10/2016
20171025,25/10/2017,3,25,1759,Wednesday,Wed,Weekday,44,256,23/10/2017,20171023,10,58,October,Oct,4,2017,201710,4,2,2018,Not Month End,25/10/2016
20171026,26/10/2017,4,26,1760,Thursday,Thu,Weekday,44,256,23/10/2017,20171023,10,58,October,Oct,4,2017,201710,4,2,2018,Not Month End,26/10/2016
20171027,27/10/2017,5,27,1761,Friday,Fri,Weekday,44,256,23/10/2017,20171023,10,58,October,Oct,4,2017,201710,4,2,2018,Not Month End,27/10/2016
20171028,28/10/2017,6,28,1762,Saturday,Sat,Weekend,44,256,23/10/2017,20171023,10,58,October,Oct,4,2017,201710,4,2,2018,Not Month End,28/10/2016
20171029,29/10/2017,7,29,1763,Sunday,Sun,Weekend,44,256,23/10/2017,20171023,10,58,October,Oct,4,2017,201710,4,2,2018,Not Month End,29/10/2016
20171030,30/10/2017,1,30,1764,Monday,Mon,Weekday,45,257,30/10/2017,20171030,10,58,October,Oct,4,2017,201710,4,2,2018,Not Month End,30/10/2016
20171031,31/10/2017,2,31,1765,Tuesday,Tue,Weekday,45,257,30/10/2017,20171030,10,58,October,Oct,4,2017,201710,4,2,2018,Month End,31/10/2016
20171101,01/11/2017,3,1,1766,Wednesday,Wed,Weekday,45,257,30/10/2017,20171030,11,59,November,Nov,4,2017,201711,5,2,2018,Not Month End,01/11/2016
20171102,02/11/2017,4,2,1767,Thursday,Thu,Weekday,45,257,30/10/2017,20171030,11,59,November,Nov,4,2017,201711,5,2,2018,Not Month End,02/11/2016
20171103,03/11/2017,5,3,1768,Friday,Fri,Weekday,45,257,30/10/2017,20171030,11,59,November,Nov,4,2017,201711,5,2,2018,Not Month End,03/11/2016
20171104,04/11/2017,6,4,1769,Saturday,Sat,Weekend,45,257,30/10/2017,20171030,11,59,November,Nov,4,2017,201711,5,2,2018,Not Month End,04/11/2016
20171105,05/11/2017,7,5,1770,Sunday,Sun,Weekend,45,257,30/10/2017,20171030,11,59,November,Nov,4,2017,201711,5,2,2018,Not Month End,05/11/2016
20171106,06/11/2017,1,6,1771,Monday,Mon,Weekday,46,258,06/11/2017,20171106,11,59,November,Nov,4,2017,201711,5,2,2018,Not Month End,06/11/2016
20171107,07/11/2017,2,7,1772,Tuesday,Tue,Weekday,46,258,06/11/2017,20171106,11,59,November,Nov,4,2017,201711,5,2,2018,Not Month End,07/11/2016
20171108,08/11/2017,3,8,1773,Wednesday,Wed,Weekday,46,258,06/11/2017,20171106,11,59,November,Nov,4,2017,201711,5,2,2018,Not Month End,08/11/2016
20171109,09/11/2017,4,9,1774,Thursday,Thu,Weekday,46,258,06/11/2017,20171106,11,59,November,Nov,4,2017,201711,5,2,2018,Not Month End,09/11/2016
20171110,10/11/2017,5,10,1775,Friday,Fri,Weekday,46,258,06/11/2017,20171106,11,59,November,Nov,4,2017,201711,5,2,2018,Not Month End,10/11/2016
20171111,11/11/2017,6,11,1776,Saturday,Sat,Weekend,46,258,06/11/2017,20171106,11,59,November,Nov,4,2017,201711,5,2,2018,Not Month End,11/11/2016
20171112,12/11/2017,7,12,1777,Sunday,Sun,Weekend,46,258,06/11/2017,20171106,11,59,November,Nov,4,2017,201711,5,2,2018,Not Month End,12/11/2016
20171113,13/11/2017,1,13,1778,Monday,Mon,Weekday,47,259,13/11/2017,20171113,11,59,November,Nov,4,2017,201711,5,2,2018,Not Month End,13/11/2016
20171114,14/11/2017,2,14,1779,Tuesday,Tue,Weekday,47,259,13/11/2017,20171113,11,59,November,Nov,4,2017,201711,5,2,2018,Not Month End,14/11/2016
20171115,15/11/2017,3,15,1780,Wednesday,Wed,Weekday,47,259,13/11/2017,20171113,11,59,November,Nov,4,2017,201711,5,2,2018,Not Month End,15/11/2016
20171116,16/11/2017,4,16,1781,Thursday,Thu,Weekday,47,259,13/11/2017,20171113,11,59,November,Nov,4,2017,201711,5,2,2018,Not Month End,16/11/2016
20171117,17/11/2017,5,17,1782,Friday,Fri,Weekday,47,259,13/11/2017,20171113,11,59,November,Nov,4,2017,201711,5,2,2018,Not Month End,17/11/2016
20171118,18/11/2017,6,18,1783,Saturday,Sat,Weekend,47,259,13/11/2017,20171113,11,59,November,Nov,4,2017,201711,5,2,2018,Not Month End,18/11/2016
20171119,19/11/2017,7,19,1784,Sunday,Sun,Weekend,47,259,13/11/2017,20171113,11,59,November,Nov,4,2017,201711,5,2,2018,Not Month End,19/11/2016
20171120,20/11/2017,1,20,1785,Monday,Mon,Weekday,48,260,20/11/2017,20171120,11,59,November,Nov,4,2017,201711,5,2,2018,Not Month End,20/11/2016
20171121,21/11/2017,2,21,1786,Tuesday,Tue,Weekday,48,260,20/11/2017,20171120,11,59,November,Nov,4,2017,201711,5,2,2018,Not Month End,21/11/2016
20171122,22/11/2017,3,22,1787,Wednesday,Wed,Weekday,48,260,20/11/2017,20171120,11,59,November,Nov,4,2017,201711,5,2,2018,Not Month End,22/11/2016
20171123,23/11/2017,4,23,1788,Thursday,Thu,Weekday,48,260,20/11/2017,20171120,11,59,November,Nov,4,2017,201711,5,2,2018,Not Month End,23/11/2016
20171124,24/11/2017,5,24,1789,Friday,Fri,Weekday,48,260,20/11/2017,20171120,11,59,November,Nov,4,2017,201711,5,2,2018,Not Month End,24/11/2016
20171125,25/11/2017,6,25,1790,Saturday,Sat,Weekend,48,260,20/11/2017,20171120,11,59,November,Nov,4,2017,201711,5,2,2018,Not Month End,25/11/2016
20171126,26/11/2017,7,26,1791,Sunday,Sun,Weekend,48,260,20/11/2017,20171120,11,59,November,Nov,4,2017,201711,5,2,2018,Not Month End,26/11/2016
20171127,27/11/2017,1,27,1792,Monday,Mon,Weekday,49,261,27/11/2017,20171127,11,59,November,Nov,4,2017,201711,5,2,2018,Not Month End,27/11/2016
20171128,28/11/2017,2,28,1793,Tuesday,Tue,Weekday,49,261,27/11/2017,20171127,11,59,November,Nov,4,2017,201711,5,2,2018,Not Month End,28/11/2016
20171129,29/11/2017,3,29,1794,Wednesday,Wed,Weekday,49,261,27/11/2017,20171127,11,59,November,Nov,4,2017,201711,5,2,2018,Not Month End,29/11/2016
20171130,30/11/2017,4,30,1795,Thursday,Thu,Weekday,49,261,27/11/2017,20171127,11,59,November,Nov,4,2017,201711,5,2,2018,Month End,30/11/2016
20171201,01/12/2017,5,1,1796,Friday,Fri,Weekday,49,261,27/11/2017,20171127,12,60,December,Dec,4,2017,201712,6,2,2018,Not Month End,01/12/2016
20171202,02/12/2017,6,2,1797,Saturday,Sat,Weekend,49,261,27/11/2017,20171127,12,60,December,Dec,4,2017,201712,6,2,2018,Not Month End,02/12/2016
20171203,03/12/2017,7,3,1798,Sunday,Sun,Weekend,49,261,27/11/2017,20171127,12,60,December,Dec,4,2017,201712,6,2,2018,Not Month End,03/12/2016
20171204,04/12/2017,1,4,1799,Monday,Mon,Weekday,50,262,04/12/2017,20171204,12,60,December,Dec,4,2017,201712,6,2,2018,Not Month End,04/12/2016
20171205,05/12/2017,2,5,1800,Tuesday,Tue,Weekday,50,262,04/12/2017,20171204,12,60,December,Dec,4,2017,201712,6,2,2018,Not Month End,05/12/2016
20171206,06/12/2017,3,6,1801,Wednesday,Wed,Weekday,50,262,04/12/2017,20171204,12,60,December,Dec,4,2017,201712,6,2,2018,Not Month End,06/12/2016
20171207,07/12/2017,4,7,1802,Thursday,Thu,Weekday,50,262,04/12/2017,20171204,12,60,December,Dec,4,2017,201712,6,2,2018,Not Month End,07/12/2016
20171208,08/12/2017,5,8,1803,Friday,Fri,Weekday,50,262,04/12/2017,20171204,12,60,December,Dec,4,2017,201712,6,2,2018,Not Month End,08/12/2016
20171209,09/12/2017,6,9,1804,Saturday,Sat,Weekend,50,262,04/12/2017,20171204,12,60,December,Dec,4,2017,201712,6,2,2018,Not Month End,09/12/2016
20171210,10/12/2017,7,10,1805,Sunday,Sun,Weekend,50,262,04/12/2017,20171204,12,60,December,Dec,4,2017,201712,6,2,2018,Not Month End,10/12/2016
20171211,11/12/2017,1,11,1806,Monday,Mon,Weekday,51,263,11/12/2017,20171211,12,60,December,Dec,4,2017,201712,6,2,2018,Not Month End,11/12/2016
20171212,12/12/2017,2,12,1807,Tuesday,Tue,Weekday,51,263,11/12/2017,20171211,12,60,December,Dec,4,2017,201712,6,2,2018,Not Month End,12/12/2016
20171213,13/12/2017,3,13,1808,Wednesday,Wed,Weekday,51,263,11/12/2017,20171211,12,60,December,Dec,4,2017,201712,6,2,2018,Not Month End,13/12/2016
20171214,14/12/2017,4,14,1809,Thursday,Thu,Weekday,51,263,11/12/2017,20171211,12,60,December,Dec,4,2017,201712,6,2,2018,Not Month End,14/12/2016
20171215,15/12/2017,5,15,1810,Friday,Fri,Weekday,51,263,11/12/2017,20171211,12,60,December,Dec,4,2017,201712,6,2,2018,Not Month End,15/12/2016
20171216,16/12/2017,6,16,1811,Saturday,Sat,Weekend,51,263,11/12/2017,20171211,12,60,December,Dec,4,2017,201712,6,2,2018,Not Month End,16/12/2016
20171217,17/12/2017,7,17,1812,Sunday,Sun,Weekend,51,263,11/12/2017,20171211,12,60,December,Dec,4,2017,201712,6,2,2018,Not Month End,17/12/2016
20171218,18/12/2017,1,18,1813,Monday,Mon,Weekday,52,264,18/12/2017,20171218,12,60,December,Dec,4,2017,201712,6,2,2018,Not Month End,18/12/2016
20171219,19/12/2017,2,19,1814,Tuesday,Tue,Weekday,52,264,18/12/2017,20171218,12,60,December,Dec,4,2017,201712,6,2,2018,Not Month End,19/12/2016
20171220,20/12/2017,3,20,1815,Wednesday,Wed,Weekday,52,264,18/12/2017,20171218,12,60,December,Dec,4,2017,201712,6,2,2018,Not Month End,20/12/2016
20171221,21/12/2017,4,21,1816,Thursday,Thu,Weekday,52,264,18/12/2017,20171218,12,60,December,Dec,4,2017,201712,6,2,2018,Not Month End,21/12/2016
20171222,22/12/2017,5,22,1817,Friday,Fri,Weekday,52,264,18/12/2017,20171218,12,60,December,Dec,4,2017,201712,6,2,2018,Not Month End,22/12/2016
20171223,23/12/2017,6,23,1818,Saturday,Sat,Weekend,52,264,18/12/2017,20171218,12,60,December,Dec,4,2017,201712,6,2,2018,Not Month End,23/12/2016
20171224,24/12/2017,7,24,1819,Sunday,Sun,Weekend,52,264,18/12/2017,20171218,12,60,December,Dec,4,2017,201712,6,2,2018,Not Month End,24/12/2016
20171225,25/12/2017,1,25,1820,Monday,Mon,Weekday,53,265,25/12/2017,20171225,12,60,December,Dec,4,2017,201712,6,2,2018,Not Month End,25/12/2016
20171226,26/12/2017,2,26,1821,Tuesday,Tue,Weekday,53,265,25/12/2017,20171225,12,60,December,Dec,4,2017,201712,6,2,2018,Not Month End,26/12/2016
20171227,27/12/2017,3,27,1822,Wednesday,Wed,Weekday,53,265,25/12/2017,20171225,12,60,December,Dec,4,2017,201712,6,2,2018,Not Month End,27/12/2016
20171228,28/12/2017,4,28,1823,Thursday,Thu,Weekday,53,265,25/12/2017,20171225,12,60,December,Dec,4,2017,201712,6,2,2018,Not Month End,28/12/2016
20171229,29/12/2017,5,29,1824,Friday,Fri,Weekday,53,265,25/12/2017,20171225,12,60,December,Dec,4,2017,201712,6,2,2018,Not Month End,29/12/2016
20171230,30/12/2017,6,30,1825,Saturday,Sat,Weekend,53,265,25/12/2017,20171225,12,60,December,Dec,4,2017,201712,6,2,2018,Not Month End,30/12/2016
20171231,31/12/2017,7,31,1826,Sunday,Sun,Weekend,53,265,25/12/2017,20171225,12,60,December,Dec,4,2017,201712,6,2,2018,Month End,31/12/2016
20180101,01/01/2018,1,1,1827,Monday,Mon,Weekday,1,266,01/01/2018,20180101,1,61,January,Jan,1,2018,201801,7,3,2018,Not Month End,01/01/2017
20180102,02/01/2018,2,2,1828,Tuesday,Tue,Weekday,1,266,01/01/2018,20180101,1,61,January,Jan,1,2018,201801,7,3,2018,Not Month End,02/01/2017
20180103,03/01/2018,3,3,1829,Wednesday,Wed,Weekday,1,266,01/01/2018,20180101,1,61,January,Jan,1,2018,201801,7,3,2018,Not Month End,03/01/2017
20180104,04/01/2018,4,4,1830,Thursday,Thu,Weekday,1,266,01/01/2018,20180101,1,61,January,Jan,1,2018,201801,7,3,2018,Not Month End,04/01/2017
20180105,05/01/2018,5,5,1831,Friday,Fri,Weekday,1,266,01/01/2018,20180101,1,61,January,Jan,1,2018,201801,7,3,2018,Not Month End,05/01/2017
20180106,06/01/2018,6,6,1832,Saturday,Sat,Weekend,1,266,01/01/2018,20180101,1,61,January,Jan,1,2018,201801,7,3,2018,Not Month End,06/01/2017
20180107,07/01/2018,7,7,1833,Sunday,Sun,Weekend,1,266,01/01/2018,20180101,1,61,January,Jan,1,2018,201801,7,3,2018,Not Month End,07/01/2017
20180108,08/01/2018,1,8,1834,Monday,Mon,Weekday,2,267,08/01/2018,20180108,1,61,January,Jan,1,2018,201801,7,3,2018,Not Month End,08/01/2017
20180109,09/01/2018,2,9,1835,Tuesday,Tue,Weekday,2,267,08/01/2018,20180108,1,61,January,Jan,1,2018,201801,7,3,2018,Not Month End,09/01/2017
20180110,10/01/2018,3,10,1836,Wednesday,Wed,Weekday,2,267,08/01/2018,20180108,1,61,January,Jan,1,2018,201801,7,3,2018,Not Month End,10/01/2017
20180111,11/01/2018,4,11,1837,Thursday,Thu,Weekday,2,267,08/01/2018,20180108,1,61,January,Jan,1,2018,201801,7,3,2018,Not Month End,11/01/2017
20180112,12/01/2018,5,12,1838,Friday,Fri,Weekday,2,267,08/01/2018,20180108,1,61,January,Jan,1,2018,201801,7,3,2018,Not Month End,12/01/2017
20180113,13/01/2018,6,13,1839,Saturday,Sat,Weekend,2,267,08/01/2018,20180108,1,61,January,Jan,1,2018,201801,7,3,2018,Not Month End,13/01/2017
20180114,14/01/2018,7,14,1840,Sunday,Sun,Weekend,2,267,08/01/2018,20180108,1,61,January,Jan,1,2018,201801,7,3,2018,Not Month End,14/01/2017
20180115,15/01/2018,1,15,1841,Monday,Mon,Weekday,3,268,15/01/2018,20180115,1,61,January,Jan,1,2018,201801,7,3,2018,Not Month End,15/01/2017
20180116,16/01/2018,2,16,1842,Tuesday,Tue,Weekday,3,268,15/01/2018,20180115,1,61,January,Jan,1,2018,201801,7,3,2018,Not Month End,16/01/2017
20180117,17/01/2018,3,17,1843,Wednesday,Wed,Weekday,3,268,15/01/2018,20180115,1,61,January,Jan,1,2018,201801,7,3,2018,Not Month End,17/01/2017
20180118,18/01/2018,4,18,1844,Thursday,Thu,Weekday,3,268,15/01/2018,20180115,1,61,January,Jan,1,2018,201801,7,3,2018,Not Month End,18/01/2017
20180119,19/01/2018,5,19,1845,Friday,Fri,Weekday,3,268,15/01/2018,20180115,1,61,January,Jan,1,2018,201801,7,3,2018,Not Month End,19/01/2017
20180120,20/01/2018,6,20,1846,Saturday,Sat,Weekend,3,268,15/01/2018,20180115,1,61,January,Jan,1,2018,201801,7,3,2018,Not Month End,20/01/2017
20180121,21/01/2018,7,21,1847,Sunday,Sun,Weekend,3,268,15/01/2018,20180115,1,61,January,Jan,1,2018,201801,7,3,2018,Not Month End,21/01/2017
20180122,22/01/2018,1,22,1848,Monday,Mon,Weekday,4,269,22/01/2018,20180122,1,61,January,Jan,1,2018,201801,7,3,2018,Not Month End,22/01/2017
20180123,23/01/2018,2,23,1849,Tuesday,Tue,Weekday,4,269,22/01/2018,20180122,1,61,January,Jan,1,2018,201801,7,3,2018,Not Month End,23/01/2017
20180124,24/01/2018,3,24,1850,Wednesday,Wed,Weekday,4,269,22/01/2018,20180122,1,61,January,Jan,1,2018,201801,7,3,2018,Not Month End,24/01/2017
20180125,25/01/2018,4,25,1851,Thursday,Thu,Weekday,4,269,22/01/2018,20180122,1,61,January,Jan,1,2018,201801,7,3,2018,Not Month End,25/01/2017
20180126,26/01/2018,5,26,1852,Friday,Fri,Weekday,4,269,22/01/2018,20180122,1,61,January,Jan,1,2018,201801,7,3,2018,Not Month End,26/01/2017
20180127,27/01/2018,6,27,1853,Saturday,Sat,Weekend,4,269,22/01/2018,20180122,1,61,January,Jan,1,2018,201801,7,3,2018,Not Month End,27/01/2017
20180128,28/01/2018,7,28,1854,Sunday,Sun,Weekend,4,269,22/01/2018,20180122,1,61,January,Jan,1,2018,201801,7,3,2018,Not Month End,28/01/2017
20180129,29/01/2018,1,29,1855,Monday,Mon,Weekday,5,270,29/01/2018,20180129,1,61,January,Jan,1,2018,201801,7,3,2018,Not Month End,29/01/2017
20180130,30/01/2018,2,30,1856,Tuesday,Tue,Weekday,5,270,29/01/2018,20180129,1,61,January,Jan,1,2018,201801,7,3,2018,Not Month End,30/01/2017
20180131,31/01/2018,3,31,1857,Wednesday,Wed,Weekday,5,270,29/01/2018,20180129,1,61,January,Jan,1,2018,201801,7,3,2018,Month End,31/01/2017
20180201,01/02/2018,4,1,1858,Thursday,Thu,Weekday,5,270,29/01/2018,20180129,2,62,February,Feb,1,2018,201802,8,3,2018,Not Month End,01/02/2017
20180202,02/02/2018,5,2,1859,Friday,Fri,Weekday,5,270,29/01/2018,20180129,2,62,February,Feb,1,2018,201802,8,3,2018,Not Month End,02/02/2017
20180203,03/02/2018,6,3,1860,Saturday,Sat,Weekend,5,270,29/01/2018,20180129,2,62,February,Feb,1,2018,201802,8,3,2018,Not Month End,03/02/2017
20180204,04/02/2018,7,4,1861,Sunday,Sun,Weekend,5,270,29/01/2018,20180129,2,62,February,Feb,1,2018,201802,8,3,2018,Not Month End,04/02/2017
20180205,05/02/2018,1,5,1862,Monday,Mon,Weekday,6,271,05/02/2018,20180205,2,62,February,Feb,1,2018,201802,8,3,2018,Not Month End,05/02/2017
20180206,06/02/2018,2,6,1863,Tuesday,Tue,Weekday,6,271,05/02/2018,20180205,2,62,February,Feb,1,2018,201802,8,3,2018,Not Month End,06/02/2017
20180207,07/02/2018,3,7,1864,Wednesday,Wed,Weekday,6,271,05/02/2018,20180205,2,62,February,Feb,1,2018,201802,8,3,2018,Not Month End,07/02/2017
20180208,08/02/2018,4,8,1865,Thursday,Thu,Weekday,6,271,05/02/2018,20180205,2,62,February,Feb,1,2018,201802,8,3,2018,Not Month End,08/02/2017
20180209,09/02/2018,5,9,1866,Friday,Fri,Weekday,6,271,05/02/2018,20180205,2,62,February,Feb,1,2018,201802,8,3,2018,Not Month End,09/02/2017
20180210,10/02/2018,6,10,1867,Saturday,Sat,Weekend,6,271,05/02/2018,20180205,2,62,February,Feb,1,2018,201802,8,3,2018,Not Month End,10/02/2017
20180211,11/02/2018,7,11,1868,Sunday,Sun,Weekend,6,271,05/02/2018,20180205,2,62,February,Feb,1,2018,201802,8,3,2018,Not Month End,11/02/2017
20180212,12/02/2018,1,12,1869,Monday,Mon,Weekday,7,272,12/02/2018,20180212,2,62,February,Feb,1,2018,201802,8,3,2018,Not Month End,12/02/2017
20180213,13/02/2018,2,13,1870,Tuesday,Tue,Weekday,7,272,12/02/2018,20180212,2,62,February,Feb,1,2018,201802,8,3,2018,Not Month End,13/02/2017
20180214,14/02/2018,3,14,1871,Wednesday,Wed,Weekday,7,272,12/02/2018,20180212,2,62,February,Feb,1,2018,201802,8,3,2018,Not Month End,14/02/2017
20180215,15/02/2018,4,15,1872,Thursday,Thu,Weekday,7,272,12/02/2018,20180212,2,62,February,Feb,1,2018,201802,8,3,2018,Not Month End,15/02/2017
20180216,16/02/2018,5,16,1873,Friday,Fri,Weekday,7,272,12/02/2018,20180212,2,62,February,Feb,1,2018,201802,8,3,2018,Not Month End,16/02/2017
20180217,17/02/2018,6,17,1874,Saturday,Sat,Weekend,7,272,12/02/2018,20180212,2,62,February,Feb,1,2018,201802,8,3,2018,Not Month End,17/02/2017
20180218,18/02/2018,7,18,1875,Sunday,Sun,Weekend,7,272,12/02/2018,20180212,2,62,February,Feb,1,2018,201802,8,3,2018,Not Month End,18/02/2017
20180219,19/02/2018,1,19,1876,Monday,Mon,Weekday,8,273,19/02/2018,20180219,2,62,February,Feb,1,2018,201802,8,3,2018,Not Month End,19/02/2017
20180220,20/02/2018,2,20,1877,Tuesday,Tue,Weekday,8,273,19/02/2018,20180219,2,62,February,Feb,1,2018,201802,8,3,2018,Not Month End,20/02/2017
20180221,21/02/2018,3,21,1878,Wednesday,Wed,Weekday,8,273,19/02/2018,20180219,2,62,February,Feb,1,2018,201802,8,3,2018,Not Month End,21/02/2017
20180222,22/02/2018,4,22,1879,Thursday,Thu,Weekday,8,273,19/02/2018,20180219,2,62,February,Feb,1,2018,201802,8,3,2018,Not Month End,22/02/2017
20180223,23/02/2018,5,23,1880,Friday,Fri,Weekday,8,273,19/02/2018,20180219,2,62,February,Feb,1,2018,201802,8,3,2018,Not Month End,23/02/2017
20180224,24/02/2018,6,24,1881,Saturday,Sat,Weekend,8,273,19/02/2018,20180219,2,62,February,Feb,1,2018,201802,8,3,2018,Not Month End,24/02/2017
20180225,25/02/2018,7,25,1882,Sunday,Sun,Weekend,8,273,19/02/2018,20180219,2,62,February,Feb,1,2018,201802,8,3,2018,Not Month End,25/02/2017
20180226,26/02/2018,1,26,1883,Monday,Mon,Weekday,9,274,26/02/2018,20180226,2,62,February,Feb,1,2018,201802,8,3,2018,Not Month End,26/02/2017
20180227,27/02/2018,2,27,1884,Tuesday,Tue,Weekday,9,274,26/02/2018,20180226,2,62,February,Feb,1,2018,201802,8,3,2018,Not Month End,27/02/2017
20180228,28/02/2018,3,28,1885,Wednesday,Wed,Weekday,9,274,26/02/2018,20180226,2,62,February,Feb,1,2018,201802,8,3,2018,Month End,28/02/2017
20180301,01/03/2018,4,1,1886,Thursday,Thu,Weekday,9,274,26/02/2018,20180226,3,63,March,Mar,1,2018,201803,9,3,2018,Not Month End,01/03/2017
20180302,02/03/2018,5,2,1887,Friday,Fri,Weekday,9,274,26/02/2018,20180226,3,63,March,Mar,1,2018,201803,9,3,2018,Not Month End,02/03/2017
20180303,03/03/2018,6,3,1888,Saturday,Sat,Weekend,9,274,26/02/2018,20180226,3,63,March,Mar,1,2018,201803,9,3,2018,Not Month End,03/03/2017
20180304,04/03/2018,7,4,1889,Sunday,Sun,Weekend,9,274,26/02/2018,20180226,3,63,March,Mar,1,2018,201803,9,3,2018,Not Month End,04/03/2017
20180305,05/03/2018,1,5,1890,Monday,Mon,Weekday,10,275,05/03/2018,20180305,3,63,March,Mar,1,2018,201803,9,3,2018,Not Month End,05/03/2017
20180306,06/03/2018,2,6,1891,Tuesday,Tue,Weekday,10,275,05/03/2018,20180305,3,63,March,Mar,1,2018,201803,9,3,2018,Not Month End,06/03/2017
20180307,07/03/2018,3,7,1892,Wednesday,Wed,Weekday,10,275,05/03/2018,20180305,3,63,March,Mar,1,2018,201803,9,3,2018,Not Month End,07/03/2017
20180308,08/03/2018,4,8,1893,Thursday,Thu,Weekday,10,275,05/03/2018,20180305,3,63,March,Mar,1,2018,201803,9,3,2018,Not Month End,08/03/2017
20180309,09/03/2018,5,9,1894,Friday,Fri,Weekday,10,275,05/03/2018,20180305,3,63,March,Mar,1,2018,201803,9,3,2018,Not Month End,09/03/2017
20180310,10/03/2018,6,10,1895,Saturday,Sat,Weekend,10,275,05/03/2018,20180305,3,63,March,Mar,1,2018,201803,9,3,2018,Not Month End,10/03/2017
20180311,11/03/2018,7,11,1896,Sunday,Sun,Weekend,10,275,05/03/2018,20180305,3,63,March,Mar,1,2018,201803,9,3,2018,Not Month End,11/03/2017
20180312,12/03/2018,1,12,1897,Monday,Mon,Weekday,11,276,12/03/2018,20180312,3,63,March,Mar,1,2018,201803,9,3,2018,Not Month End,12/03/2017
20180313,13/03/2018,2,13,1898,Tuesday,Tue,Weekday,11,276,12/03/2018,20180312,3,63,March,Mar,1,2018,201803,9,3,2018,Not Month End,13/03/2017
20180314,14/03/2018,3,14,1899,Wednesday,Wed,Weekday,11,276,12/03/2018,20180312,3,63,March,Mar,1,2018,201803,9,3,2018,Not Month End,14/03/2017
20180315,15/03/2018,4,15,1900,Thursday,Thu,Weekday,11,276,12/03/2018,20180312,3,63,March,Mar,1,2018,201803,9,3,2018,Not Month End,15/03/2017
20180316,16/03/2018,5,16,1901,Friday,Fri,Weekday,11,276,12/03/2018,20180312,3,63,March,Mar,1,2018,201803,9,3,2018,Not Month End,16/03/2017
20180317,17/03/2018,6,17,1902,Saturday,Sat,Weekend,11,276,12/03/2018,20180312,3,63,March,Mar,1,2018,201803,9,3,2018,Not Month End,17/03/2017
20180318,18/03/2018,7,18,1903,Sunday,Sun,Weekend,11,276,12/03/2018,20180312,3,63,March,Mar,1,2018,201803,9,3,2018,Not Month End,18/03/2017
20180319,19/03/2018,1,19,1904,Monday,Mon,Weekday,12,277,19/03/2018,20180319,3,63,March,Mar,1,2018,201803,9,3,2018,Not Month End,19/03/2017
20180320,20/03/2018,2,20,1905,Tuesday,Tue,Weekday,12,277,19/03/2018,20180319,3,63,March,Mar,1,2018,201803,9,3,2018,Not Month End,20/03/2017
20180321,21/03/2018,3,21,1906,Wednesday,Wed,Weekday,12,277,19/03/2018,20180319,3,63,March,Mar,1,2018,201803,9,3,2018,Not Month End,21/03/2017
20180322,22/03/2018,4,22,1907,Thursday,Thu,Weekday,12,277,19/03/2018,20180319,3,63,March,Mar,1,2018,201803,9,3,2018,Not Month End,22/03/2017
20180323,23/03/2018,5,23,1908,Friday,Fri,Weekday,12,277,19/03/2018,20180319,3,63,March,Mar,1,2018,201803,9,3,2018,Not Month End,23/03/2017
20180324,24/03/2018,6,24,1909,Saturday,Sat,Weekend,12,277,19/03/2018,20180319,3,63,March,Mar,1,2018,201803,9,3,2018,Not Month End,24/03/2017
20180325,25/03/2018,7,25,1910,Sunday,Sun,Weekend,12,277,19/03/2018,20180319,3,63,March,Mar,1,2018,201803,9,3,2018,Not Month End,25/03/2017
20180326,26/03/2018,1,26,1911,Monday,Mon,Weekday,13,278,26/03/2018,20180326,3,63,March,Mar,1,2018,201803,9,3,2018,Not Month End,26/03/2017
20180327,27/03/2018,2,27,1912,Tuesday,Tue,Weekday,13,278,26/03/2018,20180326,3,63,March,Mar,1,2018,201803,9,3,2018,Not Month End,27/03/2017
20180328,28/03/2018,3,28,1913,Wednesday,Wed,Weekday,13,278,26/03/2018,20180326,3,63,March,Mar,1,2018,201803,9,3,2018,Not Month End,28/03/2017
20180329,29/03/2018,4,29,1914,Thursday,Thu,Weekday,13,278,26/03/2018,20180326,3,63,March,Mar,1,2018,201803,9,3,2018,Not Month End,29/03/2017
20180330,30/03/2018,5,30,1915,Friday,Fri,Weekday,13,278,26/03/2018,20180326,3,63,March,Mar,1,2018,201803,9,3,2018,Not Month End,30/03/2017
20180331,31/03/2018,6,31,1916,Saturday,Sat,Weekend,13,278,26/03/2018,20180326,3,63,March,Mar,1,2018,201803,9,3,2018,Month End,31/03/2017
20180401,01/04/2018,7,1,1917,Sunday,Sun,Weekend,13,278,26/03/2018,20180326,4,64,April,Apr,2,2018,201804,10,4,2018,Not Month End,01/04/2017
20180402,02/04/2018,1,2,1918,Monday,Mon,Weekday,14,279,02/04/2018,20180402,4,64,April,Apr,2,2018,201804,10,4,2018,Not Month End,02/04/2017
20180403,03/04/2018,2,3,1919,Tuesday,Tue,Weekday,14,279,02/04/2018,20180402,4,64,April,Apr,2,2018,201804,10,4,2018,Not Month End,03/04/2017
20180404,04/04/2018,3,4,1920,Wednesday,Wed,Weekday,14,279,02/04/2018,20180402,4,64,April,Apr,2,2018,201804,10,4,2018,Not Month End,04/04/2017
20180405,05/04/2018,4,5,1921,Thursday,Thu,Weekday,14,279,02/04/2018,20180402,4,64,April,Apr,2,2018,201804,10,4,2018,Not Month End,05/04/2017
20180406,06/04/2018,5,6,1922,Friday,Fri,Weekday,14,279,02/04/2018,20180402,4,64,April,Apr,2,2018,201804,10,4,2018,Not Month End,06/04/2017
20180407,07/04/2018,6,7,1923,Saturday,Sat,Weekend,14,279,02/04/2018,20180402,4,64,April,Apr,2,2018,201804,10,4,2018,Not Month End,07/04/2017
20180408,08/04/2018,7,8,1924,Sunday,Sun,Weekend,14,279,02/04/2018,20180402,4,64,April,Apr,2,2018,201804,10,4,2018,Not Month End,08/04/2017
20180409,09/04/2018,1,9,1925,Monday,Mon,Weekday,15,280,09/04/2018,20180409,4,64,April,Apr,2,2018,201804,10,4,2018,Not Month End,09/04/2017
20180410,10/04/2018,2,10,1926,Tuesday,Tue,Weekday,15,280,09/04/2018,20180409,4,64,April,Apr,2,2018,201804,10,4,2018,Not Month End,10/04/2017
20180411,11/04/2018,3,11,1927,Wednesday,Wed,Weekday,15,280,09/04/2018,20180409,4,64,April,Apr,2,2018,201804,10,4,2018,Not Month End,11/04/2017
20180412,12/04/2018,4,12,1928,Thursday,Thu,Weekday,15,280,09/04/2018,20180409,4,64,April,Apr,2,2018,201804,10,4,2018,Not Month End,12/04/2017
20180413,13/04/2018,5,13,1929,Friday,Fri,Weekday,15,280,09/04/2018,20180409,4,64,April,Apr,2,2018,201804,10,4,2018,Not Month End,13/04/2017
20180414,14/04/2018,6,14,1930,Saturday,Sat,Weekend,15,280,09/04/2018,20180409,4,64,April,Apr,2,2018,201804,10,4,2018,Not Month End,14/04/2017
20180415,15/04/2018,7,15,1931,Sunday,Sun,Weekend,15,280,09/04/2018,20180409,4,64,April,Apr,2,2018,201804,10,4,2018,Not Month End,15/04/2017
20180416,16/04/2018,1,16,1932,Monday,Mon,Weekday,16,281,16/04/2018,20180416,4,64,April,Apr,2,2018,201804,10,4,2018,Not Month End,16/04/2017
20180417,17/04/2018,2,17,1933,Tuesday,Tue,Weekday,16,281,16/04/2018,20180416,4,64,April,Apr,2,2018,201804,10,4,2018,Not Month End,17/04/2017
20180418,18/04/2018,3,18,1934,Wednesday,Wed,Weekday,16,281,16/04/2018,20180416,4,64,April,Apr,2,2018,201804,10,4,2018,Not Month End,18/04/2017
20180419,19/04/2018,4,19,1935,Thursday,Thu,Weekday,16,281,16/04/2018,20180416,4,64,April,Apr,2,2018,201804,10,4,2018,Not Month End,19/04/2017
20180420,20/04/2018,5,20,1936,Friday,Fri,Weekday,16,281,16/04/2018,20180416,4,64,April,Apr,2,2018,201804,10,4,2018,Not Month End,20/04/2017
20180421,21/04/2018,6,21,1937,Saturday,Sat,Weekend,16,281,16/04/2018,20180416,4,64,April,Apr,2,2018,201804,10,4,2018,Not Month End,21/04/2017
20180422,22/04/2018,7,22,1938,Sunday,Sun,Weekend,16,281,16/04/2018,20180416,4,64,April,Apr,2,2018,201804,10,4,2018,Not Month End,22/04/2017
20180423,23/04/2018,1,23,1939,Monday,Mon,Weekday,17,282,23/04/2018,20180423,4,64,April,Apr,2,2018,201804,10,4,2018,Not Month End,23/04/2017
20180424,24/04/2018,2,24,1940,Tuesday,Tue,Weekday,17,282,23/04/2018,20180423,4,64,April,Apr,2,2018,201804,10,4,2018,Not Month End,24/04/2017
20180425,25/04/2018,3,25,1941,Wednesday,Wed,Weekday,17,282,23/04/2018,20180423,4,64,April,Apr,2,2018,201804,10,4,2018,Not Month End,25/04/2017
20180426,26/04/2018,4,26,1942,Thursday,Thu,Weekday,17,282,23/04/2018,20180423,4,64,April,Apr,2,2018,201804,10,4,2018,Not Month End,26/04/2017
20180427,27/04/2018,5,27,1943,Friday,Fri,Weekday,17,282,23/04/2018,20180423,4,64,April,Apr,2,2018,201804,10,4,2018,Not Month End,27/04/2017
20180428,28/04/2018,6,28,1944,Saturday,Sat,Weekend,17,282,23/04/2018,20180423,4,64,April,Apr,2,2018,201804,10,4,2018,Not Month End,28/04/2017
20180429,29/04/2018,7,29,1945,Sunday,Sun,Weekend,17,282,23/04/2018,20180423,4,64,April,Apr,2,2018,201804,10,4,2018,Not Month End,29/04/2017
20180430,30/04/2018,1,30,1946,Monday,Mon,Weekday,18,283,30/04/2018,20180430,4,64,April,Apr,2,2018,201804,10,4,2018,Month End,30/04/2017
20180501,01/05/2018,2,1,1947,Tuesday,Tue,Weekday,18,283,30/04/2018,20180430,5,65,May,May,2,2018,201805,11,4,2018,Not Month End,01/05/2017
20180502,02/05/2018,3,2,1948,Wednesday,Wed,Weekday,18,283,30/04/2018,20180430,5,65,May,May,2,2018,201805,11,4,2018,Not Month End,02/05/2017
20180503,03/05/2018,4,3,1949,Thursday,Thu,Weekday,18,283,30/04/2018,20180430,5,65,May,May,2,2018,201805,11,4,2018,Not Month End,03/05/2017
20180504,04/05/2018,5,4,1950,Friday,Fri,Weekday,18,283,30/04/2018,20180430,5,65,May,May,2,2018,201805,11,4,2018,Not Month End,04/05/2017
20180505,05/05/2018,6,5,1951,Saturday,Sat,Weekend,18,283,30/04/2018,20180430,5,65,May,May,2,2018,201805,11,4,2018,Not Month End,05/05/2017
20180506,06/05/2018,7,6,1952,Sunday,Sun,Weekend,18,283,30/04/2018,20180430,5,65,May,May,2,2018,201805,11,4,2018,Not Month End,06/05/2017
20180507,07/05/2018,1,7,1953,Monday,Mon,Weekday,19,284,07/05/2018,20180507,5,65,May,May,2,2018,201805,11,4,2018,Not Month End,07/05/2017
20180508,08/05/2018,2,8,1954,Tuesday,Tue,Weekday,19,284,07/05/2018,20180507,5,65,May,May,2,2018,201805,11,4,2018,Not Month End,08/05/2017
20180509,09/05/2018,3,9,1955,Wednesday,Wed,Weekday,19,284,07/05/2018,20180507,5,65,May,May,2,2018,201805,11,4,2018,Not Month End,09/05/2017
20180510,10/05/2018,4,10,1956,Thursday,Thu,Weekday,19,284,07/05/2018,20180507,5,65,May,May,2,2018,201805,11,4,2018,Not Month End,10/05/2017
20180511,11/05/2018,5,11,1957,Friday,Fri,Weekday,19,284,07/05/2018,20180507,5,65,May,May,2,2018,201805,11,4,2018,Not Month End,11/05/2017
20180512,12/05/2018,6,12,1958,Saturday,Sat,Weekend,19,284,07/05/2018,20180507,5,65,May,May,2,2018,201805,11,4,2018,Not Month End,12/05/2017
20180513,13/05/2018,7,13,1959,Sunday,Sun,Weekend,19,284,07/05/2018,20180507,5,65,May,May,2,2018,201805,11,4,2018,Not Month End,13/05/2017
20180514,14/05/2018,1,14,1960,Monday,Mon,Weekday,20,285,14/05/2018,20180514,5,65,May,May,2,2018,201805,11,4,2018,Not Month End,14/05/2017
20180515,15/05/2018,2,15,1961,Tuesday,Tue,Weekday,20,285,14/05/2018,20180514,5,65,May,May,2,2018,201805,11,4,2018,Not Month End,15/05/2017
20180516,16/05/2018,3,16,1962,Wednesday,Wed,Weekday,20,285,14/05/2018,20180514,5,65,May,May,2,2018,201805,11,4,2018,Not Month End,16/05/2017
20180517,17/05/2018,4,17,1963,Thursday,Thu,Weekday,20,285,14/05/2018,20180514,5,65,May,May,2,2018,201805,11,4,2018,Not Month End,17/05/2017
20180518,18/05/2018,5,18,1964,Friday,Fri,Weekday,20,285,14/05/2018,20180514,5,65,May,May,2,2018,201805,11,4,2018,Not Month End,18/05/2017
20180519,19/05/2018,6,19,1965,Saturday,Sat,Weekend,20,285,14/05/2018,20180514,5,65,May,May,2,2018,201805,11,4,2018,Not Month End,19/05/2017
20180520,20/05/2018,7,20,1966,Sunday,Sun,Weekend,20,285,14/05/2018,20180514,5,65,May,May,2,2018,201805,11,4,2018,Not Month End,20/05/2017
20180521,21/05/2018,1,21,1967,Monday,Mon,Weekday,21,286,21/05/2018,20180521,5,65,May,May,2,2018,201805,11,4,2018,Not Month End,21/05/2017
20180522,22/05/2018,2,22,1968,Tuesday,Tue,Weekday,21,286,21/05/2018,20180521,5,65,May,May,2,2018,201805,11,4,2018,Not Month End,22/05/2017
20180523,23/05/2018,3,23,1969,Wednesday,Wed,Weekday,21,286,21/05/2018,20180521,5,65,May,May,2,2018,201805,11,4,2018,Not Month End,23/05/2017
20180524,24/05/2018,4,24,1970,Thursday,Thu,Weekday,21,286,21/05/2018,20180521,5,65,May,May,2,2018,201805,11,4,2018,Not Month End,24/05/2017
20180525,25/05/2018,5,25,1971,Friday,Fri,Weekday,21,286,21/05/2018,20180521,5,65,May,May,2,2018,201805,11,4,2018,Not Month End,25/05/2017
20180526,26/05/2018,6,26,1972,Saturday,Sat,Weekend,21,286,21/05/2018,20180521,5,65,May,May,2,2018,201805,11,4,2018,Not Month End,26/05/2017
20180527,27/05/2018,7,27,1973,Sunday,Sun,Weekend,21,286,21/05/2018,20180521,5,65,May,May,2,2018,201805,11,4,2018,Not Month End,27/05/2017
20180528,28/05/2018,1,28,1974,Monday,Mon,Weekday,22,287,28/05/2018,20180528,5,65,May,May,2,2018,201805,11,4,2018,Not Month End,28/05/2017
20180529,29/05/2018,2,29,1975,Tuesday,Tue,Weekday,22,287,28/05/2018,20180528,5,65,May,May,2,2018,201805,11,4,2018,Not Month End,29/05/2017
20180530,30/05/2018,3,30,1976,Wednesday,Wed,Weekday,22,287,28/05/2018,20180528,5,65,May,May,2,2018,201805,11,4,2018,Not Month End,30/05/2017
20180531,31/05/2018,4,31,1977,Thursday,Thu,Weekday,22,287,28/05/2018,20180528,5,65,May,May,2,2018,201805,11,4,2018,Month End,31/05/2017
20180601,01/06/2018,5,1,1978,Friday,Fri,Weekday,22,287,28/05/2018,20180528,6,66,June,Jun,2,2018,201806,12,4,2018,Not Month End,01/06/2017
20180602,02/06/2018,6,2,1979,Saturday,Sat,Weekend,22,287,28/05/2018,20180528,6,66,June,Jun,2,2018,201806,12,4,2018,Not Month End,02/06/2017
20180603,03/06/2018,7,3,1980,Sunday,Sun,Weekend,22,287,28/05/2018,20180528,6,66,June,Jun,2,2018,201806,12,4,2018,Not Month End,03/06/2017
20180604,04/06/2018,1,4,1981,Monday,Mon,Weekday,23,288,04/06/2018,20180604,6,66,June,Jun,2,2018,201806,12,4,2018,Not Month End,04/06/2017
20180605,05/06/2018,2,5,1982,Tuesday,Tue,Weekday,23,288,04/06/2018,20180604,6,66,June,Jun,2,2018,201806,12,4,2018,Not Month End,05/06/2017
20180606,06/06/2018,3,6,1983,Wednesday,Wed,Weekday,23,288,04/06/2018,20180604,6,66,June,Jun,2,2018,201806,12,4,2018,Not Month End,06/06/2017
20180607,07/06/2018,4,7,1984,Thursday,Thu,Weekday,23,288,04/06/2018,20180604,6,66,June,Jun,2,2018,201806,12,4,2018,Not Month End,07/06/2017
20180608,08/06/2018,5,8,1985,Friday,Fri,Weekday,23,288,04/06/2018,20180604,6,66,June,Jun,2,2018,201806,12,4,2018,Not Month End,08/06/2017
20180609,09/06/2018,6,9,1986,Saturday,Sat,Weekend,23,288,04/06/2018,20180604,6,66,June,Jun,2,2018,201806,12,4,2018,Not Month End,09/06/2017
20180610,10/06/2018,7,10,1987,Sunday,Sun,Weekend,23,288,04/06/2018,20180604,6,66,June,Jun,2,2018,201806,12,4,2018,Not Month End,10/06/2017
20180611,11/06/2018,1,11,1988,Monday,Mon,Weekday,24,289,11/06/2018,20180611,6,66,June,Jun,2,2018,201806,12,4,2018,Not Month End,11/06/2017
20180612,12/06/2018,2,12,1989,Tuesday,Tue,Weekday,24,289,11/06/2018,20180611,6,66,June,Jun,2,2018,201806,12,4,2018,Not Month End,12/06/2017
20180613,13/06/2018,3,13,1990,Wednesday,Wed,Weekday,24,289,11/06/2018,20180611,6,66,June,Jun,2,2018,201806,12,4,2018,Not Month End,13/06/2017
20180614,14/06/2018,4,14,1991,Thursday,Thu,Weekday,24,289,11/06/2018,20180611,6,66,June,Jun,2,2018,201806,12,4,2018,Not Month End,14/06/2017
20180615,15/06/2018,5,15,1992,Friday,Fri,Weekday,24,289,11/06/2018,20180611,6,66,June,Jun,2,2018,201806,12,4,2018,Not Month End,15/06/2017
20180616,16/06/2018,6,16,1993,Saturday,Sat,Weekend,24,289,11/06/2018,20180611,6,66,June,Jun,2,2018,201806,12,4,2018,Not Month End,16/06/2017
20180617,17/06/2018,7,17,1994,Sunday,Sun,Weekend,24,289,11/06/2018,20180611,6,66,June,Jun,2,2018,201806,12,4,2018,Not Month End,17/06/2017
20180618,18/06/2018,1,18,1995,Monday,Mon,Weekday,25,290,18/06/2018,20180618,6,66,June,Jun,2,2018,201806,12,4,2018,Not Month End,18/06/2017
20180619,19/06/2018,2,19,1996,Tuesday,Tue,Weekday,25,290,18/06/2018,20180618,6,66,June,Jun,2,2018,201806,12,4,2018,Not Month End,19/06/2017
20180620,20/06/2018,3,20,1997,Wednesday,Wed,Weekday,25,290,18/06/2018,20180618,6,66,June,Jun,2,2018,201806,12,4,2018,Not Month End,20/06/2017
20180621,21/06/2018,4,21,1998,Thursday,Thu,Weekday,25,290,18/06/2018,20180618,6,66,June,Jun,2,2018,201806,12,4,2018,Not Month End,21/06/2017
20180622,22/06/2018,5,22,1999,Friday,Fri,Weekday,25,290,18/06/2018,20180618,6,66,June,Jun,2,2018,201806,12,4,2018,Not Month End,22/06/2017
20180623,23/06/2018,6,23,2000,Saturday,Sat,Weekend,25,290,18/06/2018,20180618,6,66,June,Jun,2,2018,201806,12,4,2018,Not Month End,23/06/2017
20180624,24/06/2018,7,24,2001,Sunday,Sun,Weekend,25,290,18/06/2018,20180618,6,66,June,Jun,2,2018,201806,12,4,2018,Not Month End,24/06/2017
20180625,25/06/2018,1,25,2002,Monday,Mon,Weekday,26,291,25/06/2018,20180625,6,66,June,Jun,2,2018,201806,12,4,2018,Not Month End,25/06/2017
20180626,26/06/2018,2,26,2003,Tuesday,Tue,Weekday,26,291,25/06/2018,20180625,6,66,June,Jun,2,2018,201806,12,4,2018,Not Month End,26/06/2017
20180627,27/06/2018,3,27,2004,Wednesday,Wed,Weekday,26,291,25/06/2018,20180625,6,66,June,Jun,2,2018,201806,12,4,2018,Not Month End,27/06/2017
20180628,28/06/2018,4,28,2005,Thursday,Thu,Weekday,26,291,25/06/2018,20180625,6,66,June,Jun,2,2018,201806,12,4,2018,Not Month End,28/06/2017
20180629,29/06/2018,5,29,2006,Friday,Fri,Weekday,26,291,25/06/2018,20180625,6,66,June,Jun,2,2018,201806,12,4,2018,Not Month End,29/06/2017
20180630,30/06/2018,6,30,2007,Saturday,Sat,Weekend,26,291,25/06/2018,20180625,6,66,June,Jun,2,2018,201806,12,4,2018,Month End,30/06/2017
20180701,01/07/2018,7,1,2008,Sunday,Sun,Weekend,26,291,25/06/2018,20180625,7,67,July,Jul,3,2018,201807,1,1,2019,Not Month End,01/07/2017
20180702,02/07/2018,1,2,2009,Monday,Mon,Weekday,27,292,02/07/2018,20180702,7,67,July,Jul,3,2018,201807,1,1,2019,Not Month End,02/07/2017
20180703,03/07/2018,2,3,2010,Tuesday,Tue,Weekday,27,292,02/07/2018,20180702,7,67,July,Jul,3,2018,201807,1,1,2019,Not Month End,03/07/2017
20180704,04/07/2018,3,4,2011,Wednesday,Wed,Weekday,27,292,02/07/2018,20180702,7,67,July,Jul,3,2018,201807,1,1,2019,Not Month End,04/07/2017
20180705,05/07/2018,4,5,2012,Thursday,Thu,Weekday,27,292,02/07/2018,20180702,7,67,July,Jul,3,2018,201807,1,1,2019,Not Month End,05/07/2017
20180706,06/07/2018,5,6,2013,Friday,Fri,Weekday,27,292,02/07/2018,20180702,7,67,July,Jul,3,2018,201807,1,1,2019,Not Month End,06/07/2017
20180707,07/07/2018,6,7,2014,Saturday,Sat,Weekend,27,292,02/07/2018,20180702,7,67,July,Jul,3,2018,201807,1,1,2019,Not Month End,07/07/2017
20180708,08/07/2018,7,8,2015,Sunday,Sun,Weekend,27,292,02/07/2018,20180702,7,67,July,Jul,3,2018,201807,1,1,2019,Not Month End,08/07/2017
20180709,09/07/2018,1,9,2016,Monday,Mon,Weekday,28,293,09/07/2018,20180709,7,67,July,Jul,3,2018,201807,1,1,2019,Not Month End,09/07/2017
20180710,10/07/2018,2,10,2017,Tuesday,Tue,Weekday,28,293,09/07/2018,20180709,7,67,July,Jul,3,2018,201807,1,1,2019,Not Month End,10/07/2017
20180711,11/07/2018,3,11,2018,Wednesday,Wed,Weekday,28,293,09/07/2018,20180709,7,67,July,Jul,3,2018,201807,1,1,2019,Not Month End,11/07/2017
20180712,12/07/2018,4,12,2019,Thursday,Thu,Weekday,28,293,09/07/2018,20180709,7,67,July,Jul,3,2018,201807,1,1,2019,Not Month End,12/07/2017
20180713,13/07/2018,5,13,2020,Friday,Fri,Weekday,28,293,09/07/2018,20180709,7,67,July,Jul,3,2018,201807,1,1,2019,Not Month End,13/07/2017
20180714,14/07/2018,6,14,2021,Saturday,Sat,Weekend,28,293,09/07/2018,20180709,7,67,July,Jul,3,2018,201807,1,1,2019,Not Month End,14/07/2017
20180715,15/07/2018,7,15,2022,Sunday,Sun,Weekend,28,293,09/07/2018,20180709,7,67,July,Jul,3,2018,201807,1,1,2019,Not Month End,15/07/2017
20180716,16/07/2018,1,16,2023,Monday,Mon,Weekday,29,294,16/07/2018,20180716,7,67,July,Jul,3,2018,201807,1,1,2019,Not Month End,16/07/2017
20180717,17/07/2018,2,17,2024,Tuesday,Tue,Weekday,29,294,16/07/2018,20180716,7,67,July,Jul,3,2018,201807,1,1,2019,Not Month End,17/07/2017
20180718,18/07/2018,3,18,2025,Wednesday,Wed,Weekday,29,294,16/07/2018,20180716,7,67,July,Jul,3,2018,201807,1,1,2019,Not Month End,18/07/2017
20180719,19/07/2018,4,19,2026,Thursday,Thu,Weekday,29,294,16/07/2018,20180716,7,67,July,Jul,3,2018,201807,1,1,2019,Not Month End,19/07/2017
20180720,20/07/2018,5,20,2027,Friday,Fri,Weekday,29,294,16/07/2018,20180716,7,67,July,Jul,3,2018,201807,1,1,2019,Not Month End,20/07/2017
20180721,21/07/2018,6,21,2028,Saturday,Sat,Weekend,29,294,16/07/2018,20180716,7,67,July,Jul,3,2018,201807,1,1,2019,Not Month End,21/07/2017
20180722,22/07/2018,7,22,2029,Sunday,Sun,Weekend,29,294,16/07/2018,20180716,7,67,July,Jul,3,2018,201807,1,1,2019,Not Month End,22/07/2017
20180723,23/07/2018,1,23,2030,Monday,Mon,Weekday,30,295,23/07/2018,20180723,7,67,July,Jul,3,2018,201807,1,1,2019,Not Month End,23/07/2017
20180724,24/07/2018,2,24,2031,Tuesday,Tue,Weekday,30,295,23/07/2018,20180723,7,67,July,Jul,3,2018,201807,1,1,2019,Not Month End,24/07/2017
20180725,25/07/2018,3,25,2032,Wednesday,Wed,Weekday,30,295,23/07/2018,20180723,7,67,July,Jul,3,2018,201807,1,1,2019,Not Month End,25/07/2017
20180726,26/07/2018,4,26,2033,Thursday,Thu,Weekday,30,295,23/07/2018,20180723,7,67,July,Jul,3,2018,201807,1,1,2019,Not Month End,26/07/2017
20180727,27/07/2018,5,27,2034,Friday,Fri,Weekday,30,295,23/07/2018,20180723,7,67,July,Jul,3,2018,201807,1,1,2019,Not Month End,27/07/2017
20180728,28/07/2018,6,28,2035,Saturday,Sat,Weekend,30,295,23/07/2018,20180723,7,67,July,Jul,3,2018,201807,1,1,2019,Not Month End,28/07/2017
20180729,29/07/2018,7,29,2036,Sunday,Sun,Weekend,30,295,23/07/2018,20180723,7,67,July,Jul,3,2018,201807,1,1,2019,Not Month End,29/07/2017
20180730,30/07/2018,1,30,2037,Monday,Mon,Weekday,31,296,30/07/2018,20180730,7,67,July,Jul,3,2018,201807,1,1,2019,Not Month End,30/07/2017
20180731,31/07/2018,2,31,2038,Tuesday,Tue,Weekday,31,296,30/07/2018,20180730,7,67,July,Jul,3,2018,201807,1,1,2019,Month End,31/07/2017
20180801,01/08/2018,3,1,2039,Wednesday,Wed,Weekday,31,296,30/07/2018,20180730,8,68,August,Aug,3,2018,201808,2,1,2019,Not Month End,01/08/2017
20180802,02/08/2018,4,2,2040,Thursday,Thu,Weekday,31,296,30/07/2018,20180730,8,68,August,Aug,3,2018,201808,2,1,2019,Not Month End,02/08/2017
20180803,03/08/2018,5,3,2041,Friday,Fri,Weekday,31,296,30/07/2018,20180730,8,68,August,Aug,3,2018,201808,2,1,2019,Not Month End,03/08/2017
20180804,04/08/2018,6,4,2042,Saturday,Sat,Weekend,31,296,30/07/2018,20180730,8,68,August,Aug,3,2018,201808,2,1,2019,Not Month End,04/08/2017
20180805,05/08/2018,7,5,2043,Sunday,Sun,Weekend,31,296,30/07/2018,20180730,8,68,August,Aug,3,2018,201808,2,1,2019,Not Month End,05/08/2017
20180806,06/08/2018,1,6,2044,Monday,Mon,Weekday,32,297,06/08/2018,20180806,8,68,August,Aug,3,2018,201808,2,1,2019,Not Month End,06/08/2017
20180807,07/08/2018,2,7,2045,Tuesday,Tue,Weekday,32,297,06/08/2018,20180806,8,68,August,Aug,3,2018,201808,2,1,2019,Not Month End,07/08/2017
20180808,08/08/2018,3,8,2046,Wednesday,Wed,Weekday,32,297,06/08/2018,20180806,8,68,August,Aug,3,2018,201808,2,1,2019,Not Month End,08/08/2017
20180809,09/08/2018,4,9,2047,Thursday,Thu,Weekday,32,297,06/08/2018,20180806,8,68,August,Aug,3,2018,201808,2,1,2019,Not Month End,09/08/2017
20180810,10/08/2018,5,10,2048,Friday,Fri,Weekday,32,297,06/08/2018,20180806,8,68,August,Aug,3,2018,201808,2,1,2019,Not Month End,10/08/2017
20180811,11/08/2018,6,11,2049,Saturday,Sat,Weekend,32,297,06/08/2018,20180806,8,68,August,Aug,3,2018,201808,2,1,2019,Not Month End,11/08/2017
20180812,12/08/2018,7,12,2050,Sunday,Sun,Weekend,32,297,06/08/2018,20180806,8,68,August,Aug,3,2018,201808,2,1,2019,Not Month End,12/08/2017
20180813,13/08/2018,1,13,2051,Monday,Mon,Weekday,33,298,13/08/2018,20180813,8,68,August,Aug,3,2018,201808,2,1,2019,Not Month End,13/08/2017
20180814,14/08/2018,2,14,2052,Tuesday,Tue,Weekday,33,298,13/08/2018,20180813,8,68,August,Aug,3,2018,201808,2,1,2019,Not Month End,14/08/2017
20180815,15/08/2018,3,15,2053,Wednesday,Wed,Weekday,33,298,13/08/2018,20180813,8,68,August,Aug,3,2018,201808,2,1,2019,Not Month End,15/08/2017
20180816,16/08/2018,4,16,2054,Thursday,Thu,Weekday,33,298,13/08/2018,20180813,8,68,August,Aug,3,2018,201808,2,1,2019,Not Month End,16/08/2017
20180817,17/08/2018,5,17,2055,Friday,Fri,Weekday,33,298,13/08/2018,20180813,8,68,August,Aug,3,2018,201808,2,1,2019,Not Month End,17/08/2017
20180818,18/08/2018,6,18,2056,Saturday,Sat,Weekend,33,298,13/08/2018,20180813,8,68,August,Aug,3,2018,201808,2,1,2019,Not Month End,18/08/2017
20180819,19/08/2018,7,19,2057,Sunday,Sun,Weekend,33,298,13/08/2018,20180813,8,68,August,Aug,3,2018,201808,2,1,2019,Not Month End,19/08/2017
20180820,20/08/2018,1,20,2058,Monday,Mon,Weekday,34,299,20/08/2018,20180820,8,68,August,Aug,3,2018,201808,2,1,2019,Not Month End,20/08/2017
20180821,21/08/2018,2,21,2059,Tuesday,Tue,Weekday,34,299,20/08/2018,20180820,8,68,August,Aug,3,2018,201808,2,1,2019,Not Month End,21/08/2017
20180822,22/08/2018,3,22,2060,Wednesday,Wed,Weekday,34,299,20/08/2018,20180820,8,68,August,Aug,3,2018,201808,2,1,2019,Not Month End,22/08/2017
20180823,23/08/2018,4,23,2061,Thursday,Thu,Weekday,34,299,20/08/2018,20180820,8,68,August,Aug,3,2018,201808,2,1,2019,Not Month End,23/08/2017
20180824,24/08/2018,5,24,2062,Friday,Fri,Weekday,34,299,20/08/2018,20180820,8,68,August,Aug,3,2018,201808,2,1,2019,Not Month End,24/08/2017
20180825,25/08/2018,6,25,2063,Saturday,Sat,Weekend,34,299,20/08/2018,20180820,8,68,August,Aug,3,2018,201808,2,1,2019,Not Month End,25/08/2017
20180826,26/08/2018,7,26,2064,Sunday,Sun,Weekend,34,299,20/08/2018,20180820,8,68,August,Aug,3,2018,201808,2,1,2019,Not Month End,26/08/2017
20180827,27/08/2018,1,27,2065,Monday,Mon,Weekday,35,300,27/08/2018,20180827,8,68,August,Aug,3,2018,201808,2,1,2019,Not Month End,27/08/2017
20180828,28/08/2018,2,28,2066,Tuesday,Tue,Weekday,35,300,27/08/2018,20180827,8,68,August,Aug,3,2018,201808,2,1,2019,Not Month End,28/08/2017
20180829,29/08/2018,3,29,2067,Wednesday,Wed,Weekday,35,300,27/08/2018,20180827,8,68,August,Aug,3,2018,201808,2,1,2019,Not Month End,29/08/2017
20180830,30/08/2018,4,30,2068,Thursday,Thu,Weekday,35,300,27/08/2018,20180827,8,68,August,Aug,3,2018,201808,2,1,2019,Not Month End,30/08/2017
20180831,31/08/2018,5,31,2069,Friday,Fri,Weekday,35,300,27/08/2018,20180827,8,68,August,Aug,3,2018,201808,2,1,2019,Month End,31/08/2017
20180901,01/09/2018,6,1,2070,Saturday,Sat,Weekend,35,300,27/08/2018,20180827,9,69,September,Sep,3,2018,201809,3,1,2019,Not Month End,01/09/2017
20180902,02/09/2018,7,2,2071,Sunday,Sun,Weekend,35,300,27/08/2018,20180827,9,69,September,Sep,3,2018,201809,3,1,2019,Not Month End,02/09/2017
20180903,03/09/2018,1,3,2072,Monday,Mon,Weekday,36,301,03/09/2018,20180903,9,69,September,Sep,3,2018,201809,3,1,2019,Not Month End,03/09/2017
20180904,04/09/2018,2,4,2073,Tuesday,Tue,Weekday,36,301,03/09/2018,20180903,9,69,September,Sep,3,2018,201809,3,1,2019,Not Month End,04/09/2017
20180905,05/09/2018,3,5,2074,Wednesday,Wed,Weekday,36,301,03/09/2018,20180903,9,69,September,Sep,3,2018,201809,3,1,2019,Not Month End,05/09/2017
20180906,06/09/2018,4,6,2075,Thursday,Thu,Weekday,36,301,03/09/2018,20180903,9,69,September,Sep,3,2018,201809,3,1,2019,Not Month End,06/09/2017
20180907,07/09/2018,5,7,2076,Friday,Fri,Weekday,36,301,03/09/2018,20180903,9,69,September,Sep,3,2018,201809,3,1,2019,Not Month End,07/09/2017
20180908,08/09/2018,6,8,2077,Saturday,Sat,Weekend,36,301,03/09/2018,20180903,9,69,September,Sep,3,2018,201809,3,1,2019,Not Month End,08/09/2017
20180909,09/09/2018,7,9,2078,Sunday,Sun,Weekend,36,301,03/09/2018,20180903,9,69,September,Sep,3,2018,201809,3,1,2019,Not Month End,09/09/2017
20180910,10/09/2018,1,10,2079,Monday,Mon,Weekday,37,302,10/09/2018,20180910,9,69,September,Sep,3,2018,201809,3,1,2019,Not Month End,10/09/2017
20180911,11/09/2018,2,11,2080,Tuesday,Tue,Weekday,37,302,10/09/2018,20180910,9,69,September,Sep,3,2018,201809,3,1,2019,Not Month End,11/09/2017
20180912,12/09/2018,3,12,2081,Wednesday,Wed,Weekday,37,302,10/09/2018,20180910,9,69,September,Sep,3,2018,201809,3,1,2019,Not Month End,12/09/2017
20180913,13/09/2018,4,13,2082,Thursday,Thu,Weekday,37,302,10/09/2018,20180910,9,69,September,Sep,3,2018,201809,3,1,2019,Not Month End,13/09/2017
20180914,14/09/2018,5,14,2083,Friday,Fri,Weekday,37,302,10/09/2018,20180910,9,69,September,Sep,3,2018,201809,3,1,2019,Not Month End,14/09/2017
20180915,15/09/2018,6,15,2084,Saturday,Sat,Weekend,37,302,10/09/2018,20180910,9,69,September,Sep,3,2018,201809,3,1,2019,Not Month End,15/09/2017
20180916,16/09/2018,7,16,2085,Sunday,Sun,Weekend,37,302,10/09/2018,20180910,9,69,September,Sep,3,2018,201809,3,1,2019,Not Month End,16/09/2017
20180917,17/09/2018,1,17,2086,Monday,Mon,Weekday,38,303,17/09/2018,20180917,9,69,September,Sep,3,2018,201809,3,1,2019,Not Month End,17/09/2017
20180918,18/09/2018,2,18,2087,Tuesday,Tue,Weekday,38,303,17/09/2018,20180917,9,69,September,Sep,3,2018,201809,3,1,2019,Not Month End,18/09/2017
20180919,19/09/2018,3,19,2088,Wednesday,Wed,Weekday,38,303,17/09/2018,20180917,9,69,September,Sep,3,2018,201809,3,1,2019,Not Month End,19/09/2017
20180920,20/09/2018,4,20,2089,Thursday,Thu,Weekday,38,303,17/09/2018,20180917,9,69,September,Sep,3,2018,201809,3,1,2019,Not Month End,20/09/2017
20180921,21/09/2018,5,21,2090,Friday,Fri,Weekday,38,303,17/09/2018,20180917,9,69,September,Sep,3,2018,201809,3,1,2019,Not Month End,21/09/2017
20180922,22/09/2018,6,22,2091,Saturday,Sat,Weekend,38,303,17/09/2018,20180917,9,69,September,Sep,3,2018,201809,3,1,2019,Not Month End,22/09/2017
20180923,23/09/2018,7,23,2092,Sunday,Sun,Weekend,38,303,17/09/2018,20180917,9,69,September,Sep,3,2018,201809,3,1,2019,Not Month End,23/09/2017
20180924,24/09/2018,1,24,2093,Monday,Mon,Weekday,39,304,24/09/2018,20180924,9,69,September,Sep,3,2018,201809,3,1,2019,Not Month End,24/09/2017
20180925,25/09/2018,2,25,2094,Tuesday,Tue,Weekday,39,304,24/09/2018,20180924,9,69,September,Sep,3,2018,201809,3,1,2019,Not Month End,25/09/2017
20180926,26/09/2018,3,26,2095,Wednesday,Wed,Weekday,39,304,24/09/2018,20180924,9,69,September,Sep,3,2018,201809,3,1,2019,Not Month End,26/09/2017
20180927,27/09/2018,4,27,2096,Thursday,Thu,Weekday,39,304,24/09/2018,20180924,9,69,September,Sep,3,2018,201809,3,1,2019,Not Month End,27/09/2017
20180928,28/09/2018,5,28,2097,Friday,Fri,Weekday,39,304,24/09/2018,20180924,9,69,September,Sep,3,2018,201809,3,1,2019,Not Month End,28/09/2017
20180929,29/09/2018,6,29,2098,Saturday,Sat,Weekend,39,304,24/09/2018,20180924,9,69,September,Sep,3,2018,201809,3,1,2019,Not Month End,29/09/2017
20180930,30/09/2018,7,30,2099,Sunday,Sun,Weekend,39,304,24/09/2018,20180924,9,69,September,Sep,3,2018,201809,3,1,2019,Month End,30/09/2017
20181001,01/10/2018,1,1,2100,Monday,Mon,Weekday,40,305,01/10/2018,20181001,10,70,October,Oct,4,2018,201810,4,2,2019,Not Month End,01/10/2017
20181002,02/10/2018,2,2,2101,Tuesday,Tue,Weekday,40,305,01/10/2018,20181001,10,70,October,Oct,4,2018,201810,4,2,2019,Not Month End,02/10/2017
20181003,03/10/2018,3,3,2102,Wednesday,Wed,Weekday,40,305,01/10/2018,20181001,10,70,October,Oct,4,2018,201810,4,2,2019,Not Month End,03/10/2017
20181004,04/10/2018,4,4,2103,Thursday,Thu,Weekday,40,305,01/10/2018,20181001,10,70,October,Oct,4,2018,201810,4,2,2019,Not Month End,04/10/2017
20181005,05/10/2018,5,5,2104,Friday,Fri,Weekday,40,305,01/10/2018,20181001,10,70,October,Oct,4,2018,201810,4,2,2019,Not Month End,05/10/2017
20181006,06/10/2018,6,6,2105,Saturday,Sat,Weekend,40,305,01/10/2018,20181001,10,70,October,Oct,4,2018,201810,4,2,2019,Not Month End,06/10/2017
20181007,07/10/2018,7,7,2106,Sunday,Sun,Weekend,40,305,01/10/2018,20181001,10,70,October,Oct,4,2018,201810,4,2,2019,Not Month End,07/10/2017
20181008,08/10/2018,1,8,2107,Monday,Mon,Weekday,41,306,08/10/2018,20181008,10,70,October,Oct,4,2018,201810,4,2,2019,Not Month End,08/10/2017
20181009,09/10/2018,2,9,2108,Tuesday,Tue,Weekday,41,306,08/10/2018,20181008,10,70,October,Oct,4,2018,201810,4,2,2019,Not Month End,09/10/2017
20181010,10/10/2018,3,10,2109,Wednesday,Wed,Weekday,41,306,08/10/2018,20181008,10,70,October,Oct,4,2018,201810,4,2,2019,Not Month End,10/10/2017
20181011,11/10/2018,4,11,2110,Thursday,Thu,Weekday,41,306,08/10/2018,20181008,10,70,October,Oct,4,2018,201810,4,2,2019,Not Month End,11/10/2017
20181012,12/10/2018,5,12,2111,Friday,Fri,Weekday,41,306,08/10/2018,20181008,10,70,October,Oct,4,2018,201810,4,2,2019,Not Month End,12/10/2017
20181013,13/10/2018,6,13,2112,Saturday,Sat,Weekend,41,306,08/10/2018,20181008,10,70,October,Oct,4,2018,201810,4,2,2019,Not Month End,13/10/2017
20181014,14/10/2018,7,14,2113,Sunday,Sun,Weekend,41,306,08/10/2018,20181008,10,70,October,Oct,4,2018,201810,4,2,2019,Not Month End,14/10/2017
20181015,15/10/2018,1,15,2114,Monday,Mon,Weekday,42,307,15/10/2018,20181015,10,70,October,Oct,4,2018,201810,4,2,2019,Not Month End,15/10/2017
20181016,16/10/2018,2,16,2115,Tuesday,Tue,Weekday,42,307,15/10/2018,20181015,10,70,October,Oct,4,2018,201810,4,2,2019,Not Month End,16/10/2017
20181017,17/10/2018,3,17,2116,Wednesday,Wed,Weekday,42,307,15/10/2018,20181015,10,70,October,Oct,4,2018,201810,4,2,2019,Not Month End,17/10/2017
20181018,18/10/2018,4,18,2117,Thursday,Thu,Weekday,42,307,15/10/2018,20181015,10,70,October,Oct,4,2018,201810,4,2,2019,Not Month End,18/10/2017
20181019,19/10/2018,5,19,2118,Friday,Fri,Weekday,42,307,15/10/2018,20181015,10,70,October,Oct,4,2018,201810,4,2,2019,Not Month End,19/10/2017
20181020,20/10/2018,6,20,2119,Saturday,Sat,Weekend,42,307,15/10/2018,20181015,10,70,October,Oct,4,2018,201810,4,2,2019,Not Month End,20/10/2017
20181021,21/10/2018,7,21,2120,Sunday,Sun,Weekend,42,307,15/10/2018,20181015,10,70,October,Oct,4,2018,201810,4,2,2019,Not Month End,21/10/2017
20181022,22/10/2018,1,22,2121,Monday,Mon,Weekday,43,308,22/10/2018,20181022,10,70,October,Oct,4,2018,201810,4,2,2019,Not Month End,22/10/2017
20181023,23/10/2018,2,23,2122,Tuesday,Tue,Weekday,43,308,22/10/2018,20181022,10,70,October,Oct,4,2018,201810,4,2,2019,Not Month End,23/10/2017
20181024,24/10/2018,3,24,2123,Wednesday,Wed,Weekday,43,308,22/10/2018,20181022,10,70,October,Oct,4,2018,201810,4,2,2019,Not Month End,24/10/2017
20181025,25/10/2018,4,25,2124,Thursday,Thu,Weekday,43,308,22/10/2018,20181022,10,70,October,Oct,4,2018,201810,4,2,2019,Not Month End,25/10/2017
20181026,26/10/2018,5,26,2125,Friday,Fri,Weekday,43,308,22/10/2018,20181022,10,70,October,Oct,4,2018,201810,4,2,2019,Not Month End,26/10/2017
20181027,27/10/2018,6,27,2126,Saturday,Sat,Weekend,43,308,22/10/2018,20181022,10,70,October,Oct,4,2018,201810,4,2,2019,Not Month End,27/10/2017
20181028,28/10/2018,7,28,2127,Sunday,Sun,Weekend,43,308,22/10/2018,20181022,10,70,October,Oct,4,2018,201810,4,2,2019,Not Month End,28/10/2017
20181029,29/10/2018,1,29,2128,Monday,Mon,Weekday,44,309,29/10/2018,20181029,10,70,October,Oct,4,2018,201810,4,2,2019,Not Month End,29/10/2017
20181030,30/10/2018,2,30,2129,Tuesday,Tue,Weekday,44,309,29/10/2018,20181029,10,70,October,Oct,4,2018,201810,4,2,2019,Not Month End,30/10/2017
20181031,31/10/2018,3,31,2130,Wednesday,Wed,Weekday,44,309,29/10/2018,20181029,10,70,October,Oct,4,2018,201810,4,2,2019,Month End,31/10/2017
20181101,01/11/2018,4,1,2131,Thursday,Thu,Weekday,44,309,29/10/2018,20181029,11,71,November,Nov,4,2018,201811,5,2,2019,Not Month End,01/11/2017
20181102,02/11/2018,5,2,2132,Friday,Fri,Weekday,44,309,29/10/2018,20181029,11,71,November,Nov,4,2018,201811,5,2,2019,Not Month End,02/11/2017
20181103,03/11/2018,6,3,2133,Saturday,Sat,Weekend,44,309,29/10/2018,20181029,11,71,November,Nov,4,2018,201811,5,2,2019,Not Month End,03/11/2017
20181104,04/11/2018,7,4,2134,Sunday,Sun,Weekend,44,309,29/10/2018,20181029,11,71,November,Nov,4,2018,201811,5,2,2019,Not Month End,04/11/2017
20181105,05/11/2018,1,5,2135,Monday,Mon,Weekday,45,310,05/11/2018,20181105,11,71,November,Nov,4,2018,201811,5,2,2019,Not Month End,05/11/2017
20181106,06/11/2018,2,6,2136,Tuesday,Tue,Weekday,45,310,05/11/2018,20181105,11,71,November,Nov,4,2018,201811,5,2,2019,Not Month End,06/11/2017
20181107,07/11/2018,3,7,2137,Wednesday,Wed,Weekday,45,310,05/11/2018,20181105,11,71,November,Nov,4,2018,201811,5,2,2019,Not Month End,07/11/2017
20181108,08/11/2018,4,8,2138,Thursday,Thu,Weekday,45,310,05/11/2018,20181105,11,71,November,Nov,4,2018,201811,5,2,2019,Not Month End,08/11/2017
20181109,09/11/2018,5,9,2139,Friday,Fri,Weekday,45,310,05/11/2018,20181105,11,71,November,Nov,4,2018,201811,5,2,2019,Not Month End,09/11/2017
20181110,10/11/2018,6,10,2140,Saturday,Sat,Weekend,45,310,05/11/2018,20181105,11,71,November,Nov,4,2018,201811,5,2,2019,Not Month End,10/11/2017
20181111,11/11/2018,7,11,2141,Sunday,Sun,Weekend,45,310,05/11/2018,20181105,11,71,November,Nov,4,2018,201811,5,2,2019,Not Month End,11/11/2017
20181112,12/11/2018,1,12,2142,Monday,Mon,Weekday,46,311,12/11/2018,20181112,11,71,November,Nov,4,2018,201811,5,2,2019,Not Month End,12/11/2017
20181113,13/11/2018,2,13,2143,Tuesday,Tue,Weekday,46,311,12/11/2018,20181112,11,71,November,Nov,4,2018,201811,5,2,2019,Not Month End,13/11/2017
20181114,14/11/2018,3,14,2144,Wednesday,Wed,Weekday,46,311,12/11/2018,20181112,11,71,November,Nov,4,2018,201811,5,2,2019,Not Month End,14/11/2017
20181115,15/11/2018,4,15,2145,Thursday,Thu,Weekday,46,311,12/11/2018,20181112,11,71,November,Nov,4,2018,201811,5,2,2019,Not Month End,15/11/2017
20181116,16/11/2018,5,16,2146,Friday,Fri,Weekday,46,311,12/11/2018,20181112,11,71,November,Nov,4,2018,201811,5,2,2019,Not Month End,16/11/2017
20181117,17/11/2018,6,17,2147,Saturday,Sat,Weekend,46,311,12/11/2018,20181112,11,71,November,Nov,4,2018,201811,5,2,2019,Not Month End,17/11/2017
20181118,18/11/2018,7,18,2148,Sunday,Sun,Weekend,46,311,12/11/2018,20181112,11,71,November,Nov,4,2018,201811,5,2,2019,Not Month End,18/11/2017
20181119,19/11/2018,1,19,2149,Monday,Mon,Weekday,47,312,19/11/2018,20181119,11,71,November,Nov,4,2018,201811,5,2,2019,Not Month End,19/11/2017
20181120,20/11/2018,2,20,2150,Tuesday,Tue,Weekday,47,312,19/11/2018,20181119,11,71,November,Nov,4,2018,201811,5,2,2019,Not Month End,20/11/2017
20181121,21/11/2018,3,21,2151,Wednesday,Wed,Weekday,47,312,19/11/2018,20181119,11,71,November,Nov,4,2018,201811,5,2,2019,Not Month End,21/11/2017
20181122,22/11/2018,4,22,2152,Thursday,Thu,Weekday,47,312,19/11/2018,20181119,11,71,November,Nov,4,2018,201811,5,2,2019,Not Month End,22/11/2017
20181123,23/11/2018,5,23,2153,Friday,Fri,Weekday,47,312,19/11/2018,20181119,11,71,November,Nov,4,2018,201811,5,2,2019,Not Month End,23/11/2017
20181124,24/11/2018,6,24,2154,Saturday,Sat,Weekend,47,312,19/11/2018,20181119,11,71,November,Nov,4,2018,201811,5,2,2019,Not Month End,24/11/2017
20181125,25/11/2018,7,25,2155,Sunday,Sun,Weekend,47,312,19/11/2018,20181119,11,71,November,Nov,4,2018,201811,5,2,2019,Not Month End,25/11/2017
20181126,26/11/2018,1,26,2156,Monday,Mon,Weekday,48,313,26/11/2018,20181126,11,71,November,Nov,4,2018,201811,5,2,2019,Not Month End,26/11/2017
20181127,27/11/2018,2,27,2157,Tuesday,Tue,Weekday,48,313,26/11/2018,20181126,11,71,November,Nov,4,2018,201811,5,2,2019,Not Month End,27/11/2017
20181128,28/11/2018,3,28,2158,Wednesday,Wed,Weekday,48,313,26/11/2018,20181126,11,71,November,Nov,4,2018,201811,5,2,2019,Not Month End,28/11/2017
20181129,29/11/2018,4,29,2159,Thursday,Thu,Weekday,48,313,26/11/2018,20181126,11,71,November,Nov,4,2018,201811,5,2,2019,Not Month End,29/11/2017
20181130,30/11/2018,5,30,2160,Friday,Fri,Weekday,48,313,26/11/2018,20181126,11,71,November,Nov,4,2018,201811,5,2,2019,Month End,30/11/2017
20181201,01/12/2018,6,1,2161,Saturday,Sat,Weekend,48,313,26/11/2018,20181126,12,72,December,Dec,4,2018,201812,6,2,2019,Not Month End,01/12/2017
20181202,02/12/2018,7,2,2162,Sunday,Sun,Weekend,48,313,26/11/2018,20181126,12,72,December,Dec,4,2018,201812,6,2,2019,Not Month End,02/12/2017
20181203,03/12/2018,1,3,2163,Monday,Mon,Weekday,49,314,03/12/2018,20181203,12,72,December,Dec,4,2018,201812,6,2,2019,Not Month End,03/12/2017
20181204,04/12/2018,2,4,2164,Tuesday,Tue,Weekday,49,314,03/12/2018,20181203,12,72,December,Dec,4,2018,201812,6,2,2019,Not Month End,04/12/2017
20181205,05/12/2018,3,5,2165,Wednesday,Wed,Weekday,49,314,03/12/2018,20181203,12,72,December,Dec,4,2018,201812,6,2,2019,Not Month End,05/12/2017
20181206,06/12/2018,4,6,2166,Thursday,Thu,Weekday,49,314,03/12/2018,20181203,12,72,December,Dec,4,2018,201812,6,2,2019,Not Month End,06/12/2017
20181207,07/12/2018,5,7,2167,Friday,Fri,Weekday,49,314,03/12/2018,20181203,12,72,December,Dec,4,2018,201812,6,2,2019,Not Month End,07/12/2017
20181208,08/12/2018,6,8,2168,Saturday,Sat,Weekend,49,314,03/12/2018,20181203,12,72,December,Dec,4,2018,201812,6,2,2019,Not Month End,08/12/2017
20181209,09/12/2018,7,9,2169,Sunday,Sun,Weekend,49,314,03/12/2018,20181203,12,72,December,Dec,4,2018,201812,6,2,2019,Not Month End,09/12/2017
20181210,10/12/2018,1,10,2170,Monday,Mon,Weekday,50,315,10/12/2018,20181210,12,72,December,Dec,4,2018,201812,6,2,2019,Not Month End,10/12/2017
20181211,11/12/2018,2,11,2171,Tuesday,Tue,Weekday,50,315,10/12/2018,20181210,12,72,December,Dec,4,2018,201812,6,2,2019,Not Month End,11/12/2017
20181212,12/12/2018,3,12,2172,Wednesday,Wed,Weekday,50,315,10/12/2018,20181210,12,72,December,Dec,4,2018,201812,6,2,2019,Not Month End,12/12/2017
20181213,13/12/2018,4,13,2173,Thursday,Thu,Weekday,50,315,10/12/2018,20181210,12,72,December,Dec,4,2018,201812,6,2,2019,Not Month End,13/12/2017
20181214,14/12/2018,5,14,2174,Friday,Fri,Weekday,50,315,10/12/2018,20181210,12,72,December,Dec,4,2018,201812,6,2,2019,Not Month End,14/12/2017
20181215,15/12/2018,6,15,2175,Saturday,Sat,Weekend,50,315,10/12/2018,20181210,12,72,December,Dec,4,2018,201812,6,2,2019,Not Month End,15/12/2017
20181216,16/12/2018,7,16,2176,Sunday,Sun,Weekend,50,315,10/12/2018,20181210,12,72,December,Dec,4,2018,201812,6,2,2019,Not Month End,16/12/2017
20181217,17/12/2018,1,17,2177,Monday,Mon,Weekday,51,316,17/12/2018,20181217,12,72,December,Dec,4,2018,201812,6,2,2019,Not Month End,17/12/2017
20181218,18/12/2018,2,18,2178,Tuesday,Tue,Weekday,51,316,17/12/2018,20181217,12,72,December,Dec,4,2018,201812,6,2,2019,Not Month End,18/12/2017
20181219,19/12/2018,3,19,2179,Wednesday,Wed,Weekday,51,316,17/12/2018,20181217,12,72,December,Dec,4,2018,201812,6,2,2019,Not Month End,19/12/2017
20181220,20/12/2018,4,20,2180,Thursday,Thu,Weekday,51,316,17/12/2018,20181217,12,72,December,Dec,4,2018,201812,6,2,2019,Not Month End,20/12/2017
20181221,21/12/2018,5,21,2181,Friday,Fri,Weekday,51,316,17/12/2018,20181217,12,72,December,Dec,4,2018,201812,6,2,2019,Not Month End,21/12/2017
20181222,22/12/2018,6,22,2182,Saturday,Sat,Weekend,51,316,17/12/2018,20181217,12,72,December,Dec,4,2018,201812,6,2,2019,Not Month End,22/12/2017
20181223,23/12/2018,7,23,2183,Sunday,Sun,Weekend,51,316,17/12/2018,20181217,12,72,December,Dec,4,2018,201812,6,2,2019,Not Month End,23/12/2017
20181224,24/12/2018,1,24,2184,Monday,Mon,Weekday,52,317,24/12/2018,20181224,12,72,December,Dec,4,2018,201812,6,2,2019,Not Month End,24/12/2017
20181225,25/12/2018,2,25,2185,Tuesday,Tue,Weekday,52,317,24/12/2018,20181224,12,72,December,Dec,4,2018,201812,6,2,2019,Not Month End,25/12/2017
20181226,26/12/2018,3,26,2186,Wednesday,Wed,Weekday,52,317,24/12/2018,20181224,12,72,December,Dec,4,2018,201812,6,2,2019,Not Month End,26/12/2017
20181227,27/12/2018,4,27,2187,Thursday,Thu,Weekday,52,317,24/12/2018,20181224,12,72,December,Dec,4,2018,201812,6,2,2019,Not Month End,27/12/2017
20181228,28/12/2018,5,28,2188,Friday,Fri,Weekday,52,317,24/12/2018,20181224,12,72,December,Dec,4,2018,201812,6,2,2019,Not Month End,28/12/2017
20181229,29/12/2018,6,29,2189,Saturday,Sat,Weekend,52,317,24/12/2018,20181224,12,72,December,Dec,4,2018,201812,6,2,2019,Not Month End,29/12/2017
20181230,30/12/2018,7,30,2190,Sunday,Sun,Weekend,52,317,24/12/2018,20181224,12,72,December,Dec,4,2018,201812,6,2,2019,Not Month End,30/12/2017
20181231,31/12/2018,1,31,2191,Monday,Mon,Weekday,53,318,31/12/2018,20181231,12,72,December,Dec,4,2018,201812,6,2,2019,Month End,31/12/2017
